################################################################## 
# Generated by FullSWOF_2D version 1.10.00, 2023-04-06
################################################################## 
# (i-0.5)*dx 	(j-0.5)*dy	 h[i][j] 	 u[i][j] 	  v[i][j]	 h[i][j]+z[i][j] 	 z[i][j] 	 norm_U[i][j] 	Fr[i][j] (Froude)	 qx[i][j]	 qy[i][j]	  q[i][j]
# 
# time : 0 seconds 
0.1	      0.1	      0.0	      0.0	      0.0	      0.2	      0.2	      0.0	      NaN	      0.0	      0.0	      0.0
0.1	      0.3	      0.0	      0.0	      0.0	 0.145085	 0.145085	      0.0	      NaN	      0.0	      0.0	      0.0
0.1	      0.5	      0.0	      0.0	      0.0	 0.080583	 0.080583	      0.0	      NaN	      0.0	      0.0	      0.0
0.1	      0.7	      0.0	      0.0	      0.0	 0.007206	 0.007206	      0.0	      NaN	      0.0	      0.0	      0.0
0.1	      0.9	      0.0	      0.0	      0.0	-0.073896	-0.073896	      0.0	      NaN	      0.0	      0.0	      0.0
0.1	      1.1	      0.0	      0.0	      0.0	-0.161197	-0.161197	      0.0	      NaN	      0.0	      0.0	      0.0
0.1	      1.3	      0.0	      0.0	      0.0	-0.252861	-0.252861	      0.0	      NaN	      0.0	      0.0	      0.0
0.1	      1.5	      0.0	      0.0	      0.0	-0.346843	-0.346843	      0.0	      NaN	      0.0	      0.0	      0.0
0.1	      1.7	      0.0	      0.0	      0.0	-0.440979	-0.440979	      0.0	      NaN	      0.0	      0.0	      0.0
0.1	      1.9	      0.0	      0.0	      0.0	-0.533102	-0.533102	      0.0	      NaN	      0.0	      0.0	      0.0
0.1	      2.1	      0.0	      0.0	      0.0	 -0.62114	 -0.62114	      0.0	      NaN	      0.0	      0.0	      0.0
0.1	      2.3	      0.0	      0.0	      0.0	-0.703225	-0.703225	      0.0	      NaN	      0.0	      0.0	      0.0
0.1	      2.5	      0.0	      0.0	      0.0	 -0.77778	 -0.77778	      0.0	      NaN	      0.0	      0.0	      0.0
0.1	      2.7	      0.0	      0.0	      0.0	-0.843597	-0.843597	      0.0	      NaN	      0.0	      0.0	      0.0
0.1	      2.9	      0.0	      0.0	      0.0	  -0.8999	  -0.8999	      0.0	      NaN	      0.0	      0.0	      0.0
0.1	      3.1	      0.0	      0.0	      0.0	-0.946379	-0.946379	      0.0	      NaN	      0.0	      0.0	      0.0
0.1	      3.3	      0.0	      0.0	      0.0	-0.983207	-0.983207	      0.0	      NaN	      0.0	      0.0	      0.0
0.1	      3.5	      0.0	      0.0	      0.0	 -1.01103	 -1.01103	      0.0	      NaN	      0.0	      0.0	      0.0
0.1	      3.7	      0.0	      0.0	      0.0	 -1.03094	 -1.03094	      0.0	      NaN	      0.0	      0.0	      0.0
0.1	      3.9	      0.0	      0.0	      0.0	 -1.04442	 -1.04442	      0.0	      NaN	      0.0	      0.0	      0.0
0.1	      4.1	      0.0	      0.0	      0.0	 -1.05325	 -1.05325	      0.0	      NaN	      0.0	      0.0	      0.0
0.1	      4.3	      0.0	      0.0	      0.0	 -1.05947	 -1.05947	      0.0	      NaN	      0.0	      0.0	      0.0
0.1	      4.5	      0.0	      0.0	      0.0	 -1.06522	 -1.06522	      0.0	      NaN	      0.0	      0.0	      0.0
0.1	      4.7	      0.0	      0.0	      0.0	 -1.07268	 -1.07268	      0.0	      NaN	      0.0	      0.0	      0.0
0.1	      4.9	      0.0	      0.0	      0.0	 -1.08394	 -1.08394	      0.0	      NaN	      0.0	      0.0	      0.0
0.1	      5.1	      0.0	      0.0	      0.0	 -1.10091	 -1.10091	      0.0	      NaN	      0.0	      0.0	      0.0
0.1	      5.3	      0.0	      0.0	      0.0	  -1.1252	  -1.1252	      0.0	      NaN	      0.0	      0.0	      0.0
0.1	      5.5	      0.0	      0.0	      0.0	 -1.15808	 -1.15808	      0.0	      NaN	      0.0	      0.0	      0.0
0.1	      5.7	      0.0	      0.0	      0.0	  -1.2004	  -1.2004	      0.0	      NaN	      0.0	      0.0	      0.0
0.1	      5.9	      0.0	      0.0	      0.0	 -1.25252	 -1.25252	      0.0	      NaN	      0.0	      0.0	      0.0
0.1	      6.1	      0.0	      0.0	      0.0	 -1.31435	 -1.31435	      0.0	      NaN	      0.0	      0.0	      0.0
0.1	      6.3	      0.0	      0.0	      0.0	 -1.38531	 -1.38531	      0.0	      NaN	      0.0	      0.0	      0.0
0.1	      6.5	      0.0	      0.0	      0.0	 -1.46435	 -1.46435	      0.0	      NaN	      0.0	      0.0	      0.0
0.1	      6.7	      0.0	      0.0	      0.0	 -1.55007	 -1.55007	      0.0	      NaN	      0.0	      0.0	      0.0
0.1	      6.9	      0.0	      0.0	      0.0	 -1.64069	 -1.64069	      0.0	      NaN	      0.0	      0.0	      0.0
0.1	      7.1	      0.0	      0.0	      0.0	 -1.73423	 -1.73423	      0.0	      NaN	      0.0	      0.0	      0.0
0.1	      7.3	      0.0	      0.0	      0.0	 -1.82854	 -1.82854	      0.0	      NaN	      0.0	      0.0	      0.0
0.1	      7.5	      0.0	      0.0	      0.0	 -1.92146	 -1.92146	      0.0	      NaN	      0.0	      0.0	      0.0
0.1	      7.7	      0.0	      0.0	      0.0	 -2.01086	 -2.01086	      0.0	      NaN	      0.0	      0.0	      0.0
0.1	      7.9	      0.0	      0.0	      0.0	 -2.09481	 -2.09481	      0.0	      NaN	      0.0	      0.0	      0.0
0.1	      8.1	      0.0	      0.0	      0.0	 -2.17164	 -2.17164	      0.0	      NaN	      0.0	      0.0	      0.0
0.1	      8.3	      0.0	      0.0	      0.0	 -2.24004	 -2.24004	      0.0	      NaN	      0.0	      0.0	      0.0
0.1	      8.5	      0.0	      0.0	      0.0	  -2.2991	  -2.2991	      0.0	      NaN	      0.0	      0.0	      0.0
0.1	      8.7	      0.0	      0.0	      0.0	 -2.34838	 -2.34838	      0.0	      NaN	      0.0	      0.0	      0.0
0.1	      8.9	      0.0	      0.0	      0.0	  -2.3879	  -2.3879	      0.0	      NaN	      0.0	      0.0	      0.0
0.1	      9.1	      0.0	      0.0	      0.0	 -2.41819	 -2.41819	      0.0	      NaN	      0.0	      0.0	      0.0
0.1	      9.3	      0.0	      0.0	      0.0	 -2.44022	 -2.44022	      0.0	      NaN	      0.0	      0.0	      0.0
0.1	      9.5	      0.0	      0.0	      0.0	 -2.45535	 -2.45535	      0.0	      NaN	      0.0	      0.0	      0.0
0.1	      9.7	      0.0	      0.0	      0.0	 -2.46531	 -2.46531	      0.0	      NaN	      0.0	      0.0	      0.0
0.1	      9.9	      0.0	      0.0	      0.0	 -2.47206	 -2.47206	      0.0	      NaN	      0.0	      0.0	      0.0
0.1	     10.1	      0.0	      0.0	      0.0	 -2.47772	 -2.47772	      0.0	      NaN	      0.0	      0.0	      0.0
0.1	     10.3	      0.0	      0.0	      0.0	 -2.48448	 -2.48448	      0.0	      NaN	      0.0	      0.0	      0.0
0.1	     10.5	      0.0	      0.0	      0.0	 -2.49445	 -2.49445	      0.0	      NaN	      0.0	      0.0	      0.0
0.1	     10.7	      0.0	      0.0	      0.0	 -2.50962	 -2.50962	      0.0	      NaN	      0.0	      0.0	      0.0
0.1	     10.9	      0.0	      0.0	      0.0	 -2.53168	 -2.53168	      0.0	      NaN	      0.0	      0.0	      0.0
0.1	     11.1	      0.0	      0.0	      0.0	 -2.56202	 -2.56202	      0.0	      NaN	      0.0	      0.0	      0.0
0.1	     11.3	      0.0	      0.0	      0.0	 -2.60159	 -2.60159	      0.0	      NaN	      0.0	      0.0	      0.0
0.1	     11.5	      0.0	      0.0	      0.0	 -2.65092	 -2.65092	      0.0	      NaN	      0.0	      0.0	      0.0
0.1	     11.7	      0.0	      0.0	      0.0	 -2.71003	 -2.71003	      0.0	      NaN	      0.0	      0.0	      0.0
0.1	     11.9	      0.0	      0.0	      0.0	 -2.77847	 -2.77847	      0.0	      NaN	      0.0	      0.0	      0.0
0.1	     12.1	      0.0	      0.0	      0.0	 -2.85535	 -2.85535	      0.0	      NaN	      0.0	      0.0	      0.0
0.1	     12.3	      0.0	      0.0	      0.0	 -2.93933	 -2.93933	      0.0	      NaN	      0.0	      0.0	      0.0
0.1	     12.5	      0.0	      0.0	      0.0	 -3.02875	 -3.02875	      0.0	      NaN	      0.0	      0.0	      0.0
0.1	     12.7	      0.0	      0.0	      0.0	 -3.12168	 -3.12168	      0.0	      NaN	      0.0	      0.0	      0.0

0.3	      0.1	      0.0	      0.0	      0.0	 0.195085	 0.195085	      0.0	      NaN	      0.0	      0.0	      0.0
0.3	      0.3	      0.0	      0.0	      0.0	 0.130583	 0.130583	      0.0	      NaN	      0.0	      0.0	      0.0
0.3	      0.5	      0.0	      0.0	      0.0	 0.057206	 0.057206	      0.0	      NaN	      0.0	      0.0	      0.0
0.3	      0.7	      0.0	      0.0	      0.0	-0.023896	-0.023896	      0.0	      NaN	      0.0	      0.0	      0.0
0.3	      0.9	      0.0	      0.0	      0.0	-0.111197	-0.111197	      0.0	      NaN	      0.0	      0.0	      0.0
0.3	      1.1	      0.0	      0.0	      0.0	-0.202861	-0.202861	      0.0	      NaN	      0.0	      0.0	      0.0
0.3	      1.3	      0.0	      0.0	      0.0	-0.296843	-0.296843	      0.0	      NaN	      0.0	      0.0	      0.0
0.3	      1.5	      0.0	      0.0	      0.0	-0.390979	-0.390979	      0.0	      NaN	      0.0	      0.0	      0.0
0.3	      1.7	      0.0	      0.0	      0.0	-0.483102	-0.483102	      0.0	      NaN	      0.0	      0.0	      0.0
0.3	      1.9	      0.0	      0.0	      0.0	 -0.57114	 -0.57114	      0.0	      NaN	      0.0	      0.0	      0.0
0.3	      2.1	      0.0	      0.0	      0.0	-0.653225	-0.653225	      0.0	      NaN	      0.0	      0.0	      0.0
0.3	      2.3	      0.0	      0.0	      0.0	 -0.72778	 -0.72778	      0.0	      NaN	      0.0	      0.0	      0.0
0.3	      2.5	      0.0	      0.0	      0.0	-0.793597	-0.793597	      0.0	      NaN	      0.0	      0.0	      0.0
0.3	      2.7	      0.0	      0.0	      0.0	  -0.8499	  -0.8499	      0.0	      NaN	      0.0	      0.0	      0.0
0.3	      2.9	      0.0	      0.0	      0.0	-0.896379	-0.896379	      0.0	      NaN	      0.0	      0.0	      0.0
0.3	      3.1	      0.0	      0.0	      0.0	-0.933207	-0.933207	      0.0	      NaN	      0.0	      0.0	      0.0
0.3	      3.3	      0.0	      0.0	      0.0	-0.961031	-0.961031	      0.0	      NaN	      0.0	      0.0	      0.0
0.3	      3.5	      0.0	      0.0	      0.0	-0.980941	-0.980941	      0.0	      NaN	      0.0	      0.0	      0.0
0.3	      3.7	      0.0	      0.0	      0.0	-0.994416	-0.994416	      0.0	      NaN	      0.0	      0.0	      0.0
0.3	      3.9	      0.0	      0.0	      0.0	 -1.00325	 -1.00325	      0.0	      NaN	      0.0	      0.0	      0.0
0.3	      4.1	      0.0	      0.0	      0.0	 -1.00947	 -1.00947	      0.0	      NaN	      0.0	      0.0	      0.0
0.3	      4.3	      0.0	      0.0	      0.0	 -1.01522	 -1.01522	      0.0	      NaN	      0.0	      0.0	      0.0
0.3	      4.5	      0.0	      0.0	      0.0	 -1.02268	 -1.02268	      0.0	      NaN	      0.0	      0.0	      0.0
0.3	      4.7	      0.0	      0.0	      0.0	 -1.03394	 -1.03394	      0.0	      NaN	      0.0	      0.0	      0.0
0.3	      4.9	      0.0	      0.0	      0.0	 -1.05091	 -1.05091	      0.0	      NaN	      0.0	      0.0	      0.0
0.3	      5.1	      0.0	      0.0	      0.0	  -1.0752	  -1.0752	      0.0	      NaN	      0.0	      0.0	      0.0
0.3	      5.3	      0.0	      0.0	      0.0	 -1.10808	 -1.10808	      0.0	      NaN	      0.0	      0.0	      0.0
0.3	      5.5	      0.0	      0.0	      0.0	  -1.1504	  -1.1504	      0.0	      NaN	      0.0	      0.0	      0.0
0.3	      5.7	      0.0	      0.0	      0.0	 -1.20252	 -1.20252	      0.0	      NaN	      0.0	      0.0	      0.0
0.3	      5.9	      0.0	      0.0	      0.0	 -1.26435	 -1.26435	      0.0	      NaN	      0.0	      0.0	      0.0
0.3	      6.1	      0.0	      0.0	      0.0	  -1.3353	  -1.3353	      0.0	      NaN	      0.0	      0.0	      0.0
0.3	      6.3	      0.0	      0.0	      0.0	 -1.41435	 -1.41435	      0.0	      NaN	      0.0	      0.0	      0.0
0.3	      6.5	      0.0	      0.0	      0.0	 -1.50006	 -1.50006	      0.0	      NaN	      0.0	      0.0	      0.0
0.3	      6.7	      0.0	      0.0	      0.0	 -1.59069	 -1.59069	      0.0	      NaN	      0.0	      0.0	      0.0
0.3	      6.9	      0.0	      0.0	      0.0	 -1.68423	 -1.68423	      0.0	      NaN	      0.0	      0.0	      0.0
0.3	      7.1	      0.0	      0.0	      0.0	 -1.77854	 -1.77854	      0.0	      NaN	      0.0	      0.0	      0.0
0.3	      7.3	      0.0	      0.0	      0.0	 -1.87146	 -1.87146	      0.0	      NaN	      0.0	      0.0	      0.0
0.3	      7.5	      0.0	      0.0	      0.0	 -1.96086	 -1.96086	      0.0	      NaN	      0.0	      0.0	      0.0
0.3	      7.7	      0.0	      0.0	      0.0	 -2.04481	 -2.04481	      0.0	      NaN	      0.0	      0.0	      0.0
0.3	      7.9	      0.0	      0.0	      0.0	 -2.12164	 -2.12164	      0.0	      NaN	      0.0	      0.0	      0.0
0.3	      8.1	      0.0	      0.0	      0.0	 -2.19004	 -2.19004	      0.0	      NaN	      0.0	      0.0	      0.0
0.3	      8.3	      0.0	      0.0	      0.0	  -2.2491	  -2.2491	      0.0	      NaN	      0.0	      0.0	      0.0
0.3	      8.5	      0.0	      0.0	      0.0	 -2.29838	 -2.29838	      0.0	      NaN	      0.0	      0.0	      0.0
0.3	      8.7	      0.0	      0.0	      0.0	  -2.3379	  -2.3379	      0.0	      NaN	      0.0	      0.0	      0.0
0.3	      8.9	      0.0	      0.0	      0.0	  -2.3682	  -2.3682	      0.0	      NaN	      0.0	      0.0	      0.0
0.3	      9.1	      0.0	      0.0	      0.0	 -2.39022	 -2.39022	      0.0	      NaN	      0.0	      0.0	      0.0
0.3	      9.3	      0.0	      0.0	      0.0	 -2.40535	 -2.40535	      0.0	      NaN	      0.0	      0.0	      0.0
0.3	      9.5	      0.0	      0.0	      0.0	 -2.41531	 -2.41531	      0.0	      NaN	      0.0	      0.0	      0.0
0.3	      9.7	      0.0	      0.0	      0.0	 -2.42206	 -2.42206	      0.0	      NaN	      0.0	      0.0	      0.0
0.3	      9.9	      0.0	      0.0	      0.0	 -2.42772	 -2.42772	      0.0	      NaN	      0.0	      0.0	      0.0
0.3	     10.1	      0.0	      0.0	      0.0	 -2.43448	 -2.43448	      0.0	      NaN	      0.0	      0.0	      0.0
0.3	     10.3	      0.0	      0.0	      0.0	 -2.44446	 -2.44446	      0.0	      NaN	      0.0	      0.0	      0.0
0.3	     10.5	      0.0	      0.0	      0.0	 -2.45962	 -2.45962	      0.0	      NaN	      0.0	      0.0	      0.0
0.3	     10.7	      0.0	      0.0	      0.0	 -2.48168	 -2.48168	      0.0	      NaN	      0.0	      0.0	      0.0
0.3	     10.9	      0.0	      0.0	      0.0	 -2.51202	 -2.51202	      0.0	      NaN	      0.0	      0.0	      0.0
0.3	     11.1	      0.0	      0.0	      0.0	 -2.55159	 -2.55159	      0.0	      NaN	      0.0	      0.0	      0.0
0.3	     11.3	      0.0	      0.0	      0.0	 -2.60092	 -2.60092	      0.0	      NaN	      0.0	      0.0	      0.0
0.3	     11.5	      0.0	      0.0	      0.0	 -2.66003	 -2.66003	      0.0	      NaN	      0.0	      0.0	      0.0
0.3	     11.7	      0.0	      0.0	      0.0	 -2.72847	 -2.72847	      0.0	      NaN	      0.0	      0.0	      0.0
0.3	     11.9	      0.0	      0.0	      0.0	 -2.80535	 -2.80535	      0.0	      NaN	      0.0	      0.0	      0.0
0.3	     12.1	      0.0	      0.0	      0.0	 -2.88933	 -2.88933	      0.0	      NaN	      0.0	      0.0	      0.0
0.3	     12.3	      0.0	      0.0	      0.0	 -2.97875	 -2.97875	      0.0	      NaN	      0.0	      0.0	      0.0
0.3	     12.5	      0.0	      0.0	      0.0	 -3.07168	 -3.07168	      0.0	      NaN	      0.0	      0.0	      0.0
0.3	     12.7	      0.0	      0.0	      0.0	   -3.166	   -3.166	      0.0	      NaN	      0.0	      0.0	      0.0

0.5	      0.1	      0.0	      0.0	      0.0	 0.180583	 0.180583	      0.0	      NaN	      0.0	      0.0	      0.0
0.5	      0.3	      0.0	      0.0	      0.0	 0.107206	 0.107206	      0.0	      NaN	      0.0	      0.0	      0.0
0.5	      0.5	      0.0	      0.0	      0.0	 0.026104	 0.026104	      0.0	      NaN	      0.0	      0.0	      0.0
0.5	      0.7	      0.0	      0.0	      0.0	-0.061197	-0.061197	      0.0	      NaN	      0.0	      0.0	      0.0
0.5	      0.9	      0.0	      0.0	      0.0	-0.152861	-0.152861	      0.0	      NaN	      0.0	      0.0	      0.0
0.5	      1.1	      0.0	      0.0	      0.0	-0.246843	-0.246843	      0.0	      NaN	      0.0	      0.0	      0.0
0.5	      1.3	      0.0	      0.0	      0.0	-0.340979	-0.340979	      0.0	      NaN	      0.0	      0.0	      0.0
0.5	      1.5	      0.0	      0.0	      0.0	-0.433102	-0.433102	      0.0	      NaN	      0.0	      0.0	      0.0
0.5	      1.7	      0.0	      0.0	      0.0	 -0.52114	 -0.52114	      0.0	      NaN	      0.0	      0.0	      0.0
0.5	      1.9	      0.0	      0.0	      0.0	-0.603225	-0.603225	      0.0	      NaN	      0.0	      0.0	      0.0
0.5	      2.1	      0.0	      0.0	      0.0	 -0.67778	 -0.67778	      0.0	      NaN	      0.0	      0.0	      0.0
0.5	      2.3	      0.0	      0.0	      0.0	-0.743597	-0.743597	      0.0	      NaN	      0.0	      0.0	      0.0
0.5	      2.5	      0.0	      0.0	      0.0	  -0.7999	  -0.7999	      0.0	      NaN	      0.0	      0.0	      0.0
0.5	      2.7	      0.0	      0.0	      0.0	-0.846379	-0.846379	      0.0	      NaN	      0.0	      0.0	      0.0
0.5	      2.9	      0.0	      0.0	      0.0	-0.883207	-0.883207	      0.0	      NaN	      0.0	      0.0	      0.0
0.5	      3.1	      0.0	      0.0	      0.0	-0.911031	-0.911031	      0.0	      NaN	      0.0	      0.0	      0.0
0.5	      3.3	      0.0	      0.0	      0.0	-0.930941	-0.930941	      0.0	      NaN	      0.0	      0.0	      0.0
0.5	      3.5	      0.0	      0.0	      0.0	-0.944416	-0.944416	      0.0	      NaN	      0.0	      0.0	      0.0
0.5	      3.7	      0.0	      0.0	      0.0	-0.953251	-0.953251	      0.0	      NaN	      0.0	      0.0	      0.0
0.5	      3.9	      0.0	      0.0	      0.0	-0.959469	-0.959469	      0.0	      NaN	      0.0	      0.0	      0.0
0.5	      4.1	      0.0	      0.0	      0.0	-0.965221	-0.965221	      0.0	      NaN	      0.0	      0.0	      0.0
0.5	      4.3	      0.0	      0.0	      0.0	-0.972683	-0.972683	      0.0	      NaN	      0.0	      0.0	      0.0
0.5	      4.5	      0.0	      0.0	      0.0	-0.983944	-0.983944	      0.0	      NaN	      0.0	      0.0	      0.0
0.5	      4.7	      0.0	      0.0	      0.0	 -1.00091	 -1.00091	      0.0	      NaN	      0.0	      0.0	      0.0
0.5	      4.9	      0.0	      0.0	      0.0	  -1.0252	  -1.0252	      0.0	      NaN	      0.0	      0.0	      0.0
0.5	      5.1	      0.0	      0.0	      0.0	 -1.05808	 -1.05808	      0.0	      NaN	      0.0	      0.0	      0.0
0.5	      5.3	      0.0	      0.0	      0.0	  -1.1004	  -1.1004	      0.0	      NaN	      0.0	      0.0	      0.0
0.5	      5.5	      0.0	      0.0	      0.0	 -1.15252	 -1.15252	      0.0	      NaN	      0.0	      0.0	      0.0
0.5	      5.7	      0.0	      0.0	      0.0	 -1.21435	 -1.21435	      0.0	      NaN	      0.0	      0.0	      0.0
0.5	      5.9	      0.0	      0.0	      0.0	  -1.2853	  -1.2853	      0.0	      NaN	      0.0	      0.0	      0.0
0.5	      6.1	      0.0	      0.0	      0.0	 -1.36435	 -1.36435	      0.0	      NaN	      0.0	      0.0	      0.0
0.5	      6.3	      0.0	      0.0	      0.0	 -1.45006	 -1.45006	      0.0	      NaN	      0.0	      0.0	      0.0
0.5	      6.5	      0.0	      0.0	      0.0	 -1.54069	 -1.54069	      0.0	      NaN	      0.0	      0.0	      0.0
0.5	      6.7	      0.0	      0.0	      0.0	 -1.63423	 -1.63423	      0.0	      NaN	      0.0	      0.0	      0.0
0.5	      6.9	      0.0	      0.0	      0.0	 -1.72854	 -1.72854	      0.0	      NaN	      0.0	      0.0	      0.0
0.5	      7.1	      0.0	      0.0	      0.0	 -1.82146	 -1.82146	      0.0	      NaN	      0.0	      0.0	      0.0
0.5	      7.3	      0.0	      0.0	      0.0	 -1.91086	 -1.91086	      0.0	      NaN	      0.0	      0.0	      0.0
0.5	      7.5	      0.0	      0.0	      0.0	 -1.99481	 -1.99481	      0.0	      NaN	      0.0	      0.0	      0.0
0.5	      7.7	      0.0	      0.0	      0.0	 -2.07164	 -2.07164	      0.0	      NaN	      0.0	      0.0	      0.0
0.5	      7.9	      0.0	      0.0	      0.0	 -2.14004	 -2.14004	      0.0	      NaN	      0.0	      0.0	      0.0
0.5	      8.1	      0.0	      0.0	      0.0	  -2.1991	  -2.1991	      0.0	      NaN	      0.0	      0.0	      0.0
0.5	      8.3	      0.0	      0.0	      0.0	 -2.24838	 -2.24838	      0.0	      NaN	      0.0	      0.0	      0.0
0.5	      8.5	      0.0	      0.0	      0.0	  -2.2879	  -2.2879	      0.0	      NaN	      0.0	      0.0	      0.0
0.5	      8.7	      0.0	      0.0	      0.0	  -2.3182	  -2.3182	      0.0	      NaN	      0.0	      0.0	      0.0
0.5	      8.9	      0.0	      0.0	      0.0	 -2.34022	 -2.34022	      0.0	      NaN	      0.0	      0.0	      0.0
0.5	      9.1	      0.0	      0.0	      0.0	 -2.35535	 -2.35535	      0.0	      NaN	      0.0	      0.0	      0.0
0.5	      9.3	      0.0	      0.0	      0.0	 -2.36531	 -2.36531	      0.0	      NaN	      0.0	      0.0	      0.0
0.5	      9.5	      0.0	      0.0	      0.0	 -2.37206	 -2.37206	      0.0	      NaN	      0.0	      0.0	      0.0
0.5	      9.7	      0.0	      0.0	      0.0	 -2.37772	 -2.37772	      0.0	      NaN	      0.0	      0.0	      0.0
0.5	      9.9	      0.0	      0.0	      0.0	 -2.38448	 -2.38448	      0.0	      NaN	      0.0	      0.0	      0.0
0.5	     10.1	      0.0	      0.0	      0.0	 -2.39445	 -2.39445	      0.0	      NaN	      0.0	      0.0	      0.0
0.5	     10.3	      0.0	      0.0	      0.0	 -2.40962	 -2.40962	      0.0	      NaN	      0.0	      0.0	      0.0
0.5	     10.5	      0.0	      0.0	      0.0	 -2.43168	 -2.43168	      0.0	      NaN	      0.0	      0.0	      0.0
0.5	     10.7	      0.0	      0.0	      0.0	 -2.46202	 -2.46202	      0.0	      NaN	      0.0	      0.0	      0.0
0.5	     10.9	      0.0	      0.0	      0.0	 -2.50159	 -2.50159	      0.0	      NaN	      0.0	      0.0	      0.0
0.5	     11.1	      0.0	      0.0	      0.0	 -2.55092	 -2.55092	      0.0	      NaN	      0.0	      0.0	      0.0
0.5	     11.3	      0.0	      0.0	      0.0	 -2.61003	 -2.61003	      0.0	      NaN	      0.0	      0.0	      0.0
0.5	     11.5	      0.0	      0.0	      0.0	 -2.67847	 -2.67847	      0.0	      NaN	      0.0	      0.0	      0.0
0.5	     11.7	      0.0	      0.0	      0.0	 -2.75535	 -2.75535	      0.0	      NaN	      0.0	      0.0	      0.0
0.5	     11.9	      0.0	      0.0	      0.0	 -2.83933	 -2.83933	      0.0	      NaN	      0.0	      0.0	      0.0
0.5	     12.1	      0.0	      0.0	      0.0	 -2.92875	 -2.92875	      0.0	      NaN	      0.0	      0.0	      0.0
0.5	     12.3	      0.0	      0.0	      0.0	 -3.02168	 -3.02168	      0.0	      NaN	      0.0	      0.0	      0.0
0.5	     12.5	      0.0	      0.0	      0.0	 -3.11599	 -3.11599	      0.0	      NaN	      0.0	      0.0	      0.0
0.5	     12.7	      0.0	      0.0	      0.0	 -3.20953	 -3.20953	      0.0	      NaN	      0.0	      0.0	      0.0

0.7	      0.1	      0.0	      0.0	      0.0	 0.157206	 0.157206	      0.0	      NaN	      0.0	      0.0	      0.0
0.7	      0.3	      0.0	      0.0	      0.0	 0.076104	 0.076104	      0.0	      NaN	      0.0	      0.0	      0.0
0.7	      0.5	      0.0	      0.0	      0.0	-0.011197	-0.011197	      0.0	      NaN	      0.0	      0.0	      0.0
0.7	      0.7	      0.0	      0.0	      0.0	-0.102861	-0.102861	      0.0	      NaN	      0.0	      0.0	      0.0
0.7	      0.9	      0.0	      0.0	      0.0	-0.196843	-0.196843	      0.0	      NaN	      0.0	      0.0	      0.0
0.7	      1.1	      0.0	      0.0	      0.0	-0.290979	-0.290979	      0.0	      NaN	      0.0	      0.0	      0.0
0.7	      1.3	      0.0	      0.0	      0.0	-0.383102	-0.383102	      0.0	      NaN	      0.0	      0.0	      0.0
0.7	      1.5	      0.0	      0.0	      0.0	 -0.47114	 -0.47114	      0.0	      NaN	      0.0	      0.0	      0.0
0.7	      1.7	      0.0	      0.0	      0.0	-0.553225	-0.553225	      0.0	      NaN	      0.0	      0.0	      0.0
0.7	      1.9	      0.0	      0.0	      0.0	 -0.62778	 -0.62778	      0.0	      NaN	      0.0	      0.0	      0.0
0.7	      2.1	      0.0	      0.0	      0.0	-0.693597	-0.693597	      0.0	      NaN	      0.0	      0.0	      0.0
0.7	      2.3	      0.0	      0.0	      0.0	  -0.7499	  -0.7499	      0.0	      NaN	      0.0	      0.0	      0.0
0.7	      2.5	      0.0	      0.0	      0.0	-0.796379	-0.796379	      0.0	      NaN	      0.0	      0.0	      0.0
0.7	      2.7	      0.0	      0.0	      0.0	-0.833207	-0.833207	      0.0	      NaN	      0.0	      0.0	      0.0
0.7	      2.9	      0.0	      0.0	      0.0	-0.861031	-0.861031	      0.0	      NaN	      0.0	      0.0	      0.0
0.7	      3.1	      0.0	      0.0	      0.0	-0.880941	-0.880941	      0.0	      NaN	      0.0	      0.0	      0.0
0.7	      3.3	      0.0	      0.0	      0.0	-0.894416	-0.894416	      0.0	      NaN	      0.0	      0.0	      0.0
0.7	      3.5	      0.0	      0.0	      0.0	-0.903251	-0.903251	      0.0	      NaN	      0.0	      0.0	      0.0
0.7	      3.7	      0.0	      0.0	      0.0	-0.909469	-0.909469	      0.0	      NaN	      0.0	      0.0	      0.0
0.7	      3.9	      0.0	      0.0	      0.0	-0.915221	-0.915221	      0.0	      NaN	      0.0	      0.0	      0.0
0.7	      4.1	      0.0	      0.0	      0.0	-0.922683	-0.922683	      0.0	      NaN	      0.0	      0.0	      0.0
0.7	      4.3	      0.0	      0.0	      0.0	-0.933944	-0.933944	      0.0	      NaN	      0.0	      0.0	      0.0
0.7	      4.5	      0.0	      0.0	      0.0	-0.950909	-0.950909	      0.0	      NaN	      0.0	      0.0	      0.0
0.7	      4.7	      0.0	      0.0	      0.0	-0.975201	-0.975201	      0.0	      NaN	      0.0	      0.0	      0.0
0.7	      4.9	      0.0	      0.0	      0.0	 -1.00808	 -1.00808	      0.0	      NaN	      0.0	      0.0	      0.0
0.7	      5.1	      0.0	      0.0	      0.0	  -1.0504	  -1.0504	      0.0	      NaN	      0.0	      0.0	      0.0
0.7	      5.3	      0.0	      0.0	      0.0	 -1.10252	 -1.10252	      0.0	      NaN	      0.0	      0.0	      0.0
0.7	      5.5	      0.0	      0.0	      0.0	 -1.16435	 -1.16435	      0.0	      NaN	      0.0	      0.0	      0.0
0.7	      5.7	      0.0	      0.0	      0.0	  -1.2353	  -1.2353	      0.0	      NaN	      0.0	      0.0	      0.0
0.7	      5.9	      0.0	      0.0	      0.0	 -1.31435	 -1.31435	      0.0	      NaN	      0.0	      0.0	      0.0
0.7	      6.1	      0.0	      0.0	      0.0	 -1.40006	 -1.40006	      0.0	      NaN	      0.0	      0.0	      0.0
0.7	      6.3	      0.0	      0.0	      0.0	 -1.49069	 -1.49069	      0.0	      NaN	      0.0	      0.0	      0.0
0.7	      6.5	      0.0	      0.0	      0.0	 -1.58423	 -1.58423	      0.0	      NaN	      0.0	      0.0	      0.0
0.7	      6.7	      0.0	      0.0	      0.0	 -1.67854	 -1.67854	      0.0	      NaN	      0.0	      0.0	      0.0
0.7	      6.9	      0.0	      0.0	      0.0	 -1.77146	 -1.77146	      0.0	      NaN	      0.0	      0.0	      0.0
0.7	      7.1	      0.0	      0.0	      0.0	 -1.86086	 -1.86086	      0.0	      NaN	      0.0	      0.0	      0.0
0.7	      7.3	      0.0	      0.0	      0.0	 -1.94481	 -1.94481	      0.0	      NaN	      0.0	      0.0	      0.0
0.7	      7.5	      0.0	      0.0	      0.0	 -2.02164	 -2.02164	      0.0	      NaN	      0.0	      0.0	      0.0
0.7	      7.7	      0.0	      0.0	      0.0	 -2.09004	 -2.09004	      0.0	      NaN	      0.0	      0.0	      0.0
0.7	      7.9	      0.0	      0.0	      0.0	  -2.1491	  -2.1491	      0.0	      NaN	      0.0	      0.0	      0.0
0.7	      8.1	      0.0	      0.0	      0.0	 -2.19838	 -2.19838	      0.0	      NaN	      0.0	      0.0	      0.0
0.7	      8.3	      0.0	      0.0	      0.0	  -2.2379	  -2.2379	      0.0	      NaN	      0.0	      0.0	      0.0
0.7	      8.5	      0.0	      0.0	      0.0	  -2.2682	  -2.2682	      0.0	      NaN	      0.0	      0.0	      0.0
0.7	      8.7	      0.0	      0.0	      0.0	 -2.29022	 -2.29022	      0.0	      NaN	      0.0	      0.0	      0.0
0.7	      8.9	      0.0	      0.0	      0.0	 -2.30536	 -2.30536	      0.0	      NaN	      0.0	      0.0	      0.0
0.7	      9.1	      0.0	      0.0	      0.0	 -2.31531	 -2.31531	      0.0	      NaN	      0.0	      0.0	      0.0
0.7	      9.3	      0.0	      0.0	      0.0	 -2.32206	 -2.32206	      0.0	      NaN	      0.0	      0.0	      0.0
0.7	      9.5	      0.0	      0.0	      0.0	 -2.32772	 -2.32772	      0.0	      NaN	      0.0	      0.0	      0.0
0.7	      9.7	      0.0	      0.0	      0.0	 -2.33448	 -2.33448	      0.0	      NaN	      0.0	      0.0	      0.0
0.7	      9.9	      0.0	      0.0	      0.0	 -2.34445	 -2.34445	      0.0	      NaN	      0.0	      0.0	      0.0
0.7	     10.1	      0.0	      0.0	      0.0	 -2.35962	 -2.35962	      0.0	      NaN	      0.0	      0.0	      0.0
0.7	     10.3	      0.0	      0.0	      0.0	 -2.38168	 -2.38168	      0.0	      NaN	      0.0	      0.0	      0.0
0.7	     10.5	      0.0	      0.0	      0.0	 -2.41202	 -2.41202	      0.0	      NaN	      0.0	      0.0	      0.0
0.7	     10.7	      0.0	      0.0	      0.0	 -2.45159	 -2.45159	      0.0	      NaN	      0.0	      0.0	      0.0
0.7	     10.9	      0.0	      0.0	      0.0	 -2.50092	 -2.50092	      0.0	      NaN	      0.0	      0.0	      0.0
0.7	     11.1	      0.0	      0.0	      0.0	 -2.56003	 -2.56003	      0.0	      NaN	      0.0	      0.0	      0.0
0.7	     11.3	      0.0	      0.0	      0.0	 -2.62847	 -2.62847	      0.0	      NaN	      0.0	      0.0	      0.0
0.7	     11.5	      0.0	      0.0	      0.0	 -2.70535	 -2.70535	      0.0	      NaN	      0.0	      0.0	      0.0
0.7	     11.7	      0.0	      0.0	      0.0	 -2.78933	 -2.78933	      0.0	      NaN	      0.0	      0.0	      0.0
0.7	     11.9	      0.0	      0.0	      0.0	 -2.87875	 -2.87875	      0.0	      NaN	      0.0	      0.0	      0.0
0.7	     12.1	      0.0	      0.0	      0.0	 -2.97168	 -2.97168	      0.0	      NaN	      0.0	      0.0	      0.0
0.7	     12.3	      0.0	      0.0	      0.0	   -3.066	   -3.066	      0.0	      NaN	      0.0	      0.0	      0.0
0.7	     12.5	      0.0	      0.0	      0.0	 -3.15952	 -3.15952	      0.0	      NaN	      0.0	      0.0	      0.0
0.7	     12.7	      0.0	      0.0	      0.0	 -3.25013	 -3.25013	      0.0	      NaN	      0.0	      0.0	      0.0

0.9	      0.1	      0.0	      0.0	      0.0	 0.126104	 0.126104	      0.0	      NaN	      0.0	      0.0	      0.0
0.9	      0.3	      0.0	      0.0	      0.0	 0.038803	 0.038803	      0.0	      NaN	      0.0	      0.0	      0.0
0.9	      0.5	      0.0	      0.0	      0.0	-0.052861	-0.052861	      0.0	      NaN	      0.0	      0.0	      0.0
0.9	      0.7	      0.0	      0.0	      0.0	-0.146843	-0.146843	      0.0	      NaN	      0.0	      0.0	      0.0
0.9	      0.9	      0.0	      0.0	      0.0	-0.240979	-0.240979	      0.0	      NaN	      0.0	      0.0	      0.0
0.9	      1.1	      0.0	      0.0	      0.0	-0.333102	-0.333102	      0.0	      NaN	      0.0	      0.0	      0.0
0.9	      1.3	      0.0	      0.0	      0.0	 -0.42114	 -0.42114	      0.0	      NaN	      0.0	      0.0	      0.0
0.9	      1.5	      0.0	      0.0	      0.0	-0.503225	-0.503225	      0.0	      NaN	      0.0	      0.0	      0.0
0.9	      1.7	      0.0	      0.0	      0.0	 -0.57778	 -0.57778	      0.0	      NaN	      0.0	      0.0	      0.0
0.9	      1.9	      0.0	      0.0	      0.0	-0.643597	-0.643597	      0.0	      NaN	      0.0	      0.0	      0.0
0.9	      2.1	      0.0	      0.0	      0.0	  -0.6999	  -0.6999	      0.0	      NaN	      0.0	      0.0	      0.0
0.9	      2.3	      0.0	      0.0	      0.0	-0.746379	-0.746379	      0.0	      NaN	      0.0	      0.0	      0.0
0.9	      2.5	      0.0	      0.0	      0.0	-0.783207	-0.783207	      0.0	      NaN	      0.0	      0.0	      0.0
0.9	      2.7	      0.0	      0.0	      0.0	-0.811031	-0.811031	      0.0	      NaN	      0.0	      0.0	      0.0
0.9	      2.9	      0.0	      0.0	      0.0	-0.830941	-0.830941	      0.0	      NaN	      0.0	      0.0	      0.0
0.9	      3.1	      0.0	      0.0	      0.0	-0.844416	-0.844416	      0.0	      NaN	      0.0	      0.0	      0.0
0.9	      3.3	      0.0	      0.0	      0.0	-0.853251	-0.853251	      0.0	      NaN	      0.0	      0.0	      0.0
0.9	      3.5	      0.0	      0.0	      0.0	-0.859469	-0.859469	      0.0	      NaN	      0.0	      0.0	      0.0
0.9	      3.7	      0.0	      0.0	      0.0	-0.865221	-0.865221	      0.0	      NaN	      0.0	      0.0	      0.0
0.9	      3.9	      0.0	      0.0	      0.0	-0.872683	-0.872683	      0.0	      NaN	      0.0	      0.0	      0.0
0.9	      4.1	      0.0	      0.0	      0.0	-0.883944	-0.883944	      0.0	      NaN	      0.0	      0.0	      0.0
0.9	      4.3	      0.0	      0.0	      0.0	-0.900909	-0.900909	      0.0	      NaN	      0.0	      0.0	      0.0
0.9	      4.5	      0.0	      0.0	      0.0	-0.925201	-0.925201	      0.0	      NaN	      0.0	      0.0	      0.0
0.9	      4.7	      0.0	      0.0	      0.0	-0.958084	-0.958084	      0.0	      NaN	      0.0	      0.0	      0.0
0.9	      4.9	      0.0	      0.0	      0.0	  -1.0004	  -1.0004	      0.0	      NaN	      0.0	      0.0	      0.0
0.9	      5.1	      0.0	      0.0	      0.0	 -1.05252	 -1.05252	      0.0	      NaN	      0.0	      0.0	      0.0
0.9	      5.3	      0.0	      0.0	      0.0	 -1.11435	 -1.11435	      0.0	      NaN	      0.0	      0.0	      0.0
0.9	      5.5	      0.0	      0.0	      0.0	 -1.18531	 -1.18531	      0.0	      NaN	      0.0	      0.0	      0.0
0.9	      5.7	      0.0	      0.0	      0.0	 -1.26435	 -1.26435	      0.0	      NaN	      0.0	      0.0	      0.0
0.9	      5.9	      0.0	      0.0	      0.0	 -1.35007	 -1.35007	      0.0	      NaN	      0.0	      0.0	      0.0
0.9	      6.1	      0.0	      0.0	      0.0	 -1.44069	 -1.44069	      0.0	      NaN	      0.0	      0.0	      0.0
0.9	      6.3	      0.0	      0.0	      0.0	 -1.53423	 -1.53423	      0.0	      NaN	      0.0	      0.0	      0.0
0.9	      6.5	      0.0	      0.0	      0.0	 -1.62854	 -1.62854	      0.0	      NaN	      0.0	      0.0	      0.0
0.9	      6.7	      0.0	      0.0	      0.0	 -1.72146	 -1.72146	      0.0	      NaN	      0.0	      0.0	      0.0
0.9	      6.9	      0.0	      0.0	      0.0	 -1.81086	 -1.81086	      0.0	      NaN	      0.0	      0.0	      0.0
0.9	      7.1	      0.0	      0.0	      0.0	 -1.89481	 -1.89481	      0.0	      NaN	      0.0	      0.0	      0.0
0.9	      7.3	      0.0	      0.0	      0.0	 -1.97164	 -1.97164	      0.0	      NaN	      0.0	      0.0	      0.0
0.9	      7.5	      0.0	      0.0	      0.0	 -2.04004	 -2.04004	      0.0	      NaN	      0.0	      0.0	      0.0
0.9	      7.7	      0.0	      0.0	      0.0	  -2.0991	  -2.0991	      0.0	      NaN	      0.0	      0.0	      0.0
0.9	      7.9	      0.0	      0.0	      0.0	 -2.14838	 -2.14838	      0.0	      NaN	      0.0	      0.0	      0.0
0.9	      8.1	      0.0	      0.0	      0.0	  -2.1879	  -2.1879	      0.0	      NaN	      0.0	      0.0	      0.0
0.9	      8.3	      0.0	      0.0	      0.0	  -2.2182	  -2.2182	      0.0	      NaN	      0.0	      0.0	      0.0
0.9	      8.5	      0.0	      0.0	      0.0	 -2.24022	 -2.24022	      0.0	      NaN	      0.0	      0.0	      0.0
0.9	      8.7	      0.0	      0.0	      0.0	 -2.25536	 -2.25536	      0.0	      NaN	      0.0	      0.0	      0.0
0.9	      8.9	      0.0	      0.0	      0.0	 -2.26531	 -2.26531	      0.0	      NaN	      0.0	      0.0	      0.0
0.9	      9.1	      0.0	      0.0	      0.0	 -2.27206	 -2.27206	      0.0	      NaN	      0.0	      0.0	      0.0
0.9	      9.3	      0.0	      0.0	      0.0	 -2.27772	 -2.27772	      0.0	      NaN	      0.0	      0.0	      0.0
0.9	      9.5	      0.0	      0.0	      0.0	 -2.28448	 -2.28448	      0.0	      NaN	      0.0	      0.0	      0.0
0.9	      9.7	      0.0	      0.0	      0.0	 -2.29446	 -2.29446	      0.0	      NaN	      0.0	      0.0	      0.0
0.9	      9.9	      0.0	      0.0	      0.0	 -2.30962	 -2.30962	      0.0	      NaN	      0.0	      0.0	      0.0
0.9	     10.1	      0.0	      0.0	      0.0	 -2.33168	 -2.33168	      0.0	      NaN	      0.0	      0.0	      0.0
0.9	     10.3	      0.0	      0.0	      0.0	 -2.36202	 -2.36202	      0.0	      NaN	      0.0	      0.0	      0.0
0.9	     10.5	      0.0	      0.0	      0.0	 -2.40159	 -2.40159	      0.0	      NaN	      0.0	      0.0	      0.0
0.9	     10.7	      0.0	      0.0	      0.0	 -2.45092	 -2.45092	      0.0	      NaN	      0.0	      0.0	      0.0
0.9	     10.9	      0.0	      0.0	      0.0	 -2.51003	 -2.51003	      0.0	      NaN	      0.0	      0.0	      0.0
0.9	     11.1	      0.0	      0.0	      0.0	 -2.57847	 -2.57847	      0.0	      NaN	      0.0	      0.0	      0.0
0.9	     11.3	      0.0	      0.0	      0.0	 -2.65535	 -2.65535	      0.0	      NaN	      0.0	      0.0	      0.0
0.9	     11.5	      0.0	      0.0	      0.0	 -2.73933	 -2.73933	      0.0	      NaN	      0.0	      0.0	      0.0
0.9	     11.7	      0.0	      0.0	      0.0	 -2.82875	 -2.82875	      0.0	      NaN	      0.0	      0.0	      0.0
0.9	     11.9	      0.0	      0.0	      0.0	 -2.92168	 -2.92168	      0.0	      NaN	      0.0	      0.0	      0.0
0.9	     12.1	      0.0	      0.0	      0.0	   -3.016	   -3.016	      0.0	      NaN	      0.0	      0.0	      0.0
0.9	     12.3	      0.0	      0.0	      0.0	 -3.10953	 -3.10953	      0.0	      NaN	      0.0	      0.0	      0.0
0.9	     12.5	      0.0	      0.0	      0.0	 -3.20013	 -3.20013	      0.0	      NaN	      0.0	      0.0	      0.0
0.9	     12.7	      0.0	      0.0	      0.0	 -3.28581	 -3.28581	      0.0	      NaN	      0.0	      0.0	      0.0

1.1	      0.1	      0.0	      0.0	      0.0	 0.088803	 0.088803	      0.0	      NaN	      0.0	      0.0	      0.0
1.1	      0.3	      0.0	      0.0	      0.0	-0.002861	-0.002861	      0.0	      NaN	      0.0	      0.0	      0.0
1.1	      0.5	      0.0	      0.0	      0.0	-0.096843	-0.096843	      0.0	      NaN	      0.0	      0.0	      0.0
1.1	      0.7	      0.0	      0.0	      0.0	-0.190979	-0.190979	      0.0	      NaN	      0.0	      0.0	      0.0
1.1	      0.9	      0.0	      0.0	      0.0	-0.283102	-0.283102	      0.0	      NaN	      0.0	      0.0	      0.0
1.1	      1.1	      0.0	      0.0	      0.0	 -0.37114	 -0.37114	      0.0	      NaN	      0.0	      0.0	      0.0
1.1	      1.3	      0.0	      0.0	      0.0	-0.453225	-0.453225	      0.0	      NaN	      0.0	      0.0	      0.0
1.1	      1.5	      0.0	      0.0	      0.0	 -0.52778	 -0.52778	      0.0	      NaN	      0.0	      0.0	      0.0
1.1	      1.7	      0.0	      0.0	      0.0	-0.593597	-0.593597	      0.0	      NaN	      0.0	      0.0	      0.0
1.1	      1.9	      0.0	      0.0	      0.0	  -0.6499	  -0.6499	      0.0	      NaN	      0.0	      0.0	      0.0
1.1	      2.1	      0.0	      0.0	      0.0	-0.696379	-0.696379	      0.0	      NaN	      0.0	      0.0	      0.0
1.1	      2.3	      0.0	      0.0	      0.0	-0.733207	-0.733207	      0.0	      NaN	      0.0	      0.0	      0.0
1.1	      2.5	      0.0	      0.0	      0.0	-0.761031	-0.761031	      0.0	      NaN	      0.0	      0.0	      0.0
1.1	      2.7	      0.0	      0.0	      0.0	-0.780941	-0.780941	      0.0	      NaN	      0.0	      0.0	      0.0
1.1	      2.9	      0.0	      0.0	      0.0	-0.794416	-0.794416	      0.0	      NaN	      0.0	      0.0	      0.0
1.1	      3.1	      0.0	      0.0	      0.0	-0.803251	-0.803251	      0.0	      NaN	      0.0	      0.0	      0.0
1.1	      3.3	      0.0	      0.0	      0.0	-0.809469	-0.809469	      0.0	      NaN	      0.0	      0.0	      0.0
1.1	      3.5	      0.0	      0.0	      0.0	-0.815221	-0.815221	      0.0	      NaN	      0.0	      0.0	      0.0
1.1	      3.7	      0.0	      0.0	      0.0	-0.822683	-0.822683	      0.0	      NaN	      0.0	      0.0	      0.0
1.1	      3.9	      0.0	      0.0	      0.0	-0.833944	-0.833944	      0.0	      NaN	      0.0	      0.0	      0.0
1.1	      4.1	      0.0	      0.0	      0.0	-0.850909	-0.850909	      0.0	      NaN	      0.0	      0.0	      0.0
1.1	      4.3	      0.0	      0.0	      0.0	-0.875201	-0.875201	      0.0	      NaN	      0.0	      0.0	      0.0
1.1	      4.5	      0.0	      0.0	      0.0	-0.908084	-0.908084	      0.0	      NaN	      0.0	      0.0	      0.0
1.1	      4.7	      0.0	      0.0	      0.0	-0.950399	-0.950399	      0.0	      NaN	      0.0	      0.0	      0.0
1.1	      4.9	      0.0	      0.0	      0.0	 -1.00252	 -1.00252	      0.0	      NaN	      0.0	      0.0	      0.0
1.1	      5.1	      0.0	      0.0	      0.0	 -1.06435	 -1.06435	      0.0	      NaN	      0.0	      0.0	      0.0
1.1	      5.3	      0.0	      0.0	      0.0	 -1.13531	 -1.13531	      0.0	      NaN	      0.0	      0.0	      0.0
1.1	      5.5	      0.0	      0.0	      0.0	 -1.21435	 -1.21435	      0.0	      NaN	      0.0	      0.0	      0.0
1.1	      5.7	      0.0	      0.0	      0.0	 -1.30007	 -1.30007	      0.0	      NaN	      0.0	      0.0	      0.0
1.1	      5.9	      0.0	      0.0	      0.0	 -1.39069	 -1.39069	      0.0	      NaN	      0.0	      0.0	      0.0
1.1	      6.1	      0.0	      0.0	      0.0	 -1.48423	 -1.48423	      0.0	      NaN	      0.0	      0.0	      0.0
1.1	      6.3	      0.0	      0.0	      0.0	 -1.57854	 -1.57854	      0.0	      NaN	      0.0	      0.0	      0.0
1.1	      6.5	      0.0	      0.0	      0.0	 -1.67146	 -1.67146	      0.0	      NaN	      0.0	      0.0	      0.0
1.1	      6.7	      0.0	      0.0	      0.0	 -1.76086	 -1.76086	      0.0	      NaN	      0.0	      0.0	      0.0
1.1	      6.9	      0.0	      0.0	      0.0	 -1.84481	 -1.84481	      0.0	      NaN	      0.0	      0.0	      0.0
1.1	      7.1	      0.0	      0.0	      0.0	 -1.92164	 -1.92164	      0.0	      NaN	      0.0	      0.0	      0.0
1.1	      7.3	      0.0	      0.0	      0.0	 -1.99004	 -1.99004	      0.0	      NaN	      0.0	      0.0	      0.0
1.1	      7.5	      0.0	      0.0	      0.0	  -2.0491	  -2.0491	      0.0	      NaN	      0.0	      0.0	      0.0
1.1	      7.7	      0.0	      0.0	      0.0	 -2.09838	 -2.09838	      0.0	      NaN	      0.0	      0.0	      0.0
1.1	      7.9	      0.0	      0.0	      0.0	  -2.1379	  -2.1379	      0.0	      NaN	      0.0	      0.0	      0.0
1.1	      8.1	      0.0	      0.0	      0.0	 -2.16819	 -2.16819	      0.0	      NaN	      0.0	      0.0	      0.0
1.1	      8.3	      0.0	      0.0	      0.0	 -2.19022	 -2.19022	      0.0	      NaN	      0.0	      0.0	      0.0
1.1	      8.5	      0.0	      0.0	      0.0	 -2.20535	 -2.20535	      0.0	      NaN	      0.0	      0.0	      0.0
1.1	      8.7	      0.0	      0.0	      0.0	 -2.21531	 -2.21531	      0.0	      NaN	      0.0	      0.0	      0.0
1.1	      8.9	      0.0	      0.0	      0.0	 -2.22206	 -2.22206	      0.0	      NaN	      0.0	      0.0	      0.0
1.1	      9.1	      0.0	      0.0	      0.0	 -2.22772	 -2.22772	      0.0	      NaN	      0.0	      0.0	      0.0
1.1	      9.3	      0.0	      0.0	      0.0	 -2.23448	 -2.23448	      0.0	      NaN	      0.0	      0.0	      0.0
1.1	      9.5	      0.0	      0.0	      0.0	 -2.24445	 -2.24445	      0.0	      NaN	      0.0	      0.0	      0.0
1.1	      9.7	      0.0	      0.0	      0.0	 -2.25962	 -2.25962	      0.0	      NaN	      0.0	      0.0	      0.0
1.1	      9.9	      0.0	      0.0	      0.0	 -2.28168	 -2.28168	      0.0	      NaN	      0.0	      0.0	      0.0
1.1	     10.1	      0.0	      0.0	      0.0	 -2.31202	 -2.31202	      0.0	      NaN	      0.0	      0.0	      0.0
1.1	     10.3	      0.0	      0.0	      0.0	 -2.35159	 -2.35159	      0.0	      NaN	      0.0	      0.0	      0.0
1.1	     10.5	      0.0	      0.0	      0.0	 -2.40092	 -2.40092	      0.0	      NaN	      0.0	      0.0	      0.0
1.1	     10.7	      0.0	      0.0	      0.0	 -2.46003	 -2.46003	      0.0	      NaN	      0.0	      0.0	      0.0
1.1	     10.9	      0.0	      0.0	      0.0	 -2.52847	 -2.52847	      0.0	      NaN	      0.0	      0.0	      0.0
1.1	     11.1	      0.0	      0.0	      0.0	 -2.60535	 -2.60535	      0.0	      NaN	      0.0	      0.0	      0.0
1.1	     11.3	      0.0	      0.0	      0.0	 -2.68933	 -2.68933	      0.0	      NaN	      0.0	      0.0	      0.0
1.1	     11.5	      0.0	      0.0	      0.0	 -2.77875	 -2.77875	      0.0	      NaN	      0.0	      0.0	      0.0
1.1	     11.7	      0.0	      0.0	      0.0	 -2.87168	 -2.87168	      0.0	      NaN	      0.0	      0.0	      0.0
1.1	     11.9	      0.0	      0.0	      0.0	 -2.96599	 -2.96599	      0.0	      NaN	      0.0	      0.0	      0.0
1.1	     12.1	      0.0	      0.0	      0.0	 -3.05952	 -3.05952	      0.0	      NaN	      0.0	      0.0	      0.0
1.1	     12.3	      0.0	      0.0	      0.0	 -3.15013	 -3.15013	      0.0	      NaN	      0.0	      0.0	      0.0
1.1	     12.5	      0.0	      0.0	      0.0	 -3.23581	 -3.23581	      0.0	      NaN	      0.0	      0.0	      0.0
1.1	     12.7	      0.0	      0.0	      0.0	 -3.31482	 -3.31482	      0.0	      NaN	      0.0	      0.0	      0.0

1.3	      0.1	      0.0	      0.0	      0.0	 0.047139	 0.047139	      0.0	      NaN	      0.0	      0.0	      0.0
1.3	      0.3	      0.0	      0.0	      0.0	-0.046843	-0.046843	      0.0	      NaN	      0.0	      0.0	      0.0
1.3	      0.5	      0.0	      0.0	      0.0	-0.140979	-0.140979	      0.0	      NaN	      0.0	      0.0	      0.0
1.3	      0.7	      0.0	      0.0	      0.0	-0.233102	-0.233102	      0.0	      NaN	      0.0	      0.0	      0.0
1.3	      0.9	      0.0	      0.0	      0.0	 -0.32114	 -0.32114	      0.0	      NaN	      0.0	      0.0	      0.0
1.3	      1.1	      0.0	      0.0	      0.0	-0.403225	-0.403225	      0.0	      NaN	      0.0	      0.0	      0.0
1.3	      1.3	      0.0	      0.0	      0.0	 -0.47778	 -0.47778	      0.0	      NaN	      0.0	      0.0	      0.0
1.3	      1.5	      0.0	      0.0	      0.0	-0.543597	-0.543597	      0.0	      NaN	      0.0	      0.0	      0.0
1.3	      1.7	      0.0	      0.0	      0.0	  -0.5999	  -0.5999	      0.0	      NaN	      0.0	      0.0	      0.0
1.3	      1.9	      0.0	      0.0	      0.0	-0.646379	-0.646379	      0.0	      NaN	      0.0	      0.0	      0.0
1.3	      2.1	      0.0	      0.0	      0.0	-0.683207	-0.683207	      0.0	      NaN	      0.0	      0.0	      0.0
1.3	      2.3	      0.0	      0.0	      0.0	-0.711031	-0.711031	      0.0	      NaN	      0.0	      0.0	      0.0
1.3	      2.5	      0.0	      0.0	      0.0	-0.730941	-0.730941	      0.0	      NaN	      0.0	      0.0	      0.0
1.3	      2.7	      0.0	      0.0	      0.0	-0.744416	-0.744416	      0.0	      NaN	      0.0	      0.0	      0.0
1.3	      2.9	      0.0	      0.0	      0.0	-0.753251	-0.753251	      0.0	      NaN	      0.0	      0.0	      0.0
1.3	      3.1	      0.0	      0.0	      0.0	-0.759469	-0.759469	      0.0	      NaN	      0.0	      0.0	      0.0
1.3	      3.3	      0.0	      0.0	      0.0	-0.765221	-0.765221	      0.0	      NaN	      0.0	      0.0	      0.0
1.3	      3.5	      0.0	      0.0	      0.0	-0.772683	-0.772683	      0.0	      NaN	      0.0	      0.0	      0.0
1.3	      3.7	      0.0	      0.0	      0.0	-0.783944	-0.783944	      0.0	      NaN	      0.0	      0.0	      0.0
1.3	      3.9	      0.0	      0.0	      0.0	-0.800909	-0.800909	      0.0	      NaN	      0.0	      0.0	      0.0
1.3	      4.1	      0.0	      0.0	      0.0	-0.825202	-0.825202	      0.0	      NaN	      0.0	      0.0	      0.0
1.3	      4.3	      0.0	      0.0	      0.0	-0.858084	-0.858084	      0.0	      NaN	      0.0	      0.0	      0.0
1.3	      4.5	      0.0	      0.0	      0.0	-0.900399	-0.900399	      0.0	      NaN	      0.0	      0.0	      0.0
1.3	      4.7	      0.0	      0.0	      0.0	-0.952523	-0.952523	      0.0	      NaN	      0.0	      0.0	      0.0
1.3	      4.9	      0.0	      0.0	      0.0	 -1.01435	 -1.01435	      0.0	      NaN	      0.0	      0.0	      0.0
1.3	      5.1	      0.0	      0.0	      0.0	  -1.0853	  -1.0853	      0.0	      NaN	      0.0	      0.0	      0.0
1.3	      5.3	      0.0	      0.0	      0.0	 -1.16435	 -1.16435	      0.0	      NaN	      0.0	      0.0	      0.0
1.3	      5.5	      0.0	      0.0	      0.0	 -1.25006	 -1.25006	      0.0	      NaN	      0.0	      0.0	      0.0
1.3	      5.7	      0.0	      0.0	      0.0	 -1.34069	 -1.34069	      0.0	      NaN	      0.0	      0.0	      0.0
1.3	      5.9	      0.0	      0.0	      0.0	 -1.43423	 -1.43423	      0.0	      NaN	      0.0	      0.0	      0.0
1.3	      6.1	      0.0	      0.0	      0.0	 -1.52854	 -1.52854	      0.0	      NaN	      0.0	      0.0	      0.0
1.3	      6.3	      0.0	      0.0	      0.0	 -1.62146	 -1.62146	      0.0	      NaN	      0.0	      0.0	      0.0
1.3	      6.5	      0.0	      0.0	      0.0	 -1.71086	 -1.71086	      0.0	      NaN	      0.0	      0.0	      0.0
1.3	      6.7	      0.0	      0.0	      0.0	 -1.79481	 -1.79481	      0.0	      NaN	      0.0	      0.0	      0.0
1.3	      6.9	      0.0	      0.0	      0.0	 -1.87164	 -1.87164	      0.0	      NaN	      0.0	      0.0	      0.0
1.3	      7.1	      0.0	      0.0	      0.0	 -1.94004	 -1.94004	      0.0	      NaN	      0.0	      0.0	      0.0
1.3	      7.3	      0.0	      0.0	      0.0	  -1.9991	  -1.9991	      0.0	      NaN	      0.0	      0.0	      0.0
1.3	      7.5	      0.0	      0.0	      0.0	 -2.04838	 -2.04838	      0.0	      NaN	      0.0	      0.0	      0.0
1.3	      7.7	      0.0	      0.0	      0.0	  -2.0879	  -2.0879	      0.0	      NaN	      0.0	      0.0	      0.0
1.3	      7.9	      0.0	      0.0	      0.0	  -2.1182	  -2.1182	      0.0	      NaN	      0.0	      0.0	      0.0
1.3	      8.1	      0.0	      0.0	      0.0	 -2.14022	 -2.14022	      0.0	      NaN	      0.0	      0.0	      0.0
1.3	      8.3	      0.0	      0.0	      0.0	 -2.15535	 -2.15535	      0.0	      NaN	      0.0	      0.0	      0.0
1.3	      8.5	      0.0	      0.0	      0.0	 -2.16531	 -2.16531	      0.0	      NaN	      0.0	      0.0	      0.0
1.3	      8.7	      0.0	      0.0	      0.0	 -2.17206	 -2.17206	      0.0	      NaN	      0.0	      0.0	      0.0
1.3	      8.9	      0.0	      0.0	      0.0	 -2.17772	 -2.17772	      0.0	      NaN	      0.0	      0.0	      0.0
1.3	      9.1	      0.0	      0.0	      0.0	 -2.18448	 -2.18448	      0.0	      NaN	      0.0	      0.0	      0.0
1.3	      9.3	      0.0	      0.0	      0.0	 -2.19446	 -2.19446	      0.0	      NaN	      0.0	      0.0	      0.0
1.3	      9.5	      0.0	      0.0	      0.0	 -2.20962	 -2.20962	      0.0	      NaN	      0.0	      0.0	      0.0
1.3	      9.7	      0.0	      0.0	      0.0	 -2.23168	 -2.23168	      0.0	      NaN	      0.0	      0.0	      0.0
1.3	      9.9	      0.0	      0.0	      0.0	 -2.26202	 -2.26202	      0.0	      NaN	      0.0	      0.0	      0.0
1.3	     10.1	      0.0	      0.0	      0.0	 -2.30159	 -2.30159	      0.0	      NaN	      0.0	      0.0	      0.0
1.3	     10.3	      0.0	      0.0	      0.0	 -2.35092	 -2.35092	      0.0	      NaN	      0.0	      0.0	      0.0
1.3	     10.5	      0.0	      0.0	      0.0	 -2.41003	 -2.41003	      0.0	      NaN	      0.0	      0.0	      0.0
1.3	     10.7	      0.0	      0.0	      0.0	 -2.47847	 -2.47847	      0.0	      NaN	      0.0	      0.0	      0.0
1.3	     10.9	      0.0	      0.0	      0.0	 -2.55535	 -2.55535	      0.0	      NaN	      0.0	      0.0	      0.0
1.3	     11.1	      0.0	      0.0	      0.0	 -2.63933	 -2.63933	      0.0	      NaN	      0.0	      0.0	      0.0
1.3	     11.3	      0.0	      0.0	      0.0	 -2.72875	 -2.72875	      0.0	      NaN	      0.0	      0.0	      0.0
1.3	     11.5	      0.0	      0.0	      0.0	 -2.82168	 -2.82168	      0.0	      NaN	      0.0	      0.0	      0.0
1.3	     11.7	      0.0	      0.0	      0.0	   -2.916	   -2.916	      0.0	      NaN	      0.0	      0.0	      0.0
1.3	     11.9	      0.0	      0.0	      0.0	 -3.00953	 -3.00953	      0.0	      NaN	      0.0	      0.0	      0.0
1.3	     12.1	      0.0	      0.0	      0.0	 -3.10013	 -3.10013	      0.0	      NaN	      0.0	      0.0	      0.0
1.3	     12.3	      0.0	      0.0	      0.0	 -3.18581	 -3.18581	      0.0	      NaN	      0.0	      0.0	      0.0
1.3	     12.5	      0.0	      0.0	      0.0	 -3.26482	 -3.26482	      0.0	      NaN	      0.0	      0.0	      0.0
1.3	     12.7	      0.0	      0.0	      0.0	 -3.33573	 -3.33573	      0.0	      NaN	      0.0	      0.0	      0.0

1.5	      0.1	      0.0	      0.0	      0.0	 0.003157	 0.003157	      0.0	      NaN	      0.0	      0.0	      0.0
1.5	      0.3	      0.0	      0.0	      0.0	-0.090979	-0.090979	      0.0	      NaN	      0.0	      0.0	      0.0
1.5	      0.5	      0.0	      0.0	      0.0	-0.183102	-0.183102	      0.0	      NaN	      0.0	      0.0	      0.0
1.5	      0.7	      0.0	      0.0	      0.0	 -0.27114	 -0.27114	      0.0	      NaN	      0.0	      0.0	      0.0
1.5	      0.9	      0.0	      0.0	      0.0	-0.353225	-0.353225	      0.0	      NaN	      0.0	      0.0	      0.0
1.5	      1.1	      0.0	      0.0	      0.0	 -0.42778	 -0.42778	      0.0	      NaN	      0.0	      0.0	      0.0
1.5	      1.3	      0.0	      0.0	      0.0	-0.493597	-0.493597	      0.0	      NaN	      0.0	      0.0	      0.0
1.5	      1.5	      0.0	      0.0	      0.0	  -0.5499	  -0.5499	      0.0	      NaN	      0.0	      0.0	      0.0
1.5	      1.7	      0.0	      0.0	      0.0	-0.596379	-0.596379	      0.0	      NaN	      0.0	      0.0	      0.0
1.5	      1.9	      0.0	      0.0	      0.0	-0.633207	-0.633207	      0.0	      NaN	      0.0	      0.0	      0.0
1.5	      2.1	      0.0	      0.0	      0.0	-0.661031	-0.661031	      0.0	      NaN	      0.0	      0.0	      0.0
1.5	      2.3	      0.0	      0.0	      0.0	-0.680941	-0.680941	      0.0	      NaN	      0.0	      0.0	      0.0
1.5	      2.5	      0.0	      0.0	      0.0	-0.694416	-0.694416	      0.0	      NaN	      0.0	      0.0	      0.0
1.5	      2.7	      0.0	      0.0	      0.0	-0.703251	-0.703251	      0.0	      NaN	      0.0	      0.0	      0.0
1.5	      2.9	      0.0	      0.0	      0.0	-0.709469	-0.709469	      0.0	      NaN	      0.0	      0.0	      0.0
1.5	      3.1	      0.0	      0.0	      0.0	-0.715221	-0.715221	      0.0	      NaN	      0.0	      0.0	      0.0
1.5	      3.3	      0.0	      0.0	      0.0	-0.722683	-0.722683	      0.0	      NaN	      0.0	      0.0	      0.0
1.5	      3.5	      0.0	      0.0	      0.0	-0.733944	-0.733944	      0.0	      NaN	      0.0	      0.0	      0.0
1.5	      3.7	      0.0	      0.0	      0.0	-0.750909	-0.750909	      0.0	      NaN	      0.0	      0.0	      0.0
1.5	      3.9	      0.0	      0.0	      0.0	-0.775201	-0.775201	      0.0	      NaN	      0.0	      0.0	      0.0
1.5	      4.1	      0.0	      0.0	      0.0	-0.808084	-0.808084	      0.0	      NaN	      0.0	      0.0	      0.0
1.5	      4.3	      0.0	      0.0	      0.0	-0.850399	-0.850399	      0.0	      NaN	      0.0	      0.0	      0.0
1.5	      4.5	      0.0	      0.0	      0.0	-0.902523	-0.902523	      0.0	      NaN	      0.0	      0.0	      0.0
1.5	      4.7	      0.0	      0.0	      0.0	-0.964352	-0.964352	      0.0	      NaN	      0.0	      0.0	      0.0
1.5	      4.9	      0.0	      0.0	      0.0	  -1.0353	  -1.0353	      0.0	      NaN	      0.0	      0.0	      0.0
1.5	      5.1	      0.0	      0.0	      0.0	 -1.11435	 -1.11435	      0.0	      NaN	      0.0	      0.0	      0.0
1.5	      5.3	      0.0	      0.0	      0.0	 -1.20006	 -1.20006	      0.0	      NaN	      0.0	      0.0	      0.0
1.5	      5.5	      0.0	      0.0	      0.0	 -1.29069	 -1.29069	      0.0	      NaN	      0.0	      0.0	      0.0
1.5	      5.7	      0.0	      0.0	      0.0	 -1.38423	 -1.38423	      0.0	      NaN	      0.0	      0.0	      0.0
1.5	      5.9	      0.0	      0.0	      0.0	 -1.47854	 -1.47854	      0.0	      NaN	      0.0	      0.0	      0.0
1.5	      6.1	      0.0	      0.0	      0.0	 -1.57146	 -1.57146	      0.0	      NaN	      0.0	      0.0	      0.0
1.5	      6.3	      0.0	      0.0	      0.0	 -1.66086	 -1.66086	      0.0	      NaN	      0.0	      0.0	      0.0
1.5	      6.5	      0.0	      0.0	      0.0	 -1.74481	 -1.74481	      0.0	      NaN	      0.0	      0.0	      0.0
1.5	      6.7	      0.0	      0.0	      0.0	 -1.82164	 -1.82164	      0.0	      NaN	      0.0	      0.0	      0.0
1.5	      6.9	      0.0	      0.0	      0.0	 -1.89004	 -1.89004	      0.0	      NaN	      0.0	      0.0	      0.0
1.5	      7.1	      0.0	      0.0	      0.0	  -1.9491	  -1.9491	      0.0	      NaN	      0.0	      0.0	      0.0
1.5	      7.3	      0.0	      0.0	      0.0	 -1.99838	 -1.99838	      0.0	      NaN	      0.0	      0.0	      0.0
1.5	      7.5	      0.0	      0.0	      0.0	  -2.0379	  -2.0379	      0.0	      NaN	      0.0	      0.0	      0.0
1.5	      7.7	      0.0	      0.0	      0.0	  -2.0682	  -2.0682	      0.0	      NaN	      0.0	      0.0	      0.0
1.5	      7.9	      0.0	      0.0	      0.0	 -2.09022	 -2.09022	      0.0	      NaN	      0.0	      0.0	      0.0
1.5	      8.1	      0.0	      0.0	      0.0	 -2.10535	 -2.10535	      0.0	      NaN	      0.0	      0.0	      0.0
1.5	      8.3	      0.0	      0.0	      0.0	 -2.11531	 -2.11531	      0.0	      NaN	      0.0	      0.0	      0.0
1.5	      8.5	      0.0	      0.0	      0.0	 -2.12206	 -2.12206	      0.0	      NaN	      0.0	      0.0	      0.0
1.5	      8.7	      0.0	      0.0	      0.0	 -2.12772	 -2.12772	      0.0	      NaN	      0.0	      0.0	      0.0
1.5	      8.9	      0.0	      0.0	      0.0	 -2.13448	 -2.13448	      0.0	      NaN	      0.0	      0.0	      0.0
1.5	      9.1	      0.0	      0.0	      0.0	 -2.14445	 -2.14445	      0.0	      NaN	      0.0	      0.0	      0.0
1.5	      9.3	      0.0	      0.0	      0.0	 -2.15962	 -2.15962	      0.0	      NaN	      0.0	      0.0	      0.0
1.5	      9.5	      0.0	      0.0	      0.0	 -2.18168	 -2.18168	      0.0	      NaN	      0.0	      0.0	      0.0
1.5	      9.7	      0.0	      0.0	      0.0	 -2.21202	 -2.21202	      0.0	      NaN	      0.0	      0.0	      0.0
1.5	      9.9	      0.0	      0.0	      0.0	 -2.25159	 -2.25159	      0.0	      NaN	      0.0	      0.0	      0.0
1.5	     10.1	      0.0	      0.0	      0.0	 -2.30092	 -2.30092	      0.0	      NaN	      0.0	      0.0	      0.0
1.5	     10.3	      0.0	      0.0	      0.0	 -2.36003	 -2.36003	      0.0	      NaN	      0.0	      0.0	      0.0
1.5	     10.5	      0.0	      0.0	      0.0	 -2.42847	 -2.42847	      0.0	      NaN	      0.0	      0.0	      0.0
1.5	     10.7	      0.0	      0.0	      0.0	 -2.50535	 -2.50535	      0.0	      NaN	      0.0	      0.0	      0.0
1.5	     10.9	      0.0	      0.0	      0.0	 -2.58933	 -2.58933	      0.0	      NaN	      0.0	      0.0	      0.0
1.5	     11.1	      0.0	      0.0	      0.0	 -2.67875	 -2.67875	      0.0	      NaN	      0.0	      0.0	      0.0
1.5	     11.3	      0.0	      0.0	      0.0	 -2.77168	 -2.77168	      0.0	      NaN	      0.0	      0.0	      0.0
1.5	     11.5	      0.0	      0.0	      0.0	 -2.86599	 -2.86599	      0.0	      NaN	      0.0	      0.0	      0.0
1.5	     11.7	      0.0	      0.0	      0.0	 -2.95953	 -2.95953	      0.0	      NaN	      0.0	      0.0	      0.0
1.5	     11.9	      0.0	      0.0	      0.0	 -3.05013	 -3.05013	      0.0	      NaN	      0.0	      0.0	      0.0
1.5	     12.1	      0.0	      0.0	      0.0	 -3.13581	 -3.13581	      0.0	      NaN	      0.0	      0.0	      0.0
1.5	     12.3	      0.0	      0.0	      0.0	 -3.21482	 -3.21482	      0.0	      NaN	      0.0	      0.0	      0.0
1.5	     12.5	      0.0	      0.0	      0.0	 -3.28573	 -3.28573	      0.0	      NaN	      0.0	      0.0	      0.0
1.5	     12.7	      0.0	      0.0	      0.0	 -3.34751	 -3.34751	      0.0	      NaN	      0.0	      0.0	      0.0

1.7	      0.1	      0.0	      0.0	      0.0	-0.040979	-0.040979	      0.0	      NaN	      0.0	      0.0	      0.0
1.7	      0.3	      0.0	      0.0	      0.0	-0.133102	-0.133102	      0.0	      NaN	      0.0	      0.0	      0.0
1.7	      0.5	      0.0	      0.0	      0.0	 -0.22114	 -0.22114	      0.0	      NaN	      0.0	      0.0	      0.0
1.7	      0.7	      0.0	      0.0	      0.0	-0.303225	-0.303225	      0.0	      NaN	      0.0	      0.0	      0.0
1.7	      0.9	      0.0	      0.0	      0.0	 -0.37778	 -0.37778	      0.0	      NaN	      0.0	      0.0	      0.0
1.7	      1.1	      0.0	      0.0	      0.0	-0.443597	-0.443597	      0.0	      NaN	      0.0	      0.0	      0.0
1.7	      1.3	      0.0	      0.0	      0.0	  -0.4999	  -0.4999	      0.0	      NaN	      0.0	      0.0	      0.0
1.7	      1.5	      0.0	      0.0	      0.0	-0.546379	-0.546379	      0.0	      NaN	      0.0	      0.0	      0.0
1.7	      1.7	      0.0	      0.0	      0.0	-0.583207	-0.583207	      0.0	      NaN	      0.0	      0.0	      0.0
1.7	      1.9	      0.0	      0.0	      0.0	-0.611031	-0.611031	      0.0	      NaN	      0.0	      0.0	      0.0
1.7	      2.1	      0.0	      0.0	      0.0	-0.630941	-0.630941	      0.0	      NaN	      0.0	      0.0	      0.0
1.7	      2.3	      0.0	      0.0	      0.0	-0.644416	-0.644416	      0.0	      NaN	      0.0	      0.0	      0.0
1.7	      2.5	      0.0	      0.0	      0.0	-0.653251	-0.653251	      0.0	      NaN	      0.0	      0.0	      0.0
1.7	      2.7	      0.0	      0.0	      0.0	-0.659469	-0.659469	      0.0	      NaN	      0.0	      0.0	      0.0
1.7	      2.9	      0.0	      0.0	      0.0	-0.665221	-0.665221	      0.0	      NaN	      0.0	      0.0	      0.0
1.7	      3.1	      0.0	      0.0	      0.0	-0.672683	-0.672683	      0.0	      NaN	      0.0	      0.0	      0.0
1.7	      3.3	      0.0	      0.0	      0.0	-0.683944	-0.683944	      0.0	      NaN	      0.0	      0.0	      0.0
1.7	      3.5	      0.0	      0.0	      0.0	-0.700909	-0.700909	      0.0	      NaN	      0.0	      0.0	      0.0
1.7	      3.7	      0.0	      0.0	      0.0	-0.725201	-0.725201	      0.0	      NaN	      0.0	      0.0	      0.0
1.7	      3.9	      0.0	      0.0	      0.0	-0.758084	-0.758084	      0.0	      NaN	      0.0	      0.0	      0.0
1.7	      4.1	      0.0	      0.0	      0.0	-0.800399	-0.800399	      0.0	      NaN	      0.0	      0.0	      0.0
1.7	      4.3	      0.0	      0.0	      0.0	-0.852523	-0.852523	      0.0	      NaN	      0.0	      0.0	      0.0
1.7	      4.5	      0.0	      0.0	      0.0	-0.914352	-0.914352	      0.0	      NaN	      0.0	      0.0	      0.0
1.7	      4.7	      0.0	      0.0	      0.0	-0.985305	-0.985305	      0.0	      NaN	      0.0	      0.0	      0.0
1.7	      4.9	      0.0	      0.0	      0.0	 -1.06435	 -1.06435	      0.0	      NaN	      0.0	      0.0	      0.0
1.7	      5.1	      0.0	      0.0	      0.0	 -1.15006	 -1.15006	      0.0	      NaN	      0.0	      0.0	      0.0
1.7	      5.3	      0.0	      0.0	      0.0	 -1.24069	 -1.24069	      0.0	      NaN	      0.0	      0.0	      0.0
1.7	      5.5	      0.0	      0.0	      0.0	 -1.33423	 -1.33423	      0.0	      NaN	      0.0	      0.0	      0.0
1.7	      5.7	      0.0	      0.0	      0.0	 -1.42854	 -1.42854	      0.0	      NaN	      0.0	      0.0	      0.0
1.7	      5.9	      0.0	      0.0	      0.0	 -1.52146	 -1.52146	      0.0	      NaN	      0.0	      0.0	      0.0
1.7	      6.1	      0.0	      0.0	      0.0	 -1.61086	 -1.61086	      0.0	      NaN	      0.0	      0.0	      0.0
1.7	      6.3	      0.0	      0.0	      0.0	 -1.69481	 -1.69481	      0.0	      NaN	      0.0	      0.0	      0.0
1.7	      6.5	      0.0	      0.0	      0.0	 -1.77164	 -1.77164	      0.0	      NaN	      0.0	      0.0	      0.0
1.7	      6.7	      0.0	      0.0	      0.0	 -1.84004	 -1.84004	      0.0	      NaN	      0.0	      0.0	      0.0
1.7	      6.9	      0.0	      0.0	      0.0	  -1.8991	  -1.8991	      0.0	      NaN	      0.0	      0.0	      0.0
1.7	      7.1	      0.0	      0.0	      0.0	 -1.94838	 -1.94838	      0.0	      NaN	      0.0	      0.0	      0.0
1.7	      7.3	      0.0	      0.0	      0.0	  -1.9879	  -1.9879	      0.0	      NaN	      0.0	      0.0	      0.0
1.7	      7.5	      0.0	      0.0	      0.0	  -2.0182	  -2.0182	      0.0	      NaN	      0.0	      0.0	      0.0
1.7	      7.7	      0.0	      0.0	      0.0	 -2.04022	 -2.04022	      0.0	      NaN	      0.0	      0.0	      0.0
1.7	      7.9	      0.0	      0.0	      0.0	 -2.05536	 -2.05536	      0.0	      NaN	      0.0	      0.0	      0.0
1.7	      8.1	      0.0	      0.0	      0.0	 -2.06531	 -2.06531	      0.0	      NaN	      0.0	      0.0	      0.0
1.7	      8.3	      0.0	      0.0	      0.0	 -2.07206	 -2.07206	      0.0	      NaN	      0.0	      0.0	      0.0
1.7	      8.5	      0.0	      0.0	      0.0	 -2.07772	 -2.07772	      0.0	      NaN	      0.0	      0.0	      0.0
1.7	      8.7	      0.0	      0.0	      0.0	 -2.08448	 -2.08448	      0.0	      NaN	      0.0	      0.0	      0.0
1.7	      8.9	      0.0	      0.0	      0.0	 -2.09445	 -2.09445	      0.0	      NaN	      0.0	      0.0	      0.0
1.7	      9.1	      0.0	      0.0	      0.0	 -2.10962	 -2.10962	      0.0	      NaN	      0.0	      0.0	      0.0
1.7	      9.3	      0.0	      0.0	      0.0	 -2.13168	 -2.13168	      0.0	      NaN	      0.0	      0.0	      0.0
1.7	      9.5	      0.0	      0.0	      0.0	 -2.16202	 -2.16202	      0.0	      NaN	      0.0	      0.0	      0.0
1.7	      9.7	      0.0	      0.0	      0.0	 -2.20159	 -2.20159	      0.0	      NaN	      0.0	      0.0	      0.0
1.7	      9.9	      0.0	      0.0	      0.0	 -2.25092	 -2.25092	      0.0	      NaN	      0.0	      0.0	      0.0
1.7	     10.1	      0.0	      0.0	      0.0	 -2.31003	 -2.31003	      0.0	      NaN	      0.0	      0.0	      0.0
1.7	     10.3	      0.0	      0.0	      0.0	 -2.37847	 -2.37847	      0.0	      NaN	      0.0	      0.0	      0.0
1.7	     10.5	      0.0	      0.0	      0.0	 -2.45535	 -2.45535	      0.0	      NaN	      0.0	      0.0	      0.0
1.7	     10.7	      0.0	      0.0	      0.0	 -2.53933	 -2.53933	      0.0	      NaN	      0.0	      0.0	      0.0
1.7	     10.9	      0.0	      0.0	      0.0	 -2.62875	 -2.62875	      0.0	      NaN	      0.0	      0.0	      0.0
1.7	     11.1	      0.0	      0.0	      0.0	 -2.72168	 -2.72168	      0.0	      NaN	      0.0	      0.0	      0.0
1.7	     11.3	      0.0	      0.0	      0.0	   -2.816	   -2.816	      0.0	      NaN	      0.0	      0.0	      0.0
1.7	     11.5	      0.0	      0.0	      0.0	 -2.90952	 -2.90952	      0.0	      NaN	      0.0	      0.0	      0.0
1.7	     11.7	      0.0	      0.0	      0.0	 -3.00013	 -3.00013	      0.0	      NaN	      0.0	      0.0	      0.0
1.7	     11.9	      0.0	      0.0	      0.0	 -3.08581	 -3.08581	      0.0	      NaN	      0.0	      0.0	      0.0
1.7	     12.1	      0.0	      0.0	      0.0	 -3.16482	 -3.16482	      0.0	      NaN	      0.0	      0.0	      0.0
1.7	     12.3	      0.0	      0.0	      0.0	 -3.23573	 -3.23573	      0.0	      NaN	      0.0	      0.0	      0.0
1.7	     12.5	      0.0	      0.0	      0.0	 -3.29751	 -3.29751	      0.0	      NaN	      0.0	      0.0	      0.0
1.7	     12.7	      0.0	      0.0	      0.0	 -3.34959	 -3.34959	      0.0	      NaN	      0.0	      0.0	      0.0

1.9	      0.1	      0.0	      0.0	      0.0	-0.083102	-0.083102	      0.0	      NaN	      0.0	      0.0	      0.0
1.9	      0.3	      0.0	      0.0	      0.0	 -0.17114	 -0.17114	      0.0	      NaN	      0.0	      0.0	      0.0
1.9	      0.5	      0.0	      0.0	      0.0	-0.253225	-0.253225	      0.0	      NaN	      0.0	      0.0	      0.0
1.9	      0.7	      0.0	      0.0	      0.0	 -0.32778	 -0.32778	      0.0	      NaN	      0.0	      0.0	      0.0
1.9	      0.9	      0.0	      0.0	      0.0	-0.393597	-0.393597	      0.0	      NaN	      0.0	      0.0	      0.0
1.9	      1.1	      0.0	      0.0	      0.0	  -0.4499	  -0.4499	      0.0	      NaN	      0.0	      0.0	      0.0
1.9	      1.3	      0.0	      0.0	      0.0	-0.496379	-0.496379	      0.0	      NaN	      0.0	      0.0	      0.0
1.9	      1.5	      0.0	      0.0	      0.0	-0.533207	-0.533207	      0.0	      NaN	      0.0	      0.0	      0.0
1.9	      1.7	      0.0	      0.0	      0.0	-0.561031	-0.561031	      0.0	      NaN	      0.0	      0.0	      0.0
1.9	      1.9	      0.0	      0.0	      0.0	-0.580941	-0.580941	      0.0	      NaN	      0.0	      0.0	      0.0
1.9	      2.1	      0.0	      0.0	      0.0	-0.594416	-0.594416	      0.0	      NaN	      0.0	      0.0	      0.0
1.9	      2.3	      0.0	      0.0	      0.0	-0.603251	-0.603251	      0.0	      NaN	      0.0	      0.0	      0.0
1.9	      2.5	      0.0	      0.0	      0.0	-0.609469	-0.609469	      0.0	      NaN	      0.0	      0.0	      0.0
1.9	      2.7	      0.0	      0.0	      0.0	-0.615221	-0.615221	      0.0	      NaN	      0.0	      0.0	      0.0
1.9	      2.9	      0.0	      0.0	      0.0	-0.622683	-0.622683	      0.0	      NaN	      0.0	      0.0	      0.0
1.9	      3.1	      0.0	      0.0	      0.0	-0.633944	-0.633944	      0.0	      NaN	      0.0	      0.0	      0.0
1.9	      3.3	      0.0	      0.0	      0.0	-0.650909	-0.650909	      0.0	      NaN	      0.0	      0.0	      0.0
1.9	      3.5	      0.0	      0.0	      0.0	-0.675201	-0.675201	      0.0	      NaN	      0.0	      0.0	      0.0
1.9	      3.7	      0.0	      0.0	      0.0	-0.708084	-0.708084	      0.0	      NaN	      0.0	      0.0	      0.0
1.9	      3.9	      0.0	      0.0	      0.0	-0.750399	-0.750399	      0.0	      NaN	      0.0	      0.0	      0.0
1.9	      4.1	      0.0	      0.0	      0.0	-0.802523	-0.802523	      0.0	      NaN	      0.0	      0.0	      0.0
1.9	      4.3	      0.0	      0.0	      0.0	-0.864352	-0.864352	      0.0	      NaN	      0.0	      0.0	      0.0
1.9	      4.5	      0.0	      0.0	      0.0	-0.935305	-0.935305	      0.0	      NaN	      0.0	      0.0	      0.0
1.9	      4.7	      0.0	      0.0	      0.0	 -1.01435	 -1.01435	      0.0	      NaN	      0.0	      0.0	      0.0
1.9	      4.9	      0.0	      0.0	      0.0	 -1.10007	 -1.10007	      0.0	      NaN	      0.0	      0.0	      0.0
1.9	      5.1	      0.0	      0.0	      0.0	 -1.19069	 -1.19069	      0.0	      NaN	      0.0	      0.0	      0.0
1.9	      5.3	      0.0	      0.0	      0.0	 -1.28423	 -1.28423	      0.0	      NaN	      0.0	      0.0	      0.0
1.9	      5.5	      0.0	      0.0	      0.0	 -1.37854	 -1.37854	      0.0	      NaN	      0.0	      0.0	      0.0
1.9	      5.7	      0.0	      0.0	      0.0	 -1.47146	 -1.47146	      0.0	      NaN	      0.0	      0.0	      0.0
1.9	      5.9	      0.0	      0.0	      0.0	 -1.56086	 -1.56086	      0.0	      NaN	      0.0	      0.0	      0.0
1.9	      6.1	      0.0	      0.0	      0.0	 -1.64481	 -1.64481	      0.0	      NaN	      0.0	      0.0	      0.0
1.9	      6.3	      0.0	      0.0	      0.0	 -1.72164	 -1.72164	      0.0	      NaN	      0.0	      0.0	      0.0
1.9	      6.5	      0.0	      0.0	      0.0	 -1.79004	 -1.79004	      0.0	      NaN	      0.0	      0.0	      0.0
1.9	      6.7	      0.0	      0.0	      0.0	  -1.8491	  -1.8491	      0.0	      NaN	      0.0	      0.0	      0.0
1.9	      6.9	      0.0	      0.0	      0.0	 -1.89838	 -1.89838	      0.0	      NaN	      0.0	      0.0	      0.0
1.9	      7.1	      0.0	      0.0	      0.0	  -1.9379	  -1.9379	      0.0	      NaN	      0.0	      0.0	      0.0
1.9	      7.3	      0.0	      0.0	      0.0	  -1.9682	  -1.9682	      0.0	      NaN	      0.0	      0.0	      0.0
1.9	      7.5	      0.0	      0.0	      0.0	 -1.99022	 -1.99022	      0.0	      NaN	      0.0	      0.0	      0.0
1.9	      7.7	      0.0	      0.0	      0.0	 -2.00536	 -2.00536	      0.0	      NaN	      0.0	      0.0	      0.0
1.9	      7.9	      0.0	      0.0	      0.0	 -2.01531	 -2.01531	      0.0	      NaN	      0.0	      0.0	      0.0
1.9	      8.1	      0.0	      0.0	      0.0	 -2.02206	 -2.02206	      0.0	      NaN	      0.0	      0.0	      0.0
1.9	      8.3	      0.0	      0.0	      0.0	 -2.02772	 -2.02772	      0.0	      NaN	      0.0	      0.0	      0.0
1.9	      8.5	      0.0	      0.0	      0.0	 -2.03448	 -2.03448	      0.0	      NaN	      0.0	      0.0	      0.0
1.9	      8.7	      0.0	      0.0	      0.0	 -2.04446	 -2.04446	      0.0	      NaN	      0.0	      0.0	      0.0
1.9	      8.9	      0.0	      0.0	      0.0	 -2.05962	 -2.05962	      0.0	      NaN	      0.0	      0.0	      0.0
1.9	      9.1	      0.0	      0.0	      0.0	 -2.08168	 -2.08168	      0.0	      NaN	      0.0	      0.0	      0.0
1.9	      9.3	      0.0	      0.0	      0.0	 -2.11202	 -2.11202	      0.0	      NaN	      0.0	      0.0	      0.0
1.9	      9.5	      0.0	      0.0	      0.0	 -2.15159	 -2.15159	      0.0	      NaN	      0.0	      0.0	      0.0
1.9	      9.7	      0.0	      0.0	      0.0	 -2.20092	 -2.20092	      0.0	      NaN	      0.0	      0.0	      0.0
1.9	      9.9	      0.0	      0.0	      0.0	 -2.26003	 -2.26003	      0.0	      NaN	      0.0	      0.0	      0.0
1.9	     10.1	      0.0	      0.0	      0.0	 -2.32847	 -2.32847	      0.0	      NaN	      0.0	      0.0	      0.0
1.9	     10.3	      0.0	      0.0	      0.0	 -2.40535	 -2.40535	      0.0	      NaN	      0.0	      0.0	      0.0
1.9	     10.5	      0.0	      0.0	      0.0	 -2.48933	 -2.48933	      0.0	      NaN	      0.0	      0.0	      0.0
1.9	     10.7	      0.0	      0.0	      0.0	 -2.57875	 -2.57875	      0.0	      NaN	      0.0	      0.0	      0.0
1.9	     10.9	      0.0	      0.0	      0.0	 -2.67168	 -2.67168	      0.0	      NaN	      0.0	      0.0	      0.0
1.9	     11.1	      0.0	      0.0	      0.0	   -2.766	   -2.766	      0.0	      NaN	      0.0	      0.0	      0.0
1.9	     11.3	      0.0	      0.0	      0.0	 -2.85953	 -2.85953	      0.0	      NaN	      0.0	      0.0	      0.0
1.9	     11.5	      0.0	      0.0	      0.0	 -2.95013	 -2.95013	      0.0	      NaN	      0.0	      0.0	      0.0
1.9	     11.7	      0.0	      0.0	      0.0	 -3.03581	 -3.03581	      0.0	      NaN	      0.0	      0.0	      0.0
1.9	     11.9	      0.0	      0.0	      0.0	 -3.11482	 -3.11482	      0.0	      NaN	      0.0	      0.0	      0.0
1.9	     12.1	      0.0	      0.0	      0.0	 -3.18573	 -3.18573	      0.0	      NaN	      0.0	      0.0	      0.0
1.9	     12.3	      0.0	      0.0	      0.0	 -3.24751	 -3.24751	      0.0	      NaN	      0.0	      0.0	      0.0
1.9	     12.5	      0.0	      0.0	      0.0	 -3.29959	 -3.29959	      0.0	      NaN	      0.0	      0.0	      0.0
1.9	     12.7	      0.0	      0.0	      0.0	 -3.34185	 -3.34185	      0.0	      NaN	      0.0	      0.0	      0.0

2.1	      0.1	      0.0	      0.0	      0.0	 -0.12114	 -0.12114	      0.0	      NaN	      0.0	      0.0	      0.0
2.1	      0.3	      0.0	      0.0	      0.0	-0.203225	-0.203225	      0.0	      NaN	      0.0	      0.0	      0.0
2.1	      0.5	      0.0	      0.0	      0.0	 -0.27778	 -0.27778	      0.0	      NaN	      0.0	      0.0	      0.0
2.1	      0.7	      0.0	      0.0	      0.0	-0.343597	-0.343597	      0.0	      NaN	      0.0	      0.0	      0.0
2.1	      0.9	      0.0	      0.0	      0.0	  -0.3999	  -0.3999	      0.0	      NaN	      0.0	      0.0	      0.0
2.1	      1.1	      0.0	      0.0	      0.0	-0.446379	-0.446379	      0.0	      NaN	      0.0	      0.0	      0.0
2.1	      1.3	      0.0	      0.0	      0.0	-0.483207	-0.483207	      0.0	      NaN	      0.0	      0.0	      0.0
2.1	      1.5	      0.0	      0.0	      0.0	-0.511031	-0.511031	      0.0	      NaN	      0.0	      0.0	      0.0
2.1	      1.7	      0.0	      0.0	      0.0	-0.530941	-0.530941	      0.0	      NaN	      0.0	      0.0	      0.0
2.1	      1.9	      0.0	      0.0	      0.0	-0.544416	-0.544416	      0.0	      NaN	      0.0	      0.0	      0.0
2.1	      2.1	      0.0	      0.0	      0.0	-0.553251	-0.553251	      0.0	      NaN	      0.0	      0.0	      0.0
2.1	      2.3	      0.0	      0.0	      0.0	-0.559469	-0.559469	      0.0	      NaN	      0.0	      0.0	      0.0
2.1	      2.5	      0.0	      0.0	      0.0	-0.565221	-0.565221	      0.0	      NaN	      0.0	      0.0	      0.0
2.1	      2.7	      0.0	      0.0	      0.0	-0.572683	-0.572683	      0.0	      NaN	      0.0	      0.0	      0.0
2.1	      2.9	      0.0	      0.0	      0.0	-0.583944	-0.583944	      0.0	      NaN	      0.0	      0.0	      0.0
2.1	      3.1	      0.0	      0.0	      0.0	-0.600909	-0.600909	      0.0	      NaN	      0.0	      0.0	      0.0
2.1	      3.3	      0.0	      0.0	      0.0	-0.625201	-0.625201	      0.0	      NaN	      0.0	      0.0	      0.0
2.1	      3.5	      0.0	      0.0	      0.0	-0.658084	-0.658084	      0.0	      NaN	      0.0	      0.0	      0.0
2.1	      3.7	      0.0	      0.0	      0.0	-0.700399	-0.700399	      0.0	      NaN	      0.0	      0.0	      0.0
2.1	      3.9	      0.0	      0.0	      0.0	-0.752523	-0.752523	      0.0	      NaN	      0.0	      0.0	      0.0
2.1	      4.1	      0.0	      0.0	      0.0	-0.814352	-0.814352	      0.0	      NaN	      0.0	      0.0	      0.0
2.1	      4.3	      0.0	      0.0	      0.0	-0.885305	-0.885305	      0.0	      NaN	      0.0	      0.0	      0.0
2.1	      4.5	      0.0	      0.0	      0.0	-0.964351	-0.964351	      0.0	      NaN	      0.0	      0.0	      0.0
2.1	      4.7	      0.0	      0.0	      0.0	 -1.05007	 -1.05007	      0.0	      NaN	      0.0	      0.0	      0.0
2.1	      4.9	      0.0	      0.0	      0.0	 -1.14069	 -1.14069	      0.0	      NaN	      0.0	      0.0	      0.0
2.1	      5.1	      0.0	      0.0	      0.0	 -1.23423	 -1.23423	      0.0	      NaN	      0.0	      0.0	      0.0
2.1	      5.3	      0.0	      0.0	      0.0	 -1.32854	 -1.32854	      0.0	      NaN	      0.0	      0.0	      0.0
2.1	      5.5	      0.0	      0.0	      0.0	 -1.42146	 -1.42146	      0.0	      NaN	      0.0	      0.0	      0.0
2.1	      5.7	      0.0	      0.0	      0.0	 -1.51086	 -1.51086	      0.0	      NaN	      0.0	      0.0	      0.0
2.1	      5.9	      0.0	      0.0	      0.0	 -1.59481	 -1.59481	      0.0	      NaN	      0.0	      0.0	      0.0
2.1	      6.1	      0.0	      0.0	      0.0	 -1.67164	 -1.67164	      0.0	      NaN	      0.0	      0.0	      0.0
2.1	      6.3	      0.0	      0.0	      0.0	 -1.74004	 -1.74004	      0.0	      NaN	      0.0	      0.0	      0.0
2.1	      6.5	      0.0	      0.0	      0.0	  -1.7991	  -1.7991	      0.0	      NaN	      0.0	      0.0	      0.0
2.1	      6.7	      0.0	      0.0	      0.0	 -1.84838	 -1.84838	      0.0	      NaN	      0.0	      0.0	      0.0
2.1	      6.9	      0.0	      0.0	      0.0	  -1.8879	  -1.8879	      0.0	      NaN	      0.0	      0.0	      0.0
2.1	      7.1	      0.0	      0.0	      0.0	  -1.9182	  -1.9182	      0.0	      NaN	      0.0	      0.0	      0.0
2.1	      7.3	      0.0	      0.0	      0.0	 -1.94022	 -1.94022	      0.0	      NaN	      0.0	      0.0	      0.0
2.1	      7.5	      0.0	      0.0	      0.0	 -1.95535	 -1.95535	      0.0	      NaN	      0.0	      0.0	      0.0
2.1	      7.7	      0.0	      0.0	      0.0	 -1.96531	 -1.96531	      0.0	      NaN	      0.0	      0.0	      0.0
2.1	      7.9	      0.0	      0.0	      0.0	 -1.97206	 -1.97206	      0.0	      NaN	      0.0	      0.0	      0.0
2.1	      8.1	      0.0	      0.0	      0.0	 -1.97772	 -1.97772	      0.0	      NaN	      0.0	      0.0	      0.0
2.1	      8.3	      0.0	      0.0	      0.0	 -1.98448	 -1.98448	      0.0	      NaN	      0.0	      0.0	      0.0
2.1	      8.5	      0.0	      0.0	      0.0	 -1.99446	 -1.99446	      0.0	      NaN	      0.0	      0.0	      0.0
2.1	      8.7	      0.0	      0.0	      0.0	 -2.00962	 -2.00962	      0.0	      NaN	      0.0	      0.0	      0.0
2.1	      8.9	      0.0	      0.0	      0.0	 -2.03168	 -2.03168	      0.0	      NaN	      0.0	      0.0	      0.0
2.1	      9.1	      0.0	      0.0	      0.0	 -2.06202	 -2.06202	      0.0	      NaN	      0.0	      0.0	      0.0
2.1	      9.3	      0.0	      0.0	      0.0	 -2.10159	 -2.10159	      0.0	      NaN	      0.0	      0.0	      0.0
2.1	      9.5	      0.0	      0.0	      0.0	 -2.15092	 -2.15092	      0.0	      NaN	      0.0	      0.0	      0.0
2.1	      9.7	      0.0	      0.0	      0.0	 -2.21003	 -2.21003	      0.0	      NaN	      0.0	      0.0	      0.0
2.1	      9.9	      0.0	      0.0	      0.0	 -2.27847	 -2.27847	      0.0	      NaN	      0.0	      0.0	      0.0
2.1	     10.1	      0.0	      0.0	      0.0	 -2.35535	 -2.35535	      0.0	      NaN	      0.0	      0.0	      0.0
2.1	     10.3	      0.0	      0.0	      0.0	 -2.43933	 -2.43933	      0.0	      NaN	      0.0	      0.0	      0.0
2.1	     10.5	      0.0	      0.0	      0.0	 -2.52875	 -2.52875	      0.0	      NaN	      0.0	      0.0	      0.0
2.1	     10.7	      0.0	      0.0	      0.0	 -2.62168	 -2.62168	      0.0	      NaN	      0.0	      0.0	      0.0
2.1	     10.9	      0.0	      0.0	      0.0	 -2.71599	 -2.71599	      0.0	      NaN	      0.0	      0.0	      0.0
2.1	     11.1	      0.0	      0.0	      0.0	 -2.80952	 -2.80952	      0.0	      NaN	      0.0	      0.0	      0.0
2.1	     11.3	      0.0	      0.0	      0.0	 -2.90013	 -2.90013	      0.0	      NaN	      0.0	      0.0	      0.0
2.1	     11.5	      0.0	      0.0	      0.0	 -2.98581	 -2.98581	      0.0	      NaN	      0.0	      0.0	      0.0
2.1	     11.7	      0.0	      0.0	      0.0	 -3.06482	 -3.06482	      0.0	      NaN	      0.0	      0.0	      0.0
2.1	     11.9	      0.0	      0.0	      0.0	 -3.13573	 -3.13573	      0.0	      NaN	      0.0	      0.0	      0.0
2.1	     12.1	      0.0	      0.0	      0.0	 -3.19751	 -3.19751	      0.0	      NaN	      0.0	      0.0	      0.0
2.1	     12.3	      0.0	      0.0	      0.0	 -3.24959	 -3.24959	      0.0	      NaN	      0.0	      0.0	      0.0
2.1	     12.5	      0.0	      0.0	      0.0	 -3.29185	 -3.29185	      0.0	      NaN	      0.0	      0.0	      0.0
2.1	     12.7	      0.0	      0.0	      0.0	 -3.32469	 -3.32469	      0.0	      NaN	      0.0	      0.0	      0.0

2.3	      0.1	      0.0	      0.0	      0.0	-0.153225	-0.153225	      0.0	      NaN	      0.0	      0.0	      0.0
2.3	      0.3	      0.0	      0.0	      0.0	 -0.22778	 -0.22778	      0.0	      NaN	      0.0	      0.0	      0.0
2.3	      0.5	      0.0	      0.0	      0.0	-0.293597	-0.293597	      0.0	      NaN	      0.0	      0.0	      0.0
2.3	      0.7	      0.0	      0.0	      0.0	  -0.3499	  -0.3499	      0.0	      NaN	      0.0	      0.0	      0.0
2.3	      0.9	      0.0	      0.0	      0.0	-0.396379	-0.396379	      0.0	      NaN	      0.0	      0.0	      0.0
2.3	      1.1	      0.0	      0.0	      0.0	-0.433207	-0.433207	      0.0	      NaN	      0.0	      0.0	      0.0
2.3	      1.3	      0.0	      0.0	      0.0	-0.461031	-0.461031	      0.0	      NaN	      0.0	      0.0	      0.0
2.3	      1.5	      0.0	      0.0	      0.0	-0.480941	-0.480941	      0.0	      NaN	      0.0	      0.0	      0.0
2.3	      1.7	      0.0	      0.0	      0.0	-0.494416	-0.494416	      0.0	      NaN	      0.0	      0.0	      0.0
2.3	      1.9	      0.0	      0.0	      0.0	-0.503251	-0.503251	      0.0	      NaN	      0.0	      0.0	      0.0
2.3	      2.1	      0.0	      0.0	      0.0	-0.509469	-0.509469	      0.0	      NaN	      0.0	      0.0	      0.0
2.3	      2.3	      0.0	      0.0	      0.0	-0.515221	-0.515221	      0.0	      NaN	      0.0	      0.0	      0.0
2.3	      2.5	      0.0	      0.0	      0.0	-0.522683	-0.522683	      0.0	      NaN	      0.0	      0.0	      0.0
2.3	      2.7	      0.0	      0.0	      0.0	-0.533944	-0.533944	      0.0	      NaN	      0.0	      0.0	      0.0
2.3	      2.9	      0.0	      0.0	      0.0	-0.550909	-0.550909	      0.0	      NaN	      0.0	      0.0	      0.0
2.3	      3.1	      0.0	      0.0	      0.0	-0.575202	-0.575202	      0.0	      NaN	      0.0	      0.0	      0.0
2.3	      3.3	      0.0	      0.0	      0.0	-0.608084	-0.608084	      0.0	      NaN	      0.0	      0.0	      0.0
2.3	      3.5	      0.0	      0.0	      0.0	-0.650399	-0.650399	      0.0	      NaN	      0.0	      0.0	      0.0
2.3	      3.7	      0.0	      0.0	      0.0	-0.702523	-0.702523	      0.0	      NaN	      0.0	      0.0	      0.0
2.3	      3.9	      0.0	      0.0	      0.0	-0.764352	-0.764352	      0.0	      NaN	      0.0	      0.0	      0.0
2.3	      4.1	      0.0	      0.0	      0.0	-0.835305	-0.835305	      0.0	      NaN	      0.0	      0.0	      0.0
2.3	      4.3	      0.0	      0.0	      0.0	-0.914351	-0.914351	      0.0	      NaN	      0.0	      0.0	      0.0
2.3	      4.5	      0.0	      0.0	      0.0	 -1.00006	 -1.00006	      0.0	      NaN	      0.0	      0.0	      0.0
2.3	      4.7	      0.0	      0.0	      0.0	 -1.09069	 -1.09069	      0.0	      NaN	      0.0	      0.0	      0.0
2.3	      4.9	      0.0	      0.0	      0.0	 -1.18423	 -1.18423	      0.0	      NaN	      0.0	      0.0	      0.0
2.3	      5.1	      0.0	      0.0	      0.0	 -1.27854	 -1.27854	      0.0	      NaN	      0.0	      0.0	      0.0
2.3	      5.3	      0.0	      0.0	      0.0	 -1.37146	 -1.37146	      0.0	      NaN	      0.0	      0.0	      0.0
2.3	      5.5	      0.0	      0.0	      0.0	 -1.46086	 -1.46086	      0.0	      NaN	      0.0	      0.0	      0.0
2.3	      5.7	      0.0	      0.0	      0.0	 -1.54481	 -1.54481	      0.0	      NaN	      0.0	      0.0	      0.0
2.3	      5.9	      0.0	      0.0	      0.0	 -1.62164	 -1.62164	      0.0	      NaN	      0.0	      0.0	      0.0
2.3	      6.1	      0.0	      0.0	      0.0	 -1.69004	 -1.69004	      0.0	      NaN	      0.0	      0.0	      0.0
2.3	      6.3	      0.0	      0.0	      0.0	  -1.7491	  -1.7491	      0.0	      NaN	      0.0	      0.0	      0.0
2.3	      6.5	      0.0	      0.0	      0.0	 -1.79838	 -1.79838	      0.0	      NaN	      0.0	      0.0	      0.0
2.3	      6.7	      0.0	      0.0	      0.0	  -1.8379	  -1.8379	      0.0	      NaN	      0.0	      0.0	      0.0
2.3	      6.9	      0.0	      0.0	      0.0	  -1.8682	  -1.8682	      0.0	      NaN	      0.0	      0.0	      0.0
2.3	      7.1	      0.0	      0.0	      0.0	 -1.89022	 -1.89022	      0.0	      NaN	      0.0	      0.0	      0.0
2.3	      7.3	      0.0	      0.0	      0.0	 -1.90535	 -1.90535	      0.0	      NaN	      0.0	      0.0	      0.0
2.3	      7.5	      0.0	      0.0	      0.0	 -1.91531	 -1.91531	      0.0	      NaN	      0.0	      0.0	      0.0
2.3	      7.7	      0.0	      0.0	      0.0	 -1.92206	 -1.92206	      0.0	      NaN	      0.0	      0.0	      0.0
2.3	      7.9	      0.0	      0.0	      0.0	 -1.92772	 -1.92772	      0.0	      NaN	      0.0	      0.0	      0.0
2.3	      8.1	      0.0	      0.0	      0.0	 -1.93448	 -1.93448	      0.0	      NaN	      0.0	      0.0	      0.0
2.3	      8.3	      0.0	      0.0	      0.0	 -1.94446	 -1.94446	      0.0	      NaN	      0.0	      0.0	      0.0
2.3	      8.5	      0.0	      0.0	      0.0	 -1.95962	 -1.95962	      0.0	      NaN	      0.0	      0.0	      0.0
2.3	      8.7	      0.0	      0.0	      0.0	 -1.98168	 -1.98168	      0.0	      NaN	      0.0	      0.0	      0.0
2.3	      8.9	      0.0	      0.0	      0.0	 -2.01202	 -2.01202	      0.0	      NaN	      0.0	      0.0	      0.0
2.3	      9.1	      0.0	      0.0	      0.0	 -2.05159	 -2.05159	      0.0	      NaN	      0.0	      0.0	      0.0
2.3	      9.3	      0.0	      0.0	      0.0	 -2.10092	 -2.10092	      0.0	      NaN	      0.0	      0.0	      0.0
2.3	      9.5	      0.0	      0.0	      0.0	 -2.16003	 -2.16003	      0.0	      NaN	      0.0	      0.0	      0.0
2.3	      9.7	      0.0	      0.0	      0.0	 -2.22847	 -2.22847	      0.0	      NaN	      0.0	      0.0	      0.0
2.3	      9.9	      0.0	      0.0	      0.0	 -2.30535	 -2.30535	      0.0	      NaN	      0.0	      0.0	      0.0
2.3	     10.1	      0.0	      0.0	      0.0	 -2.38933	 -2.38933	      0.0	      NaN	      0.0	      0.0	      0.0
2.3	     10.3	      0.0	      0.0	      0.0	 -2.47875	 -2.47875	      0.0	      NaN	      0.0	      0.0	      0.0
2.3	     10.5	      0.0	      0.0	      0.0	 -2.57168	 -2.57168	      0.0	      NaN	      0.0	      0.0	      0.0
2.3	     10.7	      0.0	      0.0	      0.0	   -2.666	   -2.666	      0.0	      NaN	      0.0	      0.0	      0.0
2.3	     10.9	      0.0	      0.0	      0.0	 -2.75953	 -2.75953	      0.0	      NaN	      0.0	      0.0	      0.0
2.3	     11.1	      0.0	      0.0	      0.0	 -2.85013	 -2.85013	      0.0	      NaN	      0.0	      0.0	      0.0
2.3	     11.3	      0.0	      0.0	      0.0	 -2.93581	 -2.93581	      0.0	      NaN	      0.0	      0.0	      0.0
2.3	     11.5	      0.0	      0.0	      0.0	 -3.01482	 -3.01482	      0.0	      NaN	      0.0	      0.0	      0.0
2.3	     11.7	      0.0	      0.0	      0.0	 -3.08573	 -3.08573	      0.0	      NaN	      0.0	      0.0	      0.0
2.3	     11.9	      0.0	      0.0	      0.0	 -3.14751	 -3.14751	      0.0	      NaN	      0.0	      0.0	      0.0
2.3	     12.1	      0.0	      0.0	      0.0	 -3.19959	 -3.19959	      0.0	      NaN	      0.0	      0.0	      0.0
2.3	     12.3	      0.0	      0.0	      0.0	 -3.24185	 -3.24185	      0.0	      NaN	      0.0	      0.0	      0.0
2.3	     12.5	      0.0	      0.0	      0.0	 -3.27469	 -3.27469	      0.0	      NaN	      0.0	      0.0	      0.0
2.3	     12.7	      0.0	      0.0	      0.0	 -3.29894	 -3.29894	      0.0	      NaN	      0.0	      0.0	      0.0

2.5	      0.1	      0.0	      0.0	      0.0	 -0.17778	 -0.17778	      0.0	      NaN	      0.0	      0.0	      0.0
2.5	      0.3	      0.0	      0.0	      0.0	-0.243597	-0.243597	      0.0	      NaN	      0.0	      0.0	      0.0
2.5	      0.5	      0.0	      0.0	      0.0	  -0.2999	  -0.2999	      0.0	      NaN	      0.0	      0.0	      0.0
2.5	      0.7	      0.0	      0.0	      0.0	-0.346379	-0.346379	      0.0	      NaN	      0.0	      0.0	      0.0
2.5	      0.9	      0.0	      0.0	      0.0	-0.383207	-0.383207	      0.0	      NaN	      0.0	      0.0	      0.0
2.5	      1.1	      0.0	      0.0	      0.0	-0.411031	-0.411031	      0.0	      NaN	      0.0	      0.0	      0.0
2.5	      1.3	      0.0	      0.0	      0.0	-0.430941	-0.430941	      0.0	      NaN	      0.0	      0.0	      0.0
2.5	      1.5	      0.0	      0.0	      0.0	-0.444416	-0.444416	      0.0	      NaN	      0.0	      0.0	      0.0
2.5	      1.7	      0.0	      0.0	      0.0	-0.453251	-0.453251	      0.0	      NaN	      0.0	      0.0	      0.0
2.5	      1.9	      0.0	      0.0	      0.0	-0.459469	-0.459469	      0.0	      NaN	      0.0	      0.0	      0.0
2.5	      2.1	      0.0	      0.0	      0.0	-0.465221	-0.465221	      0.0	      NaN	      0.0	      0.0	      0.0
2.5	      2.3	      0.0	      0.0	      0.0	-0.472683	-0.472683	      0.0	      NaN	      0.0	      0.0	      0.0
2.5	      2.5	      0.0	      0.0	      0.0	-0.483944	-0.483944	      0.0	      NaN	      0.0	      0.0	      0.0
2.5	      2.7	      0.0	      0.0	      0.0	-0.500909	-0.500909	      0.0	      NaN	      0.0	      0.0	      0.0
2.5	      2.9	      0.0	      0.0	      0.0	-0.525201	-0.525201	      0.0	      NaN	      0.0	      0.0	      0.0
2.5	      3.1	      0.0	      0.0	      0.0	-0.558084	-0.558084	      0.0	      NaN	      0.0	      0.0	      0.0
2.5	      3.3	      0.0	      0.0	      0.0	-0.600399	-0.600399	      0.0	      NaN	      0.0	      0.0	      0.0
2.5	      3.5	      0.0	      0.0	      0.0	-0.652523	-0.652523	      0.0	      NaN	      0.0	      0.0	      0.0
2.5	      3.7	      0.0	      0.0	      0.0	-0.714352	-0.714352	      0.0	      NaN	      0.0	      0.0	      0.0
2.5	      3.9	      0.0	      0.0	      0.0	-0.785305	-0.785305	      0.0	      NaN	      0.0	      0.0	      0.0
2.5	      4.1	      0.0	      0.0	      0.0	-0.864351	-0.864351	      0.0	      NaN	      0.0	      0.0	      0.0
2.5	      4.3	      0.0	      0.0	      0.0	-0.950065	-0.950065	      0.0	      NaN	      0.0	      0.0	      0.0
2.5	      4.5	      0.0	      0.0	      0.0	 -1.04069	 -1.04069	      0.0	      NaN	      0.0	      0.0	      0.0
2.5	      4.7	      0.0	      0.0	      0.0	 -1.13423	 -1.13423	      0.0	      NaN	      0.0	      0.0	      0.0
2.5	      4.9	      0.0	      0.0	      0.0	 -1.22854	 -1.22854	      0.0	      NaN	      0.0	      0.0	      0.0
2.5	      5.1	      0.0	      0.0	      0.0	 -1.32146	 -1.32146	      0.0	      NaN	      0.0	      0.0	      0.0
2.5	      5.3	      0.0	      0.0	      0.0	 -1.41086	 -1.41086	      0.0	      NaN	      0.0	      0.0	      0.0
2.5	      5.5	      0.0	      0.0	      0.0	 -1.49481	 -1.49481	      0.0	      NaN	      0.0	      0.0	      0.0
2.5	      5.7	      0.0	      0.0	      0.0	 -1.57164	 -1.57164	      0.0	      NaN	      0.0	      0.0	      0.0
2.5	      5.9	      0.0	      0.0	      0.0	 -1.64004	 -1.64004	      0.0	      NaN	      0.0	      0.0	      0.0
2.5	      6.1	      0.0	      0.0	      0.0	  -1.6991	  -1.6991	      0.0	      NaN	      0.0	      0.0	      0.0
2.5	      6.3	      0.0	      0.0	      0.0	 -1.74838	 -1.74838	      0.0	      NaN	      0.0	      0.0	      0.0
2.5	      6.5	      0.0	      0.0	      0.0	  -1.7879	  -1.7879	      0.0	      NaN	      0.0	      0.0	      0.0
2.5	      6.7	      0.0	      0.0	      0.0	  -1.8182	  -1.8182	      0.0	      NaN	      0.0	      0.0	      0.0
2.5	      6.9	      0.0	      0.0	      0.0	 -1.84022	 -1.84022	      0.0	      NaN	      0.0	      0.0	      0.0
2.5	      7.1	      0.0	      0.0	      0.0	 -1.85536	 -1.85536	      0.0	      NaN	      0.0	      0.0	      0.0
2.5	      7.3	      0.0	      0.0	      0.0	 -1.86531	 -1.86531	      0.0	      NaN	      0.0	      0.0	      0.0
2.5	      7.5	      0.0	      0.0	      0.0	 -1.87206	 -1.87206	      0.0	      NaN	      0.0	      0.0	      0.0
2.5	      7.7	      0.0	      0.0	      0.0	 -1.87772	 -1.87772	      0.0	      NaN	      0.0	      0.0	      0.0
2.5	      7.9	      0.0	      0.0	      0.0	 -1.88448	 -1.88448	      0.0	      NaN	      0.0	      0.0	      0.0
2.5	      8.1	      0.0	      0.0	      0.0	 -1.89446	 -1.89446	      0.0	      NaN	      0.0	      0.0	      0.0
2.5	      8.3	      0.0	      0.0	      0.0	 -1.90962	 -1.90962	      0.0	      NaN	      0.0	      0.0	      0.0
2.5	      8.5	      0.0	      0.0	      0.0	 -1.93168	 -1.93168	      0.0	      NaN	      0.0	      0.0	      0.0
2.5	      8.7	      0.0	      0.0	      0.0	 -1.96202	 -1.96202	      0.0	      NaN	      0.0	      0.0	      0.0
2.5	      8.9	      0.0	      0.0	      0.0	 -2.00159	 -2.00159	      0.0	      NaN	      0.0	      0.0	      0.0
2.5	      9.1	      0.0	      0.0	      0.0	 -2.05092	 -2.05092	      0.0	      NaN	      0.0	      0.0	      0.0
2.5	      9.3	      0.0	      0.0	      0.0	 -2.11003	 -2.11003	      0.0	      NaN	      0.0	      0.0	      0.0
2.5	      9.5	      0.0	      0.0	      0.0	 -2.17847	 -2.17847	      0.0	      NaN	      0.0	      0.0	      0.0
2.5	      9.7	      0.0	      0.0	      0.0	 -2.25535	 -2.25535	      0.0	      NaN	      0.0	      0.0	      0.0
2.5	      9.9	      0.0	      0.0	      0.0	 -2.33933	 -2.33933	      0.0	      NaN	      0.0	      0.0	      0.0
2.5	     10.1	      0.0	      0.0	      0.0	 -2.42875	 -2.42875	      0.0	      NaN	      0.0	      0.0	      0.0
2.5	     10.3	      0.0	      0.0	      0.0	 -2.52168	 -2.52168	      0.0	      NaN	      0.0	      0.0	      0.0
2.5	     10.5	      0.0	      0.0	      0.0	 -2.61599	 -2.61599	      0.0	      NaN	      0.0	      0.0	      0.0
2.5	     10.7	      0.0	      0.0	      0.0	 -2.70953	 -2.70953	      0.0	      NaN	      0.0	      0.0	      0.0
2.5	     10.9	      0.0	      0.0	      0.0	 -2.80013	 -2.80013	      0.0	      NaN	      0.0	      0.0	      0.0
2.5	     11.1	      0.0	      0.0	      0.0	 -2.88581	 -2.88581	      0.0	      NaN	      0.0	      0.0	      0.0
2.5	     11.3	      0.0	      0.0	      0.0	 -2.96482	 -2.96482	      0.0	      NaN	      0.0	      0.0	      0.0
2.5	     11.5	      0.0	      0.0	      0.0	 -3.03573	 -3.03573	      0.0	      NaN	      0.0	      0.0	      0.0
2.5	     11.7	      0.0	      0.0	      0.0	 -3.09751	 -3.09751	      0.0	      NaN	      0.0	      0.0	      0.0
2.5	     11.9	      0.0	      0.0	      0.0	 -3.14959	 -3.14959	      0.0	      NaN	      0.0	      0.0	      0.0
2.5	     12.1	      0.0	      0.0	      0.0	 -3.19185	 -3.19185	      0.0	      NaN	      0.0	      0.0	      0.0
2.5	     12.3	      0.0	      0.0	      0.0	 -3.22469	 -3.22469	      0.0	      NaN	      0.0	      0.0	      0.0
2.5	     12.5	      0.0	      0.0	      0.0	 -3.24894	 -3.24894	      0.0	      NaN	      0.0	      0.0	      0.0
2.5	     12.7	      0.0	      0.0	      0.0	 -3.26587	 -3.26587	      0.0	      NaN	      0.0	      0.0	      0.0

2.7	      0.1	      0.0	      0.0	      0.0	-0.193597	-0.193597	      0.0	      NaN	      0.0	      0.0	      0.0
2.7	      0.3	      0.0	      0.0	      0.0	  -0.2499	  -0.2499	      0.0	      NaN	      0.0	      0.0	      0.0
2.7	      0.5	      0.0	      0.0	      0.0	-0.296379	-0.296379	      0.0	      NaN	      0.0	      0.0	      0.0
2.7	      0.7	      0.0	      0.0	      0.0	-0.333207	-0.333207	      0.0	      NaN	      0.0	      0.0	      0.0
2.7	      0.9	      0.0	      0.0	      0.0	-0.361031	-0.361031	      0.0	      NaN	      0.0	      0.0	      0.0
2.7	      1.1	      0.0	      0.0	      0.0	-0.380941	-0.380941	      0.0	      NaN	      0.0	      0.0	      0.0
2.7	      1.3	      0.0	      0.0	      0.0	-0.394416	-0.394416	      0.0	      NaN	      0.0	      0.0	      0.0
2.7	      1.5	      0.0	      0.0	      0.0	-0.403251	-0.403251	      0.0	      NaN	      0.0	      0.0	      0.0
2.7	      1.7	      0.0	      0.0	      0.0	-0.409469	-0.409469	      0.0	      NaN	      0.0	      0.0	      0.0
2.7	      1.9	      0.0	      0.0	      0.0	-0.415221	-0.415221	      0.0	      NaN	      0.0	      0.0	      0.0
2.7	      2.1	      0.0	      0.0	      0.0	-0.422683	-0.422683	      0.0	      NaN	      0.0	      0.0	      0.0
2.7	      2.3	      0.0	      0.0	      0.0	-0.433944	-0.433944	      0.0	      NaN	      0.0	      0.0	      0.0
2.7	      2.5	      0.0	      0.0	      0.0	-0.450909	-0.450909	      0.0	      NaN	      0.0	      0.0	      0.0
2.7	      2.7	      0.0	      0.0	      0.0	-0.475201	-0.475201	      0.0	      NaN	      0.0	      0.0	      0.0
2.7	      2.9	      0.0	      0.0	      0.0	-0.508084	-0.508084	      0.0	      NaN	      0.0	      0.0	      0.0
2.7	      3.1	      0.0	      0.0	      0.0	-0.550399	-0.550399	      0.0	      NaN	      0.0	      0.0	      0.0
2.7	      3.3	      0.0	      0.0	      0.0	-0.602523	-0.602523	      0.0	      NaN	      0.0	      0.0	      0.0
2.7	      3.5	      0.0	      0.0	      0.0	-0.664352	-0.664352	      0.0	      NaN	      0.0	      0.0	      0.0
2.7	      3.7	      0.0	      0.0	      0.0	-0.735305	-0.735305	      0.0	      NaN	      0.0	      0.0	      0.0
2.7	      3.9	      0.0	      0.0	      0.0	-0.814351	-0.814351	      0.0	      NaN	      0.0	      0.0	      0.0
2.7	      4.1	      0.0	      0.0	      0.0	-0.900065	-0.900065	      0.0	      NaN	      0.0	      0.0	      0.0
2.7	      4.3	      0.0	      0.0	      0.0	 -0.99069	 -0.99069	      0.0	      NaN	      0.0	      0.0	      0.0
2.7	      4.5	      0.0	      0.0	      0.0	 -1.08423	 -1.08423	      0.0	      NaN	      0.0	      0.0	      0.0
2.7	      4.7	      0.0	      0.0	      0.0	 -1.17854	 -1.17854	      0.0	      NaN	      0.0	      0.0	      0.0
2.7	      4.9	      0.0	      0.0	      0.0	 -1.27146	 -1.27146	      0.0	      NaN	      0.0	      0.0	      0.0
2.7	      5.1	      0.0	      0.0	      0.0	 -1.36086	 -1.36086	      0.0	      NaN	      0.0	      0.0	      0.0
2.7	      5.3	      0.0	      0.0	      0.0	 -1.44481	 -1.44481	      0.0	      NaN	      0.0	      0.0	      0.0
2.7	      5.5	      0.0	      0.0	      0.0	 -1.52164	 -1.52164	      0.0	      NaN	      0.0	      0.0	      0.0
2.7	      5.7	      0.0	      0.0	      0.0	 -1.59004	 -1.59004	      0.0	      NaN	      0.0	      0.0	      0.0
2.7	      5.9	      0.0	      0.0	      0.0	  -1.6491	  -1.6491	      0.0	      NaN	      0.0	      0.0	      0.0
2.7	      6.1	      0.0	      0.0	      0.0	 -1.69838	 -1.69838	      0.0	      NaN	      0.0	      0.0	      0.0
2.7	      6.3	      0.0	      0.0	      0.0	  -1.7379	  -1.7379	      0.0	      NaN	      0.0	      0.0	      0.0
2.7	      6.5	      0.0	      0.0	      0.0	  -1.7682	  -1.7682	      0.0	      NaN	      0.0	      0.0	      0.0
2.7	      6.7	      0.0	      0.0	      0.0	 -1.79022	 -1.79022	      0.0	      NaN	      0.0	      0.0	      0.0
2.7	      6.9	      0.0	      0.0	      0.0	 -1.80536	 -1.80536	      0.0	      NaN	      0.0	      0.0	      0.0
2.7	      7.1	      0.0	      0.0	      0.0	 -1.81531	 -1.81531	      0.0	      NaN	      0.0	      0.0	      0.0
2.7	      7.3	      0.0	      0.0	      0.0	 -1.82206	 -1.82206	      0.0	      NaN	      0.0	      0.0	      0.0
2.7	      7.5	      0.0	      0.0	      0.0	 -1.82772	 -1.82772	      0.0	      NaN	      0.0	      0.0	      0.0
2.7	      7.7	      0.0	      0.0	      0.0	 -1.83448	 -1.83448	      0.0	      NaN	      0.0	      0.0	      0.0
2.7	      7.9	      0.0	      0.0	      0.0	 -1.84445	 -1.84445	      0.0	      NaN	      0.0	      0.0	      0.0
2.7	      8.1	      0.0	      0.0	      0.0	 -1.85962	 -1.85962	      0.0	      NaN	      0.0	      0.0	      0.0
2.7	      8.3	      0.0	      0.0	      0.0	 -1.88168	 -1.88168	      0.0	      NaN	      0.0	      0.0	      0.0
2.7	      8.5	      0.0	      0.0	      0.0	 -1.91202	 -1.91202	      0.0	      NaN	      0.0	      0.0	      0.0
2.7	      8.7	      0.0	      0.0	      0.0	 -1.95159	 -1.95159	      0.0	      NaN	      0.0	      0.0	      0.0
2.7	      8.9	      0.0	      0.0	      0.0	 -2.00092	 -2.00092	      0.0	      NaN	      0.0	      0.0	      0.0
2.7	      9.1	      0.0	      0.0	      0.0	 -2.06003	 -2.06003	      0.0	      NaN	      0.0	      0.0	      0.0
2.7	      9.3	      0.0	      0.0	      0.0	 -2.12847	 -2.12847	      0.0	      NaN	      0.0	      0.0	      0.0
2.7	      9.5	      0.0	      0.0	      0.0	 -2.20535	 -2.20535	      0.0	      NaN	      0.0	      0.0	      0.0
2.7	      9.7	      0.0	      0.0	      0.0	 -2.28933	 -2.28933	      0.0	      NaN	      0.0	      0.0	      0.0
2.7	      9.9	      0.0	      0.0	      0.0	 -2.37875	 -2.37875	      0.0	      NaN	      0.0	      0.0	      0.0
2.7	     10.1	      0.0	      0.0	      0.0	 -2.47168	 -2.47168	      0.0	      NaN	      0.0	      0.0	      0.0
2.7	     10.3	      0.0	      0.0	      0.0	   -2.566	   -2.566	      0.0	      NaN	      0.0	      0.0	      0.0
2.7	     10.5	      0.0	      0.0	      0.0	 -2.65952	 -2.65952	      0.0	      NaN	      0.0	      0.0	      0.0
2.7	     10.7	      0.0	      0.0	      0.0	 -2.75013	 -2.75013	      0.0	      NaN	      0.0	      0.0	      0.0
2.7	     10.9	      0.0	      0.0	      0.0	 -2.83581	 -2.83581	      0.0	      NaN	      0.0	      0.0	      0.0
2.7	     11.1	      0.0	      0.0	      0.0	 -2.91482	 -2.91482	      0.0	      NaN	      0.0	      0.0	      0.0
2.7	     11.3	      0.0	      0.0	      0.0	 -2.98573	 -2.98573	      0.0	      NaN	      0.0	      0.0	      0.0
2.7	     11.5	      0.0	      0.0	      0.0	 -3.04751	 -3.04751	      0.0	      NaN	      0.0	      0.0	      0.0
2.7	     11.7	      0.0	      0.0	      0.0	 -3.09959	 -3.09959	      0.0	      NaN	      0.0	      0.0	      0.0
2.7	     11.9	      0.0	      0.0	      0.0	 -3.14185	 -3.14185	      0.0	      NaN	      0.0	      0.0	      0.0
2.7	     12.1	      0.0	      0.0	      0.0	 -3.17469	 -3.17469	      0.0	      NaN	      0.0	      0.0	      0.0
2.7	     12.3	      0.0	      0.0	      0.0	 -3.19894	 -3.19894	      0.0	      NaN	      0.0	      0.0	      0.0
2.7	     12.5	      0.0	      0.0	      0.0	 -3.21587	 -3.21587	      0.0	      NaN	      0.0	      0.0	      0.0
2.7	     12.7	      0.0	      0.0	      0.0	 -3.22711	 -3.22711	      0.0	      NaN	      0.0	      0.0	      0.0

2.9	      0.1	      0.0	      0.0	      0.0	  -0.1999	  -0.1999	      0.0	      NaN	      0.0	      0.0	      0.0
2.9	      0.3	      0.0	      0.0	      0.0	-0.246379	-0.246379	      0.0	      NaN	      0.0	      0.0	      0.0
2.9	      0.5	      0.0	      0.0	      0.0	-0.283207	-0.283207	      0.0	      NaN	      0.0	      0.0	      0.0
2.9	      0.7	      0.0	      0.0	      0.0	-0.311031	-0.311031	      0.0	      NaN	      0.0	      0.0	      0.0
2.9	      0.9	      0.0	      0.0	      0.0	-0.330941	-0.330941	      0.0	      NaN	      0.0	      0.0	      0.0
2.9	      1.1	      0.0	      0.0	      0.0	-0.344416	-0.344416	      0.0	      NaN	      0.0	      0.0	      0.0
2.9	      1.3	      0.0	      0.0	      0.0	-0.353251	-0.353251	      0.0	      NaN	      0.0	      0.0	      0.0
2.9	      1.5	      0.0	      0.0	      0.0	-0.359469	-0.359469	      0.0	      NaN	      0.0	      0.0	      0.0
2.9	      1.7	      0.0	      0.0	      0.0	-0.365221	-0.365221	      0.0	      NaN	      0.0	      0.0	      0.0
2.9	      1.9	      0.0	      0.0	      0.0	-0.372683	-0.372683	      0.0	      NaN	      0.0	      0.0	      0.0
2.9	      2.1	      0.0	      0.0	      0.0	-0.383944	-0.383944	      0.0	      NaN	      0.0	      0.0	      0.0
2.9	      2.3	      0.0	      0.0	      0.0	-0.400909	-0.400909	      0.0	      NaN	      0.0	      0.0	      0.0
2.9	      2.5	      0.0	      0.0	      0.0	-0.425201	-0.425201	      0.0	      NaN	      0.0	      0.0	      0.0
2.9	      2.7	      0.0	      0.0	      0.0	-0.458084	-0.458084	      0.0	      NaN	      0.0	      0.0	      0.0
2.9	      2.9	      0.0	      0.0	      0.0	-0.500399	-0.500399	      0.0	      NaN	      0.0	      0.0	      0.0
2.9	      3.1	      0.0	      0.0	      0.0	-0.552523	-0.552523	      0.0	      NaN	      0.0	      0.0	      0.0
2.9	      3.3	      0.0	      0.0	      0.0	-0.614352	-0.614352	      0.0	      NaN	      0.0	      0.0	      0.0
2.9	      3.5	      0.0	      0.0	      0.0	-0.685305	-0.685305	      0.0	      NaN	      0.0	      0.0	      0.0
2.9	      3.7	      0.0	      0.0	      0.0	-0.764351	-0.764351	      0.0	      NaN	      0.0	      0.0	      0.0
2.9	      3.9	      0.0	      0.0	      0.0	-0.850065	-0.850065	      0.0	      NaN	      0.0	      0.0	      0.0
2.9	      4.1	      0.0	      0.0	      0.0	 -0.94069	 -0.94069	      0.0	      NaN	      0.0	      0.0	      0.0
2.9	      4.3	      0.0	      0.0	      0.0	 -1.03423	 -1.03423	      0.0	      NaN	      0.0	      0.0	      0.0
2.9	      4.5	      0.0	      0.0	      0.0	 -1.12854	 -1.12854	      0.0	      NaN	      0.0	      0.0	      0.0
2.9	      4.7	      0.0	      0.0	      0.0	 -1.22146	 -1.22146	      0.0	      NaN	      0.0	      0.0	      0.0
2.9	      4.9	      0.0	      0.0	      0.0	 -1.31086	 -1.31086	      0.0	      NaN	      0.0	      0.0	      0.0
2.9	      5.1	      0.0	      0.0	      0.0	 -1.39481	 -1.39481	      0.0	      NaN	      0.0	      0.0	      0.0
2.9	      5.3	      0.0	      0.0	      0.0	 -1.47164	 -1.47164	      0.0	      NaN	      0.0	      0.0	      0.0
2.9	      5.5	      0.0	      0.0	      0.0	 -1.54004	 -1.54004	      0.0	      NaN	      0.0	      0.0	      0.0
2.9	      5.7	      0.0	      0.0	      0.0	  -1.5991	  -1.5991	      0.0	      NaN	      0.0	      0.0	      0.0
2.9	      5.9	      0.0	      0.0	      0.0	 -1.64838	 -1.64838	      0.0	      NaN	      0.0	      0.0	      0.0
2.9	      6.1	      0.0	      0.0	      0.0	  -1.6879	  -1.6879	      0.0	      NaN	      0.0	      0.0	      0.0
2.9	      6.3	      0.0	      0.0	      0.0	  -1.7182	  -1.7182	      0.0	      NaN	      0.0	      0.0	      0.0
2.9	      6.5	      0.0	      0.0	      0.0	 -1.74022	 -1.74022	      0.0	      NaN	      0.0	      0.0	      0.0
2.9	      6.7	      0.0	      0.0	      0.0	 -1.75535	 -1.75535	      0.0	      NaN	      0.0	      0.0	      0.0
2.9	      6.9	      0.0	      0.0	      0.0	 -1.76531	 -1.76531	      0.0	      NaN	      0.0	      0.0	      0.0
2.9	      7.1	      0.0	      0.0	      0.0	 -1.77206	 -1.77206	      0.0	      NaN	      0.0	      0.0	      0.0
2.9	      7.3	      0.0	      0.0	      0.0	 -1.77772	 -1.77772	      0.0	      NaN	      0.0	      0.0	      0.0
2.9	      7.5	      0.0	      0.0	      0.0	 -1.78448	 -1.78448	      0.0	      NaN	      0.0	      0.0	      0.0
2.9	      7.7	      0.0	      0.0	      0.0	 -1.79445	 -1.79445	      0.0	      NaN	      0.0	      0.0	      0.0
2.9	      7.9	      0.0	      0.0	      0.0	 -1.80962	 -1.80962	      0.0	      NaN	      0.0	      0.0	      0.0
2.9	      8.1	      0.0	      0.0	      0.0	 -1.83168	 -1.83168	      0.0	      NaN	      0.0	      0.0	      0.0
2.9	      8.3	      0.0	      0.0	      0.0	 -1.86202	 -1.86202	      0.0	      NaN	      0.0	      0.0	      0.0
2.9	      8.5	      0.0	      0.0	      0.0	 -1.90159	 -1.90159	      0.0	      NaN	      0.0	      0.0	      0.0
2.9	      8.7	      0.0	      0.0	      0.0	 -1.95092	 -1.95092	      0.0	      NaN	      0.0	      0.0	      0.0
2.9	      8.9	      0.0	      0.0	      0.0	 -2.01003	 -2.01003	      0.0	      NaN	      0.0	      0.0	      0.0
2.9	      9.1	      0.0	      0.0	      0.0	 -2.07847	 -2.07847	      0.0	      NaN	      0.0	      0.0	      0.0
2.9	      9.3	      0.0	      0.0	      0.0	 -2.15535	 -2.15535	      0.0	      NaN	      0.0	      0.0	      0.0
2.9	      9.5	      0.0	      0.0	      0.0	 -2.23933	 -2.23933	      0.0	      NaN	      0.0	      0.0	      0.0
2.9	      9.7	      0.0	      0.0	      0.0	 -2.32875	 -2.32875	      0.0	      NaN	      0.0	      0.0	      0.0
2.9	      9.9	      0.0	      0.0	      0.0	 -2.42168	 -2.42168	      0.0	      NaN	      0.0	      0.0	      0.0
2.9	     10.1	      0.0	      0.0	      0.0	   -2.516	   -2.516	      0.0	      NaN	      0.0	      0.0	      0.0
2.9	     10.3	      0.0	      0.0	      0.0	 -2.60953	 -2.60953	      0.0	      NaN	      0.0	      0.0	      0.0
2.9	     10.5	      0.0	      0.0	      0.0	 -2.70013	 -2.70013	      0.0	      NaN	      0.0	      0.0	      0.0
2.9	     10.7	      0.0	      0.0	      0.0	 -2.78581	 -2.78581	      0.0	      NaN	      0.0	      0.0	      0.0
2.9	     10.9	      0.0	      0.0	      0.0	 -2.86482	 -2.86482	      0.0	      NaN	      0.0	      0.0	      0.0
2.9	     11.1	      0.0	      0.0	      0.0	 -2.93573	 -2.93573	      0.0	      NaN	      0.0	      0.0	      0.0
2.9	     11.3	      0.0	      0.0	      0.0	 -2.99751	 -2.99751	      0.0	      NaN	      0.0	      0.0	      0.0
2.9	     11.5	      0.0	      0.0	      0.0	 -3.04959	 -3.04959	      0.0	      NaN	      0.0	      0.0	      0.0
2.9	     11.7	      0.0	      0.0	      0.0	 -3.09185	 -3.09185	      0.0	      NaN	      0.0	      0.0	      0.0
2.9	     11.9	      0.0	      0.0	      0.0	 -3.12469	 -3.12469	      0.0	      NaN	      0.0	      0.0	      0.0
2.9	     12.1	      0.0	      0.0	      0.0	 -3.14894	 -3.14894	      0.0	      NaN	      0.0	      0.0	      0.0
2.9	     12.3	      0.0	      0.0	      0.0	 -3.16587	 -3.16587	      0.0	      NaN	      0.0	      0.0	      0.0
2.9	     12.5	      0.0	      0.0	      0.0	 -3.17711	 -3.17711	      0.0	      NaN	      0.0	      0.0	      0.0
2.9	     12.7	      0.0	      0.0	      0.0	 -3.18456	 -3.18456	      0.0	      NaN	      0.0	      0.0	      0.0

3.1	      0.1	      0.0	      0.0	      0.0	-0.196379	-0.196379	      0.0	      NaN	      0.0	      0.0	      0.0
3.1	      0.3	      0.0	      0.0	      0.0	-0.233207	-0.233207	      0.0	      NaN	      0.0	      0.0	      0.0
3.1	      0.5	      0.0	      0.0	      0.0	-0.261031	-0.261031	      0.0	      NaN	      0.0	      0.0	      0.0
3.1	      0.7	      0.0	      0.0	      0.0	-0.280941	-0.280941	      0.0	      NaN	      0.0	      0.0	      0.0
3.1	      0.9	      0.0	      0.0	      0.0	-0.294416	-0.294416	      0.0	      NaN	      0.0	      0.0	      0.0
3.1	      1.1	      0.0	      0.0	      0.0	-0.303251	-0.303251	      0.0	      NaN	      0.0	      0.0	      0.0
3.1	      1.3	      0.0	      0.0	      0.0	-0.309469	-0.309469	      0.0	      NaN	      0.0	      0.0	      0.0
3.1	      1.5	      0.0	      0.0	      0.0	-0.315221	-0.315221	      0.0	      NaN	      0.0	      0.0	      0.0
3.1	      1.7	      0.0	      0.0	      0.0	-0.322683	-0.322683	      0.0	      NaN	      0.0	      0.0	      0.0
3.1	      1.9	      0.0	      0.0	      0.0	-0.333944	-0.333944	      0.0	      NaN	      0.0	      0.0	      0.0
3.1	      2.1	      0.0	      0.0	      0.0	-0.350909	-0.350909	      0.0	      NaN	      0.0	      0.0	      0.0
3.1	      2.3	      0.0	      0.0	      0.0	-0.375201	-0.375201	      0.0	      NaN	      0.0	      0.0	      0.0
3.1	      2.5	      0.0	      0.0	      0.0	-0.408084	-0.408084	      0.0	      NaN	      0.0	      0.0	      0.0
3.1	      2.7	      0.0	      0.0	      0.0	-0.450399	-0.450399	      0.0	      NaN	      0.0	      0.0	      0.0
3.1	      2.9	      0.0	      0.0	      0.0	-0.502523	-0.502523	      0.0	      NaN	      0.0	      0.0	      0.0
3.1	      3.1	      0.0	      0.0	      0.0	-0.564352	-0.564352	      0.0	      NaN	      0.0	      0.0	      0.0
3.1	      3.3	      0.0	      0.0	      0.0	-0.635305	-0.635305	      0.0	      NaN	      0.0	      0.0	      0.0
3.1	      3.5	      0.0	      0.0	      0.0	-0.714351	-0.714351	      0.0	      NaN	      0.0	      0.0	      0.0
3.1	      3.7	      0.0	      0.0	      0.0	-0.800065	-0.800065	      0.0	      NaN	      0.0	      0.0	      0.0
3.1	      3.9	      0.0	      0.0	      0.0	-0.890689	-0.890689	      0.0	      NaN	      0.0	      0.0	      0.0
3.1	      4.1	      0.0	      0.0	      0.0	-0.984229	-0.984229	      0.0	      NaN	      0.0	      0.0	      0.0
3.1	      4.3	      0.0	      0.0	      0.0	 -1.07854	 -1.07854	      0.0	      NaN	      0.0	      0.0	      0.0
3.1	      4.5	      0.0	      0.0	      0.0	 -1.17146	 -1.17146	      0.0	      NaN	      0.0	      0.0	      0.0
3.1	      4.7	      0.0	      0.0	      0.0	 -1.26086	 -1.26086	      0.0	      NaN	      0.0	      0.0	      0.0
3.1	      4.9	      0.0	      0.0	      0.0	 -1.34481	 -1.34481	      0.0	      NaN	      0.0	      0.0	      0.0
3.1	      5.1	      0.0	      0.0	      0.0	 -1.42164	 -1.42164	      0.0	      NaN	      0.0	      0.0	      0.0
3.1	      5.3	      0.0	      0.0	      0.0	 -1.49004	 -1.49004	      0.0	      NaN	      0.0	      0.0	      0.0
3.1	      5.5	      0.0	      0.0	      0.0	  -1.5491	  -1.5491	      0.0	      NaN	      0.0	      0.0	      0.0
3.1	      5.7	      0.0	      0.0	      0.0	 -1.59838	 -1.59838	      0.0	      NaN	      0.0	      0.0	      0.0
3.1	      5.9	      0.0	      0.0	      0.0	  -1.6379	  -1.6379	      0.0	      NaN	      0.0	      0.0	      0.0
3.1	      6.1	      0.0	      0.0	      0.0	  -1.6682	  -1.6682	      0.0	      NaN	      0.0	      0.0	      0.0
3.1	      6.3	      0.0	      0.0	      0.0	 -1.69022	 -1.69022	      0.0	      NaN	      0.0	      0.0	      0.0
3.1	      6.5	      0.0	      0.0	      0.0	 -1.70535	 -1.70535	      0.0	      NaN	      0.0	      0.0	      0.0
3.1	      6.7	      0.0	      0.0	      0.0	 -1.71531	 -1.71531	      0.0	      NaN	      0.0	      0.0	      0.0
3.1	      6.9	      0.0	      0.0	      0.0	 -1.72206	 -1.72206	      0.0	      NaN	      0.0	      0.0	      0.0
3.1	      7.1	      0.0	      0.0	      0.0	 -1.72772	 -1.72772	      0.0	      NaN	      0.0	      0.0	      0.0
3.1	      7.3	      0.0	      0.0	      0.0	 -1.73448	 -1.73448	      0.0	      NaN	      0.0	      0.0	      0.0
3.1	      7.5	      0.0	      0.0	      0.0	 -1.74446	 -1.74446	      0.0	      NaN	      0.0	      0.0	      0.0
3.1	      7.7	      0.0	      0.0	      0.0	 -1.75962	 -1.75962	      0.0	      NaN	      0.0	      0.0	      0.0
3.1	      7.9	      0.0	      0.0	      0.0	 -1.78168	 -1.78168	      0.0	      NaN	      0.0	      0.0	      0.0
3.1	      8.1	      0.0	      0.0	      0.0	 -1.81202	 -1.81202	      0.0	      NaN	      0.0	      0.0	      0.0
3.1	      8.3	      0.0	      0.0	      0.0	 -1.85159	 -1.85159	      0.0	      NaN	      0.0	      0.0	      0.0
3.1	      8.5	      0.0	      0.0	      0.0	 -1.90092	 -1.90092	      0.0	      NaN	      0.0	      0.0	      0.0
3.1	      8.7	      0.0	      0.0	      0.0	 -1.96003	 -1.96003	      0.0	      NaN	      0.0	      0.0	      0.0
3.1	      8.9	      0.0	      0.0	      0.0	 -2.02847	 -2.02847	      0.0	      NaN	      0.0	      0.0	      0.0
3.1	      9.1	      0.0	      0.0	      0.0	 -2.10535	 -2.10535	      0.0	      NaN	      0.0	      0.0	      0.0
3.1	      9.3	      0.0	      0.0	      0.0	 -2.18933	 -2.18933	      0.0	      NaN	      0.0	      0.0	      0.0
3.1	      9.5	      0.0	      0.0	      0.0	 -2.27875	 -2.27875	      0.0	      NaN	      0.0	      0.0	      0.0
3.1	      9.7	      0.0	      0.0	      0.0	 -2.37168	 -2.37168	      0.0	      NaN	      0.0	      0.0	      0.0
3.1	      9.9	      0.0	      0.0	      0.0	 -2.46599	 -2.46599	      0.0	      NaN	      0.0	      0.0	      0.0
3.1	     10.1	      0.0	      0.0	      0.0	 -2.55952	 -2.55952	      0.0	      NaN	      0.0	      0.0	      0.0
3.1	     10.3	      0.0	      0.0	      0.0	 -2.65013	 -2.65013	      0.0	      NaN	      0.0	      0.0	      0.0
3.1	     10.5	      0.0	      0.0	      0.0	 -2.73581	 -2.73581	      0.0	      NaN	      0.0	      0.0	      0.0
3.1	     10.7	      0.0	      0.0	      0.0	 -2.81482	 -2.81482	      0.0	      NaN	      0.0	      0.0	      0.0
3.1	     10.9	      0.0	      0.0	      0.0	 -2.88573	 -2.88573	      0.0	      NaN	      0.0	      0.0	      0.0
3.1	     11.1	      0.0	      0.0	      0.0	 -2.94751	 -2.94751	      0.0	      NaN	      0.0	      0.0	      0.0
3.1	     11.3	      0.0	      0.0	      0.0	 -2.99959	 -2.99959	      0.0	      NaN	      0.0	      0.0	      0.0
3.1	     11.5	      0.0	      0.0	      0.0	 -3.04185	 -3.04185	      0.0	      NaN	      0.0	      0.0	      0.0
3.1	     11.7	      0.0	      0.0	      0.0	 -3.07469	 -3.07469	      0.0	      NaN	      0.0	      0.0	      0.0
3.1	     11.9	      0.0	      0.0	      0.0	 -3.09894	 -3.09894	      0.0	      NaN	      0.0	      0.0	      0.0
3.1	     12.1	      0.0	      0.0	      0.0	 -3.11587	 -3.11587	      0.0	      NaN	      0.0	      0.0	      0.0
3.1	     12.3	      0.0	      0.0	      0.0	 -3.12711	 -3.12711	      0.0	      NaN	      0.0	      0.0	      0.0
3.1	     12.5	      0.0	      0.0	      0.0	 -3.13456	 -3.13456	      0.0	      NaN	      0.0	      0.0	      0.0
3.1	     12.7	      0.0	      0.0	      0.0	 -3.14031	 -3.14031	      0.0	      NaN	      0.0	      0.0	      0.0

3.3	      0.1	      0.0	      0.0	      0.0	-0.183207	-0.183207	      0.0	      NaN	      0.0	      0.0	      0.0
3.3	      0.3	      0.0	      0.0	      0.0	-0.211031	-0.211031	      0.0	      NaN	      0.0	      0.0	      0.0
3.3	      0.5	      0.0	      0.0	      0.0	-0.230941	-0.230941	      0.0	      NaN	      0.0	      0.0	      0.0
3.3	      0.7	      0.0	      0.0	      0.0	-0.244416	-0.244416	      0.0	      NaN	      0.0	      0.0	      0.0
3.3	      0.9	      0.0	      0.0	      0.0	-0.253251	-0.253251	      0.0	      NaN	      0.0	      0.0	      0.0
3.3	      1.1	      0.0	      0.0	      0.0	-0.259469	-0.259469	      0.0	      NaN	      0.0	      0.0	      0.0
3.3	      1.3	      0.0	      0.0	      0.0	-0.265221	-0.265221	      0.0	      NaN	      0.0	      0.0	      0.0
3.3	      1.5	      0.0	      0.0	      0.0	-0.272683	-0.272683	      0.0	      NaN	      0.0	      0.0	      0.0
3.3	      1.7	      0.0	      0.0	      0.0	-0.283944	-0.283944	      0.0	      NaN	      0.0	      0.0	      0.0
3.3	      1.9	      0.0	      0.0	      0.0	-0.300909	-0.300909	      0.0	      NaN	      0.0	      0.0	      0.0
3.3	      2.1	      0.0	      0.0	      0.0	-0.325201	-0.325201	      0.0	      NaN	      0.0	      0.0	      0.0
3.3	      2.3	      0.0	      0.0	      0.0	-0.358084	-0.358084	      0.0	      NaN	      0.0	      0.0	      0.0
3.3	      2.5	      0.0	      0.0	      0.0	-0.400399	-0.400399	      0.0	      NaN	      0.0	      0.0	      0.0
3.3	      2.7	      0.0	      0.0	      0.0	-0.452523	-0.452523	      0.0	      NaN	      0.0	      0.0	      0.0
3.3	      2.9	      0.0	      0.0	      0.0	-0.514352	-0.514352	      0.0	      NaN	      0.0	      0.0	      0.0
3.3	      3.1	      0.0	      0.0	      0.0	-0.585305	-0.585305	      0.0	      NaN	      0.0	      0.0	      0.0
3.3	      3.3	      0.0	      0.0	      0.0	-0.664351	-0.664351	      0.0	      NaN	      0.0	      0.0	      0.0
3.3	      3.5	      0.0	      0.0	      0.0	-0.750065	-0.750065	      0.0	      NaN	      0.0	      0.0	      0.0
3.3	      3.7	      0.0	      0.0	      0.0	-0.840689	-0.840689	      0.0	      NaN	      0.0	      0.0	      0.0
3.3	      3.9	      0.0	      0.0	      0.0	-0.934229	-0.934229	      0.0	      NaN	      0.0	      0.0	      0.0
3.3	      4.1	      0.0	      0.0	      0.0	 -1.02854	 -1.02854	      0.0	      NaN	      0.0	      0.0	      0.0
3.3	      4.3	      0.0	      0.0	      0.0	 -1.12146	 -1.12146	      0.0	      NaN	      0.0	      0.0	      0.0
3.3	      4.5	      0.0	      0.0	      0.0	 -1.21086	 -1.21086	      0.0	      NaN	      0.0	      0.0	      0.0
3.3	      4.7	      0.0	      0.0	      0.0	 -1.29481	 -1.29481	      0.0	      NaN	      0.0	      0.0	      0.0
3.3	      4.9	      0.0	      0.0	      0.0	 -1.37164	 -1.37164	      0.0	      NaN	      0.0	      0.0	      0.0
3.3	      5.1	      0.0	      0.0	      0.0	 -1.44004	 -1.44004	      0.0	      NaN	      0.0	      0.0	      0.0
3.3	      5.3	      0.0	      0.0	      0.0	  -1.4991	  -1.4991	      0.0	      NaN	      0.0	      0.0	      0.0
3.3	      5.5	      0.0	      0.0	      0.0	 -1.54838	 -1.54838	      0.0	      NaN	      0.0	      0.0	      0.0
3.3	      5.7	      0.0	      0.0	      0.0	  -1.5879	  -1.5879	      0.0	      NaN	      0.0	      0.0	      0.0
3.3	      5.9	      0.0	      0.0	      0.0	  -1.6182	  -1.6182	      0.0	      NaN	      0.0	      0.0	      0.0
3.3	      6.1	      0.0	      0.0	      0.0	 -1.64022	 -1.64022	      0.0	      NaN	      0.0	      0.0	      0.0
3.3	      6.3	      0.0	      0.0	      0.0	 -1.65535	 -1.65535	      0.0	      NaN	      0.0	      0.0	      0.0
3.3	      6.5	      0.0	      0.0	      0.0	 -1.66531	 -1.66531	      0.0	      NaN	      0.0	      0.0	      0.0
3.3	      6.7	      0.0	      0.0	      0.0	 -1.67206	 -1.67206	      0.0	      NaN	      0.0	      0.0	      0.0
3.3	      6.9	      0.0	      0.0	      0.0	 -1.67772	 -1.67772	      0.0	      NaN	      0.0	      0.0	      0.0
3.3	      7.1	      0.0	      0.0	      0.0	 -1.68448	 -1.68448	      0.0	      NaN	      0.0	      0.0	      0.0
3.3	      7.3	      0.0	      0.0	      0.0	 -1.69446	 -1.69446	      0.0	      NaN	      0.0	      0.0	      0.0
3.3	      7.5	      0.0	      0.0	      0.0	 -1.70962	 -1.70962	      0.0	      NaN	      0.0	      0.0	      0.0
3.3	      7.7	      0.0	      0.0	      0.0	 -1.73168	 -1.73168	      0.0	      NaN	      0.0	      0.0	      0.0
3.3	      7.9	      0.0	      0.0	      0.0	 -1.76202	 -1.76202	      0.0	      NaN	      0.0	      0.0	      0.0
3.3	      8.1	      0.0	      0.0	      0.0	 -1.80159	 -1.80159	      0.0	      NaN	      0.0	      0.0	      0.0
3.3	      8.3	      0.0	      0.0	      0.0	 -1.85092	 -1.85092	      0.0	      NaN	      0.0	      0.0	      0.0
3.3	      8.5	      0.0	      0.0	      0.0	 -1.91003	 -1.91003	      0.0	      NaN	      0.0	      0.0	      0.0
3.3	      8.7	      0.0	      0.0	      0.0	 -1.97847	 -1.97847	      0.0	      NaN	      0.0	      0.0	      0.0
3.3	      8.9	      0.0	      0.0	      0.0	 -2.05535	 -2.05535	      0.0	      NaN	      0.0	      0.0	      0.0
3.3	      9.1	      0.0	      0.0	      0.0	 -2.13933	 -2.13933	      0.0	      NaN	      0.0	      0.0	      0.0
3.3	      9.3	      0.0	      0.0	      0.0	 -2.22875	 -2.22875	      0.0	      NaN	      0.0	      0.0	      0.0
3.3	      9.5	      0.0	      0.0	      0.0	 -2.32168	 -2.32168	      0.0	      NaN	      0.0	      0.0	      0.0
3.3	      9.7	      0.0	      0.0	      0.0	   -2.416	   -2.416	      0.0	      NaN	      0.0	      0.0	      0.0
3.3	      9.9	      0.0	      0.0	      0.0	 -2.50953	 -2.50953	      0.0	      NaN	      0.0	      0.0	      0.0
3.3	     10.1	      0.0	      0.0	      0.0	 -2.60013	 -2.60013	      0.0	      NaN	      0.0	      0.0	      0.0
3.3	     10.3	      0.0	      0.0	      0.0	 -2.68581	 -2.68581	      0.0	      NaN	      0.0	      0.0	      0.0
3.3	     10.5	      0.0	      0.0	      0.0	 -2.76482	 -2.76482	      0.0	      NaN	      0.0	      0.0	      0.0
3.3	     10.7	      0.0	      0.0	      0.0	 -2.83573	 -2.83573	      0.0	      NaN	      0.0	      0.0	      0.0
3.3	     10.9	      0.0	      0.0	      0.0	 -2.89751	 -2.89751	      0.0	      NaN	      0.0	      0.0	      0.0
3.3	     11.1	      0.0	      0.0	      0.0	 -2.94959	 -2.94959	      0.0	      NaN	      0.0	      0.0	      0.0
3.3	     11.3	      0.0	      0.0	      0.0	 -2.99185	 -2.99185	      0.0	      NaN	      0.0	      0.0	      0.0
3.3	     11.5	      0.0	      0.0	      0.0	 -3.02469	 -3.02469	      0.0	      NaN	      0.0	      0.0	      0.0
3.3	     11.7	      0.0	      0.0	      0.0	 -3.04894	 -3.04894	      0.0	      NaN	      0.0	      0.0	      0.0
3.3	     11.9	      0.0	      0.0	      0.0	 -3.06587	 -3.06587	      0.0	      NaN	      0.0	      0.0	      0.0
3.3	     12.1	      0.0	      0.0	      0.0	 -3.07711	 -3.07711	      0.0	      NaN	      0.0	      0.0	      0.0
3.3	     12.3	      0.0	      0.0	      0.0	 -3.08456	 -3.08456	      0.0	      NaN	      0.0	      0.0	      0.0
3.3	     12.5	      0.0	      0.0	      0.0	 -3.09031	 -3.09031	      0.0	      NaN	      0.0	      0.0	      0.0
3.3	     12.7	      0.0	      0.0	      0.0	 -3.09653	 -3.09653	      0.0	      NaN	      0.0	      0.0	      0.0

3.5	      0.1	      0.0	      0.0	      0.0	-0.161031	-0.161031	      0.0	      NaN	      0.0	      0.0	      0.0
3.5	      0.3	      0.0	      0.0	      0.0	-0.180941	-0.180941	      0.0	      NaN	      0.0	      0.0	      0.0
3.5	      0.5	      0.0	      0.0	      0.0	-0.194416	-0.194416	      0.0	      NaN	      0.0	      0.0	      0.0
3.5	      0.7	      0.0	      0.0	      0.0	-0.203251	-0.203251	      0.0	      NaN	      0.0	      0.0	      0.0
3.5	      0.9	      0.0	      0.0	      0.0	-0.209469	-0.209469	      0.0	      NaN	      0.0	      0.0	      0.0
3.5	      1.1	      0.0	      0.0	      0.0	-0.215221	-0.215221	      0.0	      NaN	      0.0	      0.0	      0.0
3.5	      1.3	      0.0	      0.0	      0.0	-0.222683	-0.222683	      0.0	      NaN	      0.0	      0.0	      0.0
3.5	      1.5	      0.0	      0.0	      0.0	-0.233944	-0.233944	      0.0	      NaN	      0.0	      0.0	      0.0
3.5	      1.7	      0.0	      0.0	      0.0	-0.250909	-0.250909	      0.0	      NaN	      0.0	      0.0	      0.0
3.5	      1.9	      0.0	      0.0	      0.0	-0.275201	-0.275201	      0.0	      NaN	      0.0	      0.0	      0.0
3.5	      2.1	      0.0	      0.0	      0.0	-0.308084	-0.308084	      0.0	      NaN	      0.0	      0.0	      0.0
3.5	      2.3	      0.0	      0.0	      0.0	-0.350399	-0.350399	      0.0	      NaN	      0.0	      0.0	      0.0
3.5	      2.5	      0.0	      0.0	      0.0	-0.402523	-0.402523	      0.0	      NaN	      0.0	      0.0	      0.0
3.5	      2.7	      0.0	      0.0	      0.0	-0.464352	-0.464352	      0.0	      NaN	      0.0	      0.0	      0.0
3.5	      2.9	      0.0	      0.0	      0.0	-0.535305	-0.535305	      0.0	      NaN	      0.0	      0.0	      0.0
3.5	      3.1	      0.0	      0.0	      0.0	-0.614351	-0.614351	      0.0	      NaN	      0.0	      0.0	      0.0
3.5	      3.3	      0.0	      0.0	      0.0	-0.700065	-0.700065	      0.0	      NaN	      0.0	      0.0	      0.0
3.5	      3.5	      0.0	      0.0	      0.0	-0.790689	-0.790689	      0.0	      NaN	      0.0	      0.0	      0.0
3.5	      3.7	      0.0	      0.0	      0.0	-0.884229	-0.884229	      0.0	      NaN	      0.0	      0.0	      0.0
3.5	      3.9	      0.0	      0.0	      0.0	-0.978544	-0.978544	      0.0	      NaN	      0.0	      0.0	      0.0
3.5	      4.1	      0.0	      0.0	      0.0	 -1.07146	 -1.07146	      0.0	      NaN	      0.0	      0.0	      0.0
3.5	      4.3	      0.0	      0.0	      0.0	 -1.16086	 -1.16086	      0.0	      NaN	      0.0	      0.0	      0.0
3.5	      4.5	      0.0	      0.0	      0.0	 -1.24481	 -1.24481	      0.0	      NaN	      0.0	      0.0	      0.0
3.5	      4.7	      0.0	      0.0	      0.0	 -1.32164	 -1.32164	      0.0	      NaN	      0.0	      0.0	      0.0
3.5	      4.9	      0.0	      0.0	      0.0	 -1.39004	 -1.39004	      0.0	      NaN	      0.0	      0.0	      0.0
3.5	      5.1	      0.0	      0.0	      0.0	  -1.4491	  -1.4491	      0.0	      NaN	      0.0	      0.0	      0.0
3.5	      5.3	      0.0	      0.0	      0.0	 -1.49838	 -1.49838	      0.0	      NaN	      0.0	      0.0	      0.0
3.5	      5.5	      0.0	      0.0	      0.0	  -1.5379	  -1.5379	      0.0	      NaN	      0.0	      0.0	      0.0
3.5	      5.7	      0.0	      0.0	      0.0	  -1.5682	  -1.5682	      0.0	      NaN	      0.0	      0.0	      0.0
3.5	      5.9	      0.0	      0.0	      0.0	 -1.59022	 -1.59022	      0.0	      NaN	      0.0	      0.0	      0.0
3.5	      6.1	      0.0	      0.0	      0.0	 -1.60536	 -1.60536	      0.0	      NaN	      0.0	      0.0	      0.0
3.5	      6.3	      0.0	      0.0	      0.0	 -1.61531	 -1.61531	      0.0	      NaN	      0.0	      0.0	      0.0
3.5	      6.5	      0.0	      0.0	      0.0	 -1.62206	 -1.62206	      0.0	      NaN	      0.0	      0.0	      0.0
3.5	      6.7	      0.0	      0.0	      0.0	 -1.62772	 -1.62772	      0.0	      NaN	      0.0	      0.0	      0.0
3.5	      6.9	      0.0	      0.0	      0.0	 -1.63448	 -1.63448	      0.0	      NaN	      0.0	      0.0	      0.0
3.5	      7.1	      0.0	      0.0	      0.0	 -1.64446	 -1.64446	      0.0	      NaN	      0.0	      0.0	      0.0
3.5	      7.3	      0.0	      0.0	      0.0	 -1.65962	 -1.65962	      0.0	      NaN	      0.0	      0.0	      0.0
3.5	      7.5	      0.0	      0.0	      0.0	 -1.68168	 -1.68168	      0.0	      NaN	      0.0	      0.0	      0.0
3.5	      7.7	      0.0	      0.0	      0.0	 -1.71202	 -1.71202	      0.0	      NaN	      0.0	      0.0	      0.0
3.5	      7.9	      0.0	      0.0	      0.0	 -1.75159	 -1.75159	      0.0	      NaN	      0.0	      0.0	      0.0
3.5	      8.1	      0.0	      0.0	      0.0	 -1.80092	 -1.80092	      0.0	      NaN	      0.0	      0.0	      0.0
3.5	      8.3	      0.0	      0.0	      0.0	 -1.86003	 -1.86003	      0.0	      NaN	      0.0	      0.0	      0.0
3.5	      8.5	      0.0	      0.0	      0.0	 -1.92847	 -1.92847	      0.0	      NaN	      0.0	      0.0	      0.0
3.5	      8.7	      0.0	      0.0	      0.0	 -2.00535	 -2.00535	      0.0	      NaN	      0.0	      0.0	      0.0
3.5	      8.9	      0.0	      0.0	      0.0	 -2.08933	 -2.08933	      0.0	      NaN	      0.0	      0.0	      0.0
3.5	      9.1	      0.0	      0.0	      0.0	 -2.17875	 -2.17875	      0.0	      NaN	      0.0	      0.0	      0.0
3.5	      9.3	      0.0	      0.0	      0.0	 -2.27168	 -2.27168	      0.0	      NaN	      0.0	      0.0	      0.0
3.5	      9.5	      0.0	      0.0	      0.0	 -2.36599	 -2.36599	      0.0	      NaN	      0.0	      0.0	      0.0
3.5	      9.7	      0.0	      0.0	      0.0	 -2.45953	 -2.45953	      0.0	      NaN	      0.0	      0.0	      0.0
3.5	      9.9	      0.0	      0.0	      0.0	 -2.55013	 -2.55013	      0.0	      NaN	      0.0	      0.0	      0.0
3.5	     10.1	      0.0	      0.0	      0.0	 -2.63581	 -2.63581	      0.0	      NaN	      0.0	      0.0	      0.0
3.5	     10.3	      0.0	      0.0	      0.0	 -2.71482	 -2.71482	      0.0	      NaN	      0.0	      0.0	      0.0
3.5	     10.5	      0.0	      0.0	      0.0	 -2.78573	 -2.78573	      0.0	      NaN	      0.0	      0.0	      0.0
3.5	     10.7	      0.0	      0.0	      0.0	 -2.84751	 -2.84751	      0.0	      NaN	      0.0	      0.0	      0.0
3.5	     10.9	      0.0	      0.0	      0.0	 -2.89959	 -2.89959	      0.0	      NaN	      0.0	      0.0	      0.0
3.5	     11.1	      0.0	      0.0	      0.0	 -2.94185	 -2.94185	      0.0	      NaN	      0.0	      0.0	      0.0
3.5	     11.3	      0.0	      0.0	      0.0	 -2.97469	 -2.97469	      0.0	      NaN	      0.0	      0.0	      0.0
3.5	     11.5	      0.0	      0.0	      0.0	 -2.99894	 -2.99894	      0.0	      NaN	      0.0	      0.0	      0.0
3.5	     11.7	      0.0	      0.0	      0.0	 -3.01587	 -3.01587	      0.0	      NaN	      0.0	      0.0	      0.0
3.5	     11.9	      0.0	      0.0	      0.0	 -3.02711	 -3.02711	      0.0	      NaN	      0.0	      0.0	      0.0
3.5	     12.1	      0.0	      0.0	      0.0	 -3.03456	 -3.03456	      0.0	      NaN	      0.0	      0.0	      0.0
3.5	     12.3	      0.0	      0.0	      0.0	 -3.04031	 -3.04031	      0.0	      NaN	      0.0	      0.0	      0.0
3.5	     12.5	      0.0	      0.0	      0.0	 -3.04653	 -3.04653	      0.0	      NaN	      0.0	      0.0	      0.0
3.5	     12.7	      0.0	      0.0	      0.0	 -3.05539	 -3.05539	      0.0	      NaN	      0.0	      0.0	      0.0

3.7	      0.1	      0.0	      0.0	      0.0	-0.130941	-0.130941	      0.0	      NaN	      0.0	      0.0	      0.0
3.7	      0.3	      0.0	      0.0	      0.0	-0.144416	-0.144416	      0.0	      NaN	      0.0	      0.0	      0.0
3.7	      0.5	      0.0	      0.0	      0.0	-0.153251	-0.153251	      0.0	      NaN	      0.0	      0.0	      0.0
3.7	      0.7	      0.0	      0.0	      0.0	-0.159469	-0.159469	      0.0	      NaN	      0.0	      0.0	      0.0
3.7	      0.9	      0.0	      0.0	      0.0	-0.165221	-0.165221	      0.0	      NaN	      0.0	      0.0	      0.0
3.7	      1.1	      0.0	      0.0	      0.0	-0.172683	-0.172683	      0.0	      NaN	      0.0	      0.0	      0.0
3.7	      1.3	      0.0	      0.0	      0.0	-0.183944	-0.183944	      0.0	      NaN	      0.0	      0.0	      0.0
3.7	      1.5	      0.0	      0.0	      0.0	-0.200909	-0.200909	      0.0	      NaN	      0.0	      0.0	      0.0
3.7	      1.7	      0.0	      0.0	      0.0	-0.225201	-0.225201	      0.0	      NaN	      0.0	      0.0	      0.0
3.7	      1.9	      0.0	      0.0	      0.0	-0.258084	-0.258084	      0.0	      NaN	      0.0	      0.0	      0.0
3.7	      2.1	      0.0	      0.0	      0.0	-0.300399	-0.300399	      0.0	      NaN	      0.0	      0.0	      0.0
3.7	      2.3	      0.0	      0.0	      0.0	-0.352523	-0.352523	      0.0	      NaN	      0.0	      0.0	      0.0
3.7	      2.5	      0.0	      0.0	      0.0	-0.414352	-0.414352	      0.0	      NaN	      0.0	      0.0	      0.0
3.7	      2.7	      0.0	      0.0	      0.0	-0.485305	-0.485305	      0.0	      NaN	      0.0	      0.0	      0.0
3.7	      2.9	      0.0	      0.0	      0.0	-0.564351	-0.564351	      0.0	      NaN	      0.0	      0.0	      0.0
3.7	      3.1	      0.0	      0.0	      0.0	-0.650065	-0.650065	      0.0	      NaN	      0.0	      0.0	      0.0
3.7	      3.3	      0.0	      0.0	      0.0	 -0.74069	 -0.74069	      0.0	      NaN	      0.0	      0.0	      0.0
3.7	      3.5	      0.0	      0.0	      0.0	-0.834229	-0.834229	      0.0	      NaN	      0.0	      0.0	      0.0
3.7	      3.7	      0.0	      0.0	      0.0	-0.928544	-0.928544	      0.0	      NaN	      0.0	      0.0	      0.0
3.7	      3.9	      0.0	      0.0	      0.0	 -1.02146	 -1.02146	      0.0	      NaN	      0.0	      0.0	      0.0
3.7	      4.1	      0.0	      0.0	      0.0	 -1.11086	 -1.11086	      0.0	      NaN	      0.0	      0.0	      0.0
3.7	      4.3	      0.0	      0.0	      0.0	 -1.19481	 -1.19481	      0.0	      NaN	      0.0	      0.0	      0.0
3.7	      4.5	      0.0	      0.0	      0.0	 -1.27164	 -1.27164	      0.0	      NaN	      0.0	      0.0	      0.0
3.7	      4.7	      0.0	      0.0	      0.0	 -1.34004	 -1.34004	      0.0	      NaN	      0.0	      0.0	      0.0
3.7	      4.9	      0.0	      0.0	      0.0	  -1.3991	  -1.3991	      0.0	      NaN	      0.0	      0.0	      0.0
3.7	      5.1	      0.0	      0.0	      0.0	 -1.44838	 -1.44838	      0.0	      NaN	      0.0	      0.0	      0.0
3.7	      5.3	      0.0	      0.0	      0.0	  -1.4879	  -1.4879	      0.0	      NaN	      0.0	      0.0	      0.0
3.7	      5.5	      0.0	      0.0	      0.0	  -1.5182	  -1.5182	      0.0	      NaN	      0.0	      0.0	      0.0
3.7	      5.7	      0.0	      0.0	      0.0	 -1.54022	 -1.54022	      0.0	      NaN	      0.0	      0.0	      0.0
3.7	      5.9	      0.0	      0.0	      0.0	 -1.55536	 -1.55536	      0.0	      NaN	      0.0	      0.0	      0.0
3.7	      6.1	      0.0	      0.0	      0.0	 -1.56531	 -1.56531	      0.0	      NaN	      0.0	      0.0	      0.0
3.7	      6.3	      0.0	      0.0	      0.0	 -1.57206	 -1.57206	      0.0	      NaN	      0.0	      0.0	      0.0
3.7	      6.5	      0.0	      0.0	      0.0	 -1.57772	 -1.57772	      0.0	      NaN	      0.0	      0.0	      0.0
3.7	      6.7	      0.0	      0.0	      0.0	 -1.58448	 -1.58448	      0.0	      NaN	      0.0	      0.0	      0.0
3.7	      6.9	      0.0	      0.0	      0.0	 -1.59445	 -1.59445	      0.0	      NaN	      0.0	      0.0	      0.0
3.7	      7.1	      0.0	      0.0	      0.0	 -1.60962	 -1.60962	      0.0	      NaN	      0.0	      0.0	      0.0
3.7	      7.3	      0.0	      0.0	      0.0	 -1.63168	 -1.63168	      0.0	      NaN	      0.0	      0.0	      0.0
3.7	      7.5	      0.0	      0.0	      0.0	 -1.66202	 -1.66202	      0.0	      NaN	      0.0	      0.0	      0.0
3.7	      7.7	      0.0	      0.0	      0.0	 -1.70159	 -1.70159	      0.0	      NaN	      0.0	      0.0	      0.0
3.7	      7.9	      0.0	      0.0	      0.0	 -1.75092	 -1.75092	      0.0	      NaN	      0.0	      0.0	      0.0
3.7	      8.1	      0.0	      0.0	      0.0	 -1.81003	 -1.81003	      0.0	      NaN	      0.0	      0.0	      0.0
3.7	      8.3	      0.0	      0.0	      0.0	 -1.87847	 -1.87847	      0.0	      NaN	      0.0	      0.0	      0.0
3.7	      8.5	      0.0	      0.0	      0.0	 -1.95535	 -1.95535	      0.0	      NaN	      0.0	      0.0	      0.0
3.7	      8.7	      0.0	      0.0	      0.0	 -2.03933	 -2.03933	      0.0	      NaN	      0.0	      0.0	      0.0
3.7	      8.9	      0.0	      0.0	      0.0	 -2.12875	 -2.12875	      0.0	      NaN	      0.0	      0.0	      0.0
3.7	      9.1	      0.0	      0.0	      0.0	 -2.22168	 -2.22168	      0.0	      NaN	      0.0	      0.0	      0.0
3.7	      9.3	      0.0	      0.0	      0.0	   -2.316	   -2.316	      0.0	      NaN	      0.0	      0.0	      0.0
3.7	      9.5	      0.0	      0.0	      0.0	 -2.40952	 -2.40952	      0.0	      NaN	      0.0	      0.0	      0.0
3.7	      9.7	      0.0	      0.0	      0.0	 -2.50013	 -2.50013	      0.0	      NaN	      0.0	      0.0	      0.0
3.7	      9.9	      0.0	      0.0	      0.0	 -2.58581	 -2.58581	      0.0	      NaN	      0.0	      0.0	      0.0
3.7	     10.1	      0.0	      0.0	      0.0	 -2.66482	 -2.66482	      0.0	      NaN	      0.0	      0.0	      0.0
3.7	     10.3	      0.0	      0.0	      0.0	 -2.73573	 -2.73573	      0.0	      NaN	      0.0	      0.0	      0.0
3.7	     10.5	      0.0	      0.0	      0.0	 -2.79751	 -2.79751	      0.0	      NaN	      0.0	      0.0	      0.0
3.7	     10.7	      0.0	      0.0	      0.0	 -2.84959	 -2.84959	      0.0	      NaN	      0.0	      0.0	      0.0
3.7	     10.9	      0.0	      0.0	      0.0	 -2.89185	 -2.89185	      0.0	      NaN	      0.0	      0.0	      0.0
3.7	     11.1	      0.0	      0.0	      0.0	 -2.92469	 -2.92469	      0.0	      NaN	      0.0	      0.0	      0.0
3.7	     11.3	      0.0	      0.0	      0.0	 -2.94894	 -2.94894	      0.0	      NaN	      0.0	      0.0	      0.0
3.7	     11.5	      0.0	      0.0	      0.0	 -2.96587	 -2.96587	      0.0	      NaN	      0.0	      0.0	      0.0
3.7	     11.7	      0.0	      0.0	      0.0	 -2.97711	 -2.97711	      0.0	      NaN	      0.0	      0.0	      0.0
3.7	     11.9	      0.0	      0.0	      0.0	 -2.98456	 -2.98456	      0.0	      NaN	      0.0	      0.0	      0.0
3.7	     12.1	      0.0	      0.0	      0.0	 -2.99031	 -2.99031	      0.0	      NaN	      0.0	      0.0	      0.0
3.7	     12.3	      0.0	      0.0	      0.0	 -2.99653	 -2.99653	      0.0	      NaN	      0.0	      0.0	      0.0
3.7	     12.5	      0.0	      0.0	      0.0	 -3.00539	 -3.00539	      0.0	      NaN	      0.0	      0.0	      0.0
3.7	     12.7	      0.0	      0.0	      0.0	 -3.01889	 -3.01889	      0.0	      NaN	      0.0	      0.0	      0.0

3.9	      0.1	      0.0	      0.0	      0.0	-0.094416	-0.094416	      0.0	      NaN	      0.0	      0.0	      0.0
3.9	      0.3	      0.0	      0.0	      0.0	-0.103251	-0.103251	      0.0	      NaN	      0.0	      0.0	      0.0
3.9	      0.5	      0.0	      0.0	      0.0	-0.109469	-0.109469	      0.0	      NaN	      0.0	      0.0	      0.0
3.9	      0.7	      0.0	      0.0	      0.0	-0.115221	-0.115221	      0.0	      NaN	      0.0	      0.0	      0.0
3.9	      0.9	      0.0	      0.0	      0.0	-0.122683	-0.122683	      0.0	      NaN	      0.0	      0.0	      0.0
3.9	      1.1	      0.0	      0.0	      0.0	-0.133944	-0.133944	      0.0	      NaN	      0.0	      0.0	      0.0
3.9	      1.3	      0.0	      0.0	      0.0	-0.150909	-0.150909	      0.0	      NaN	      0.0	      0.0	      0.0
3.9	      1.5	      0.0	      0.0	      0.0	-0.175201	-0.175201	      0.0	      NaN	      0.0	      0.0	      0.0
3.9	      1.7	      0.0	      0.0	      0.0	-0.208084	-0.208084	      0.0	      NaN	      0.0	      0.0	      0.0
3.9	      1.9	      0.0	      0.0	      0.0	-0.250399	-0.250399	      0.0	      NaN	      0.0	      0.0	      0.0
3.9	      2.1	      0.0	      0.0	      0.0	-0.302523	-0.302523	      0.0	      NaN	      0.0	      0.0	      0.0
3.9	      2.3	      0.0	      0.0	      0.0	-0.364352	-0.364352	      0.0	      NaN	      0.0	      0.0	      0.0
3.9	      2.5	      0.0	      0.0	      0.0	-0.435305	-0.435305	      0.0	      NaN	      0.0	      0.0	      0.0
3.9	      2.7	      0.0	      0.0	      0.0	-0.514351	-0.514351	      0.0	      NaN	      0.0	      0.0	      0.0
3.9	      2.9	      0.0	      0.0	      0.0	-0.600065	-0.600065	      0.0	      NaN	      0.0	      0.0	      0.0
3.9	      3.1	      0.0	      0.0	      0.0	 -0.69069	 -0.69069	      0.0	      NaN	      0.0	      0.0	      0.0
3.9	      3.3	      0.0	      0.0	      0.0	-0.784229	-0.784229	      0.0	      NaN	      0.0	      0.0	      0.0
3.9	      3.5	      0.0	      0.0	      0.0	-0.878544	-0.878544	      0.0	      NaN	      0.0	      0.0	      0.0
3.9	      3.7	      0.0	      0.0	      0.0	-0.971456	-0.971456	      0.0	      NaN	      0.0	      0.0	      0.0
3.9	      3.9	      0.0	      0.0	      0.0	 -1.06086	 -1.06086	      0.0	      NaN	      0.0	      0.0	      0.0
3.9	      4.1	      0.0	      0.0	      0.0	 -1.14481	 -1.14481	      0.0	      NaN	      0.0	      0.0	      0.0
3.9	      4.3	      0.0	      0.0	      0.0	 -1.22164	 -1.22164	      0.0	      NaN	      0.0	      0.0	      0.0
3.9	      4.5	      0.0	      0.0	      0.0	 -1.29004	 -1.29004	      0.0	      NaN	      0.0	      0.0	      0.0
3.9	      4.7	      0.0	      0.0	      0.0	  -1.3491	  -1.3491	      0.0	      NaN	      0.0	      0.0	      0.0
3.9	      4.9	      0.0	      0.0	      0.0	 -1.39838	 -1.39838	      0.0	      NaN	      0.0	      0.0	      0.0
3.9	      5.1	      0.0	      0.0	      0.0	  -1.4379	  -1.4379	      0.0	      NaN	      0.0	      0.0	      0.0
3.9	      5.3	      0.0	      0.0	      0.0	  -1.4682	  -1.4682	      0.0	      NaN	      0.0	      0.0	      0.0
3.9	      5.5	      0.0	      0.0	      0.0	 -1.49022	 -1.49022	      0.0	      NaN	      0.0	      0.0	      0.0
3.9	      5.7	      0.0	      0.0	      0.0	 -1.50535	 -1.50535	      0.0	      NaN	      0.0	      0.0	      0.0
3.9	      5.9	      0.0	      0.0	      0.0	 -1.51531	 -1.51531	      0.0	      NaN	      0.0	      0.0	      0.0
3.9	      6.1	      0.0	      0.0	      0.0	 -1.52206	 -1.52206	      0.0	      NaN	      0.0	      0.0	      0.0
3.9	      6.3	      0.0	      0.0	      0.0	 -1.52772	 -1.52772	      0.0	      NaN	      0.0	      0.0	      0.0
3.9	      6.5	      0.0	      0.0	      0.0	 -1.53448	 -1.53448	      0.0	      NaN	      0.0	      0.0	      0.0
3.9	      6.7	      0.0	      0.0	      0.0	 -1.54445	 -1.54445	      0.0	      NaN	      0.0	      0.0	      0.0
3.9	      6.9	      0.0	      0.0	      0.0	 -1.55962	 -1.55962	      0.0	      NaN	      0.0	      0.0	      0.0
3.9	      7.1	      0.0	      0.0	      0.0	 -1.58168	 -1.58168	      0.0	      NaN	      0.0	      0.0	      0.0
3.9	      7.3	      0.0	      0.0	      0.0	 -1.61202	 -1.61202	      0.0	      NaN	      0.0	      0.0	      0.0
3.9	      7.5	      0.0	      0.0	      0.0	 -1.65159	 -1.65159	      0.0	      NaN	      0.0	      0.0	      0.0
3.9	      7.7	      0.0	      0.0	      0.0	 -1.70092	 -1.70092	      0.0	      NaN	      0.0	      0.0	      0.0
3.9	      7.9	      0.0	      0.0	      0.0	 -1.76003	 -1.76003	      0.0	      NaN	      0.0	      0.0	      0.0
3.9	      8.1	      0.0	      0.0	      0.0	 -1.82847	 -1.82847	      0.0	      NaN	      0.0	      0.0	      0.0
3.9	      8.3	      0.0	      0.0	      0.0	 -1.90535	 -1.90535	      0.0	      NaN	      0.0	      0.0	      0.0
3.9	      8.5	      0.0	      0.0	      0.0	 -1.98933	 -1.98933	      0.0	      NaN	      0.0	      0.0	      0.0
3.9	      8.7	      0.0	      0.0	      0.0	 -2.07875	 -2.07875	      0.0	      NaN	      0.0	      0.0	      0.0
3.9	      8.9	      0.0	      0.0	      0.0	 -2.17168	 -2.17168	      0.0	      NaN	      0.0	      0.0	      0.0
3.9	      9.1	      0.0	      0.0	      0.0	   -2.266	   -2.266	      0.0	      NaN	      0.0	      0.0	      0.0
3.9	      9.3	      0.0	      0.0	      0.0	 -2.35953	 -2.35953	      0.0	      NaN	      0.0	      0.0	      0.0
3.9	      9.5	      0.0	      0.0	      0.0	 -2.45013	 -2.45013	      0.0	      NaN	      0.0	      0.0	      0.0
3.9	      9.7	      0.0	      0.0	      0.0	 -2.53581	 -2.53581	      0.0	      NaN	      0.0	      0.0	      0.0
3.9	      9.9	      0.0	      0.0	      0.0	 -2.61482	 -2.61482	      0.0	      NaN	      0.0	      0.0	      0.0
3.9	     10.1	      0.0	      0.0	      0.0	 -2.68573	 -2.68573	      0.0	      NaN	      0.0	      0.0	      0.0
3.9	     10.3	      0.0	      0.0	      0.0	 -2.74751	 -2.74751	      0.0	      NaN	      0.0	      0.0	      0.0
3.9	     10.5	      0.0	      0.0	      0.0	 -2.79959	 -2.79959	      0.0	      NaN	      0.0	      0.0	      0.0
3.9	     10.7	      0.0	      0.0	      0.0	 -2.84185	 -2.84185	      0.0	      NaN	      0.0	      0.0	      0.0
3.9	     10.9	      0.0	      0.0	      0.0	 -2.87469	 -2.87469	      0.0	      NaN	      0.0	      0.0	      0.0
3.9	     11.1	      0.0	      0.0	      0.0	 -2.89894	 -2.89894	      0.0	      NaN	      0.0	      0.0	      0.0
3.9	     11.3	      0.0	      0.0	      0.0	 -2.91587	 -2.91587	      0.0	      NaN	      0.0	      0.0	      0.0
3.9	     11.5	      0.0	      0.0	      0.0	 -2.92711	 -2.92711	      0.0	      NaN	      0.0	      0.0	      0.0
3.9	     11.7	      0.0	      0.0	      0.0	 -2.93456	 -2.93456	      0.0	      NaN	      0.0	      0.0	      0.0
3.9	     11.9	      0.0	      0.0	      0.0	 -2.94031	 -2.94031	      0.0	      NaN	      0.0	      0.0	      0.0
3.9	     12.1	      0.0	      0.0	      0.0	 -2.94653	 -2.94653	      0.0	      NaN	      0.0	      0.0	      0.0
3.9	     12.3	      0.0	      0.0	      0.0	 -2.95539	 -2.95539	      0.0	      NaN	      0.0	      0.0	      0.0
3.9	     12.5	      0.0	      0.0	      0.0	 -2.96889	 -2.96889	      0.0	      NaN	      0.0	      0.0	      0.0
3.9	     12.7	      0.0	      0.0	      0.0	 -2.98884	 -2.98884	      0.0	      NaN	      0.0	      0.0	      0.0

4.1	      0.1	      0.0	      0.0	      0.0	-0.053251	-0.053251	      0.0	      NaN	      0.0	      0.0	      0.0
4.1	      0.3	      0.0	      0.0	      0.0	-0.059469	-0.059469	      0.0	      NaN	      0.0	      0.0	      0.0
4.1	      0.5	      0.0	      0.0	      0.0	-0.065221	-0.065221	      0.0	      NaN	      0.0	      0.0	      0.0
4.1	      0.7	      0.0	      0.0	      0.0	-0.072683	-0.072683	      0.0	      NaN	      0.0	      0.0	      0.0
4.1	      0.9	      0.0	      0.0	      0.0	-0.083944	-0.083944	      0.0	      NaN	      0.0	      0.0	      0.0
4.1	      1.1	      0.0	      0.0	      0.0	-0.100909	-0.100909	      0.0	      NaN	      0.0	      0.0	      0.0
4.1	      1.3	      0.0	      0.0	      0.0	-0.125201	-0.125201	      0.0	      NaN	      0.0	      0.0	      0.0
4.1	      1.5	      0.0	      0.0	      0.0	-0.158084	-0.158084	      0.0	      NaN	      0.0	      0.0	      0.0
4.1	      1.7	      0.0	      0.0	      0.0	-0.200399	-0.200399	      0.0	      NaN	      0.0	      0.0	      0.0
4.1	      1.9	      0.0	      0.0	      0.0	-0.252523	-0.252523	      0.0	      NaN	      0.0	      0.0	      0.0
4.1	      2.1	      0.0	      0.0	      0.0	-0.314352	-0.314352	      0.0	      NaN	      0.0	      0.0	      0.0
4.1	      2.3	      0.0	      0.0	      0.0	-0.385305	-0.385305	      0.0	      NaN	      0.0	      0.0	      0.0
4.1	      2.5	      0.0	      0.0	      0.0	-0.464351	-0.464351	      0.0	      NaN	      0.0	      0.0	      0.0
4.1	      2.7	      0.0	      0.0	      0.0	-0.550065	-0.550065	      0.0	      NaN	      0.0	      0.0	      0.0
4.1	      2.9	      0.0	      0.0	      0.0	-0.640689	-0.640689	      0.0	      NaN	      0.0	      0.0	      0.0
4.1	      3.1	      0.0	      0.0	      0.0	-0.734229	-0.734229	      0.0	      NaN	      0.0	      0.0	      0.0
4.1	      3.3	      0.0	      0.0	      0.0	-0.828544	-0.828544	      0.0	      NaN	      0.0	      0.0	      0.0
4.1	      3.5	      0.0	      0.0	      0.0	-0.921456	-0.921456	      0.0	      NaN	      0.0	      0.0	      0.0
4.1	      3.7	      0.0	      0.0	      0.0	 -1.01086	 -1.01086	      0.0	      NaN	      0.0	      0.0	      0.0
4.1	      3.9	      0.0	      0.0	      0.0	 -1.09481	 -1.09481	      0.0	      NaN	      0.0	      0.0	      0.0
4.1	      4.1	      0.0	      0.0	      0.0	 -1.17164	 -1.17164	      0.0	      NaN	      0.0	      0.0	      0.0
4.1	      4.3	      0.0	      0.0	      0.0	 -1.24004	 -1.24004	      0.0	      NaN	      0.0	      0.0	      0.0
4.1	      4.5	      0.0	      0.0	      0.0	  -1.2991	  -1.2991	      0.0	      NaN	      0.0	      0.0	      0.0
4.1	      4.7	      0.0	      0.0	      0.0	 -1.34838	 -1.34838	      0.0	      NaN	      0.0	      0.0	      0.0
4.1	      4.9	      0.0	      0.0	      0.0	  -1.3879	  -1.3879	      0.0	      NaN	      0.0	      0.0	      0.0
4.1	      5.1	      0.0	      0.0	      0.0	  -1.4182	  -1.4182	      0.0	      NaN	      0.0	      0.0	      0.0
4.1	      5.3	      0.0	      0.0	      0.0	 -1.44022	 -1.44022	      0.0	      NaN	      0.0	      0.0	      0.0
4.1	      5.5	      0.0	      0.0	      0.0	 -1.45535	 -1.45535	      0.0	      NaN	      0.0	      0.0	      0.0
4.1	      5.7	      0.0	      0.0	      0.0	 -1.46531	 -1.46531	      0.0	      NaN	      0.0	      0.0	      0.0
4.1	      5.9	      0.0	      0.0	      0.0	 -1.47206	 -1.47206	      0.0	      NaN	      0.0	      0.0	      0.0
4.1	      6.1	      0.0	      0.0	      0.0	 -1.47772	 -1.47772	      0.0	      NaN	      0.0	      0.0	      0.0
4.1	      6.3	      0.0	      0.0	      0.0	 -1.48448	 -1.48448	      0.0	      NaN	      0.0	      0.0	      0.0
4.1	      6.5	      0.0	      0.0	      0.0	 -1.49446	 -1.49446	      0.0	      NaN	      0.0	      0.0	      0.0
4.1	      6.7	      0.0	      0.0	      0.0	 -1.50962	 -1.50962	      0.0	      NaN	      0.0	      0.0	      0.0
4.1	      6.9	      0.0	      0.0	      0.0	 -1.53168	 -1.53168	      0.0	      NaN	      0.0	      0.0	      0.0
4.1	      7.1	      0.0	      0.0	      0.0	 -1.56202	 -1.56202	      0.0	      NaN	      0.0	      0.0	      0.0
4.1	      7.3	      0.0	      0.0	      0.0	 -1.60159	 -1.60159	      0.0	      NaN	      0.0	      0.0	      0.0
4.1	      7.5	      0.0	      0.0	      0.0	 -1.65092	 -1.65092	      0.0	      NaN	      0.0	      0.0	      0.0
4.1	      7.7	      0.0	      0.0	      0.0	 -1.71003	 -1.71003	      0.0	      NaN	      0.0	      0.0	      0.0
4.1	      7.9	      0.0	      0.0	      0.0	 -1.77847	 -1.77847	      0.0	      NaN	      0.0	      0.0	      0.0
4.1	      8.1	      0.0	      0.0	      0.0	 -1.85535	 -1.85535	      0.0	      NaN	      0.0	      0.0	      0.0
4.1	      8.3	      0.0	      0.0	      0.0	 -1.93933	 -1.93933	      0.0	      NaN	      0.0	      0.0	      0.0
4.1	      8.5	      0.0	      0.0	      0.0	 -2.02875	 -2.02875	      0.0	      NaN	      0.0	      0.0	      0.0
4.1	      8.7	      0.0	      0.0	      0.0	 -2.12168	 -2.12168	      0.0	      NaN	      0.0	      0.0	      0.0
4.1	      8.9	      0.0	      0.0	      0.0	 -2.21599	 -2.21599	      0.0	      NaN	      0.0	      0.0	      0.0
4.1	      9.1	      0.0	      0.0	      0.0	 -2.30952	 -2.30952	      0.0	      NaN	      0.0	      0.0	      0.0
4.1	      9.3	      0.0	      0.0	      0.0	 -2.40013	 -2.40013	      0.0	      NaN	      0.0	      0.0	      0.0
4.1	      9.5	      0.0	      0.0	      0.0	 -2.48581	 -2.48581	      0.0	      NaN	      0.0	      0.0	      0.0
4.1	      9.7	      0.0	      0.0	      0.0	 -2.56482	 -2.56482	      0.0	      NaN	      0.0	      0.0	      0.0
4.1	      9.9	      0.0	      0.0	      0.0	 -2.63573	 -2.63573	      0.0	      NaN	      0.0	      0.0	      0.0
4.1	     10.1	      0.0	      0.0	      0.0	 -2.69751	 -2.69751	      0.0	      NaN	      0.0	      0.0	      0.0
4.1	     10.3	      0.0	      0.0	      0.0	 -2.74959	 -2.74959	      0.0	      NaN	      0.0	      0.0	      0.0
4.1	     10.5	      0.0	      0.0	      0.0	 -2.79185	 -2.79185	      0.0	      NaN	      0.0	      0.0	      0.0
4.1	     10.7	      0.0	      0.0	      0.0	 -2.82469	 -2.82469	      0.0	      NaN	      0.0	      0.0	      0.0
4.1	     10.9	      0.0	      0.0	      0.0	 -2.84894	 -2.84894	      0.0	      NaN	      0.0	      0.0	      0.0
4.1	     11.1	      0.0	      0.0	      0.0	 -2.86587	 -2.86587	      0.0	      NaN	      0.0	      0.0	      0.0
4.1	     11.3	      0.0	      0.0	      0.0	 -2.87711	 -2.87711	      0.0	      NaN	      0.0	      0.0	      0.0
4.1	     11.5	      0.0	      0.0	      0.0	 -2.88456	 -2.88456	      0.0	      NaN	      0.0	      0.0	      0.0
4.1	     11.7	      0.0	      0.0	      0.0	 -2.89031	 -2.89031	      0.0	      NaN	      0.0	      0.0	      0.0
4.1	     11.9	      0.0	      0.0	      0.0	 -2.89653	 -2.89653	      0.0	      NaN	      0.0	      0.0	      0.0
4.1	     12.1	      0.0	      0.0	      0.0	 -2.90539	 -2.90539	      0.0	      NaN	      0.0	      0.0	      0.0
4.1	     12.3	      0.0	      0.0	      0.0	 -2.91889	 -2.91889	      0.0	      NaN	      0.0	      0.0	      0.0
4.1	     12.5	      0.0	      0.0	      0.0	 -2.93884	 -2.93884	      0.0	      NaN	      0.0	      0.0	      0.0
4.1	     12.7	      0.0	      0.0	      0.0	  -2.9667	  -2.9667	      0.0	      NaN	      0.0	      0.0	      0.0

4.3	      0.1	      0.0	      0.0	      0.0	-0.009469	-0.009469	      0.0	      NaN	      0.0	      0.0	      0.0
4.3	      0.3	      0.0	      0.0	      0.0	-0.015221	-0.015221	      0.0	      NaN	      0.0	      0.0	      0.0
4.3	      0.5	      0.0	      0.0	      0.0	-0.022683	-0.022683	      0.0	      NaN	      0.0	      0.0	      0.0
4.3	      0.7	      0.0	      0.0	      0.0	-0.033944	-0.033944	      0.0	      NaN	      0.0	      0.0	      0.0
4.3	      0.9	      0.0	      0.0	      0.0	-0.050909	-0.050909	      0.0	      NaN	      0.0	      0.0	      0.0
4.3	      1.1	      0.0	      0.0	      0.0	-0.075201	-0.075201	      0.0	      NaN	      0.0	      0.0	      0.0
4.3	      1.3	      0.0	      0.0	      0.0	-0.108084	-0.108084	      0.0	      NaN	      0.0	      0.0	      0.0
4.3	      1.5	      0.0	      0.0	      0.0	-0.150399	-0.150399	      0.0	      NaN	      0.0	      0.0	      0.0
4.3	      1.7	      0.0	      0.0	      0.0	-0.202523	-0.202523	      0.0	      NaN	      0.0	      0.0	      0.0
4.3	      1.9	      0.0	      0.0	      0.0	-0.264352	-0.264352	      0.0	      NaN	      0.0	      0.0	      0.0
4.3	      2.1	      0.0	      0.0	      0.0	-0.335305	-0.335305	      0.0	      NaN	      0.0	      0.0	      0.0
4.3	      2.3	      0.0	      0.0	      0.0	-0.414351	-0.414351	      0.0	      NaN	      0.0	      0.0	      0.0
4.3	      2.5	      0.0	      0.0	      0.0	-0.500065	-0.500065	      0.0	      NaN	      0.0	      0.0	      0.0
4.3	      2.7	      0.0	      0.0	      0.0	-0.590689	-0.590689	      0.0	      NaN	      0.0	      0.0	      0.0
4.3	      2.9	      0.0	      0.0	      0.0	-0.684229	-0.684229	      0.0	      NaN	      0.0	      0.0	      0.0
4.3	      3.1	      0.0	      0.0	      0.0	-0.778544	-0.778544	      0.0	      NaN	      0.0	      0.0	      0.0
4.3	      3.3	      0.0	      0.0	      0.0	-0.871456	-0.871456	      0.0	      NaN	      0.0	      0.0	      0.0
4.3	      3.5	      0.0	      0.0	      0.0	-0.960856	-0.960856	      0.0	      NaN	      0.0	      0.0	      0.0
4.3	      3.7	      0.0	      0.0	      0.0	 -1.04481	 -1.04481	      0.0	      NaN	      0.0	      0.0	      0.0
4.3	      3.9	      0.0	      0.0	      0.0	 -1.12164	 -1.12164	      0.0	      NaN	      0.0	      0.0	      0.0
4.3	      4.1	      0.0	      0.0	      0.0	 -1.19004	 -1.19004	      0.0	      NaN	      0.0	      0.0	      0.0
4.3	      4.3	      0.0	      0.0	      0.0	  -1.2491	  -1.2491	      0.0	      NaN	      0.0	      0.0	      0.0
4.3	      4.5	      0.0	      0.0	      0.0	 -1.29838	 -1.29838	      0.0	      NaN	      0.0	      0.0	      0.0
4.3	      4.7	      0.0	      0.0	      0.0	  -1.3379	  -1.3379	      0.0	      NaN	      0.0	      0.0	      0.0
4.3	      4.9	      0.0	      0.0	      0.0	  -1.3682	  -1.3682	      0.0	      NaN	      0.0	      0.0	      0.0
4.3	      5.1	      0.0	      0.0	      0.0	 -1.39022	 -1.39022	      0.0	      NaN	      0.0	      0.0	      0.0
4.3	      5.3	      0.0	      0.0	      0.0	 -1.40535	 -1.40535	      0.0	      NaN	      0.0	      0.0	      0.0
4.3	      5.5	      0.0	      0.0	      0.0	 -1.41531	 -1.41531	      0.0	      NaN	      0.0	      0.0	      0.0
4.3	      5.7	      0.0	      0.0	      0.0	 -1.42206	 -1.42206	      0.0	      NaN	      0.0	      0.0	      0.0
4.3	      5.9	      0.0	      0.0	      0.0	 -1.42772	 -1.42772	      0.0	      NaN	      0.0	      0.0	      0.0
4.3	      6.1	      0.0	      0.0	      0.0	 -1.43448	 -1.43448	      0.0	      NaN	      0.0	      0.0	      0.0
4.3	      6.3	      0.0	      0.0	      0.0	 -1.44446	 -1.44446	      0.0	      NaN	      0.0	      0.0	      0.0
4.3	      6.5	      0.0	      0.0	      0.0	 -1.45962	 -1.45962	      0.0	      NaN	      0.0	      0.0	      0.0
4.3	      6.7	      0.0	      0.0	      0.0	 -1.48168	 -1.48168	      0.0	      NaN	      0.0	      0.0	      0.0
4.3	      6.9	      0.0	      0.0	      0.0	 -1.51202	 -1.51202	      0.0	      NaN	      0.0	      0.0	      0.0
4.3	      7.1	      0.0	      0.0	      0.0	 -1.55159	 -1.55159	      0.0	      NaN	      0.0	      0.0	      0.0
4.3	      7.3	      0.0	      0.0	      0.0	 -1.60092	 -1.60092	      0.0	      NaN	      0.0	      0.0	      0.0
4.3	      7.5	      0.0	      0.0	      0.0	 -1.66003	 -1.66003	      0.0	      NaN	      0.0	      0.0	      0.0
4.3	      7.7	      0.0	      0.0	      0.0	 -1.72847	 -1.72847	      0.0	      NaN	      0.0	      0.0	      0.0
4.3	      7.9	      0.0	      0.0	      0.0	 -1.80535	 -1.80535	      0.0	      NaN	      0.0	      0.0	      0.0
4.3	      8.1	      0.0	      0.0	      0.0	 -1.88933	 -1.88933	      0.0	      NaN	      0.0	      0.0	      0.0
4.3	      8.3	      0.0	      0.0	      0.0	 -1.97875	 -1.97875	      0.0	      NaN	      0.0	      0.0	      0.0
4.3	      8.5	      0.0	      0.0	      0.0	 -2.07168	 -2.07168	      0.0	      NaN	      0.0	      0.0	      0.0
4.3	      8.7	      0.0	      0.0	      0.0	   -2.166	   -2.166	      0.0	      NaN	      0.0	      0.0	      0.0
4.3	      8.9	      0.0	      0.0	      0.0	 -2.25953	 -2.25953	      0.0	      NaN	      0.0	      0.0	      0.0
4.3	      9.1	      0.0	      0.0	      0.0	 -2.35013	 -2.35013	      0.0	      NaN	      0.0	      0.0	      0.0
4.3	      9.3	      0.0	      0.0	      0.0	 -2.43581	 -2.43581	      0.0	      NaN	      0.0	      0.0	      0.0
4.3	      9.5	      0.0	      0.0	      0.0	 -2.51482	 -2.51482	      0.0	      NaN	      0.0	      0.0	      0.0
4.3	      9.7	      0.0	      0.0	      0.0	 -2.58573	 -2.58573	      0.0	      NaN	      0.0	      0.0	      0.0
4.3	      9.9	      0.0	      0.0	      0.0	 -2.64751	 -2.64751	      0.0	      NaN	      0.0	      0.0	      0.0
4.3	     10.1	      0.0	      0.0	      0.0	 -2.69959	 -2.69959	      0.0	      NaN	      0.0	      0.0	      0.0
4.3	     10.3	      0.0	      0.0	      0.0	 -2.74185	 -2.74185	      0.0	      NaN	      0.0	      0.0	      0.0
4.3	     10.5	      0.0	      0.0	      0.0	 -2.77469	 -2.77469	      0.0	      NaN	      0.0	      0.0	      0.0
4.3	     10.7	      0.0	      0.0	      0.0	 -2.79894	 -2.79894	      0.0	      NaN	      0.0	      0.0	      0.0
4.3	     10.9	      0.0	      0.0	      0.0	 -2.81587	 -2.81587	      0.0	      NaN	      0.0	      0.0	      0.0
4.3	     11.1	      0.0	      0.0	      0.0	 -2.82711	 -2.82711	      0.0	      NaN	      0.0	      0.0	      0.0
4.3	     11.3	      0.0	      0.0	      0.0	 -2.83456	 -2.83456	      0.0	      NaN	      0.0	      0.0	      0.0
4.3	     11.5	      0.0	      0.0	      0.0	 -2.84031	 -2.84031	      0.0	      NaN	      0.0	      0.0	      0.0
4.3	     11.7	      0.0	      0.0	      0.0	 -2.84653	 -2.84653	      0.0	      NaN	      0.0	      0.0	      0.0
4.3	     11.9	      0.0	      0.0	      0.0	 -2.85539	 -2.85539	      0.0	      NaN	      0.0	      0.0	      0.0
4.3	     12.1	      0.0	      0.0	      0.0	 -2.86889	 -2.86889	      0.0	      NaN	      0.0	      0.0	      0.0
4.3	     12.3	      0.0	      0.0	      0.0	 -2.88884	 -2.88884	      0.0	      NaN	      0.0	      0.0	      0.0
4.3	     12.5	      0.0	      0.0	      0.0	  -2.9167	  -2.9167	      0.0	      NaN	      0.0	      0.0	      0.0
4.3	     12.7	      0.0	      0.0	      0.0	 -2.95358	 -2.95358	      0.0	      NaN	      0.0	      0.0	      0.0

4.5	      0.1	      0.0	      0.0	      0.0	 0.034779	 0.034779	      0.0	      NaN	      0.0	      0.0	      0.0
4.5	      0.3	      0.0	      0.0	      0.0	 0.027317	 0.027317	      0.0	      NaN	      0.0	      0.0	      0.0
4.5	      0.5	      0.0	      0.0	      0.0	 0.016056	 0.016056	      0.0	      NaN	      0.0	      0.0	      0.0
4.5	      0.7	      0.0	      0.0	      0.0	-0.000909	-0.000909	      0.0	      NaN	      0.0	      0.0	      0.0
4.5	      0.9	      0.0	      0.0	      0.0	-0.025201	-0.025201	      0.0	      NaN	      0.0	      0.0	      0.0
4.5	      1.1	      0.0	      0.0	      0.0	-0.058084	-0.058084	      0.0	      NaN	      0.0	      0.0	      0.0
4.5	      1.3	      0.0	      0.0	      0.0	-0.100399	-0.100399	      0.0	      NaN	      0.0	      0.0	      0.0
4.5	      1.5	      0.0	      0.0	      0.0	-0.152523	-0.152523	      0.0	      NaN	      0.0	      0.0	      0.0
4.5	      1.7	      0.0	      0.0	      0.0	-0.214352	-0.214352	      0.0	      NaN	      0.0	      0.0	      0.0
4.5	      1.9	      0.0	      0.0	      0.0	-0.285305	-0.285305	      0.0	      NaN	      0.0	      0.0	      0.0
4.5	      2.1	      0.0	      0.0	      0.0	-0.364351	-0.364351	      0.0	      NaN	      0.0	      0.0	      0.0
4.5	      2.3	      0.0	      0.0	      0.0	-0.450065	-0.450065	      0.0	      NaN	      0.0	      0.0	      0.0
4.5	      2.5	      0.0	      0.0	      0.0	-0.540689	-0.540689	      0.0	      NaN	      0.0	      0.0	      0.0
4.5	      2.7	      0.0	      0.0	      0.0	-0.634229	-0.634229	      0.0	      NaN	      0.0	      0.0	      0.0
4.5	      2.9	      0.0	      0.0	      0.0	-0.728544	-0.728544	      0.0	      NaN	      0.0	      0.0	      0.0
4.5	      3.1	      0.0	      0.0	      0.0	-0.821456	-0.821456	      0.0	      NaN	      0.0	      0.0	      0.0
4.5	      3.3	      0.0	      0.0	      0.0	-0.910856	-0.910856	      0.0	      NaN	      0.0	      0.0	      0.0
4.5	      3.5	      0.0	      0.0	      0.0	-0.994808	-0.994808	      0.0	      NaN	      0.0	      0.0	      0.0
4.5	      3.7	      0.0	      0.0	      0.0	 -1.07164	 -1.07164	      0.0	      NaN	      0.0	      0.0	      0.0
4.5	      3.9	      0.0	      0.0	      0.0	 -1.14004	 -1.14004	      0.0	      NaN	      0.0	      0.0	      0.0
4.5	      4.1	      0.0	      0.0	      0.0	  -1.1991	  -1.1991	      0.0	      NaN	      0.0	      0.0	      0.0
4.5	      4.3	      0.0	      0.0	      0.0	 -1.24838	 -1.24838	      0.0	      NaN	      0.0	      0.0	      0.0
4.5	      4.5	      0.0	      0.0	      0.0	  -1.2879	  -1.2879	      0.0	      NaN	      0.0	      0.0	      0.0
4.5	      4.7	      0.0	      0.0	      0.0	  -1.3182	  -1.3182	      0.0	      NaN	      0.0	      0.0	      0.0
4.5	      4.9	      0.0	      0.0	      0.0	 -1.34022	 -1.34022	      0.0	      NaN	      0.0	      0.0	      0.0
4.5	      5.1	      0.0	      0.0	      0.0	 -1.35536	 -1.35536	      0.0	      NaN	      0.0	      0.0	      0.0
4.5	      5.3	      0.0	      0.0	      0.0	 -1.36531	 -1.36531	      0.0	      NaN	      0.0	      0.0	      0.0
4.5	      5.5	      0.0	      0.0	      0.0	 -1.37206	 -1.37206	      0.0	      NaN	      0.0	      0.0	      0.0
4.5	      5.7	      0.0	      0.0	      0.0	 -1.37772	 -1.37772	      0.0	      NaN	      0.0	      0.0	      0.0
4.5	      5.9	      0.0	      0.0	      0.0	 -1.38448	 -1.38448	      0.0	      NaN	      0.0	      0.0	      0.0
4.5	      6.1	      0.0	      0.0	      0.0	 -1.39446	 -1.39446	      0.0	      NaN	      0.0	      0.0	      0.0
4.5	      6.3	      0.0	      0.0	      0.0	 -1.40962	 -1.40962	      0.0	      NaN	      0.0	      0.0	      0.0
4.5	      6.5	      0.0	      0.0	      0.0	 -1.43168	 -1.43168	      0.0	      NaN	      0.0	      0.0	      0.0
4.5	      6.7	      0.0	      0.0	      0.0	 -1.46202	 -1.46202	      0.0	      NaN	      0.0	      0.0	      0.0
4.5	      6.9	      0.0	      0.0	      0.0	 -1.50159	 -1.50159	      0.0	      NaN	      0.0	      0.0	      0.0
4.5	      7.1	      0.0	      0.0	      0.0	 -1.55092	 -1.55092	      0.0	      NaN	      0.0	      0.0	      0.0
4.5	      7.3	      0.0	      0.0	      0.0	 -1.61003	 -1.61003	      0.0	      NaN	      0.0	      0.0	      0.0
4.5	      7.5	      0.0	      0.0	      0.0	 -1.67847	 -1.67847	      0.0	      NaN	      0.0	      0.0	      0.0
4.5	      7.7	      0.0	      0.0	      0.0	 -1.75535	 -1.75535	      0.0	      NaN	      0.0	      0.0	      0.0
4.5	      7.9	      0.0	      0.0	      0.0	 -1.83933	 -1.83933	      0.0	      NaN	      0.0	      0.0	      0.0
4.5	      8.1	      0.0	      0.0	      0.0	 -1.92875	 -1.92875	      0.0	      NaN	      0.0	      0.0	      0.0
4.5	      8.3	      0.0	      0.0	      0.0	 -2.02168	 -2.02168	      0.0	      NaN	      0.0	      0.0	      0.0
4.5	      8.5	      0.0	      0.0	      0.0	 -2.11599	 -2.11599	      0.0	      NaN	      0.0	      0.0	      0.0
4.5	      8.7	      0.0	      0.0	      0.0	 -2.20953	 -2.20953	      0.0	      NaN	      0.0	      0.0	      0.0
4.5	      8.9	      0.0	      0.0	      0.0	 -2.30013	 -2.30013	      0.0	      NaN	      0.0	      0.0	      0.0
4.5	      9.1	      0.0	      0.0	      0.0	 -2.38581	 -2.38581	      0.0	      NaN	      0.0	      0.0	      0.0
4.5	      9.3	      0.0	      0.0	      0.0	 -2.46482	 -2.46482	      0.0	      NaN	      0.0	      0.0	      0.0
4.5	      9.5	      0.0	      0.0	      0.0	 -2.53573	 -2.53573	      0.0	      NaN	      0.0	      0.0	      0.0
4.5	      9.7	      0.0	      0.0	      0.0	 -2.59751	 -2.59751	      0.0	      NaN	      0.0	      0.0	      0.0
4.5	      9.9	      0.0	      0.0	      0.0	 -2.64959	 -2.64959	      0.0	      NaN	      0.0	      0.0	      0.0
4.5	     10.1	      0.0	      0.0	      0.0	 -2.69185	 -2.69185	      0.0	      NaN	      0.0	      0.0	      0.0
4.5	     10.3	      0.0	      0.0	      0.0	 -2.72469	 -2.72469	      0.0	      NaN	      0.0	      0.0	      0.0
4.5	     10.5	      0.0	      0.0	      0.0	 -2.74894	 -2.74894	      0.0	      NaN	      0.0	      0.0	      0.0
4.5	     10.7	      0.0	      0.0	      0.0	 -2.76587	 -2.76587	      0.0	      NaN	      0.0	      0.0	      0.0
4.5	     10.9	      0.0	      0.0	      0.0	 -2.77711	 -2.77711	      0.0	      NaN	      0.0	      0.0	      0.0
4.5	     11.1	      0.0	      0.0	      0.0	 -2.78456	 -2.78456	      0.0	      NaN	      0.0	      0.0	      0.0
4.5	     11.3	      0.0	      0.0	      0.0	 -2.79031	 -2.79031	      0.0	      NaN	      0.0	      0.0	      0.0
4.5	     11.5	      0.0	      0.0	      0.0	 -2.79653	 -2.79653	      0.0	      NaN	      0.0	      0.0	      0.0
4.5	     11.7	      0.0	      0.0	      0.0	 -2.80539	 -2.80539	      0.0	      NaN	      0.0	      0.0	      0.0
4.5	     11.9	      0.0	      0.0	      0.0	 -2.81889	 -2.81889	      0.0	      NaN	      0.0	      0.0	      0.0
4.5	     12.1	      0.0	      0.0	      0.0	 -2.83884	 -2.83884	      0.0	      NaN	      0.0	      0.0	      0.0
4.5	     12.3	      0.0	      0.0	      0.0	  -2.8667	  -2.8667	      0.0	      NaN	      0.0	      0.0	      0.0
4.5	     12.5	      0.0	      0.0	      0.0	 -2.90358	 -2.90358	      0.0	      NaN	      0.0	      0.0	      0.0
4.5	     12.7	      0.0	      0.0	      0.0	 -2.95011	 -2.95011	      0.0	      NaN	      0.0	      0.0	      0.0

4.7	      0.1	      0.0	      0.0	      0.0	 0.077317	 0.077317	      0.0	      NaN	      0.0	      0.0	      0.0
4.7	      0.3	      0.0	      0.0	      0.0	 0.066056	 0.066056	      0.0	      NaN	      0.0	      0.0	      0.0
4.7	      0.5	      0.0	      0.0	      0.0	 0.049091	 0.049091	      0.0	      NaN	      0.0	      0.0	      0.0
4.7	      0.7	      0.0	      0.0	      0.0	 0.024799	 0.024799	      0.0	      NaN	      0.0	      0.0	      0.0
4.7	      0.9	      0.0	      0.0	      0.0	-0.008084	-0.008084	      0.0	      NaN	      0.0	      0.0	      0.0
4.7	      1.1	      0.0	      0.0	      0.0	-0.050399	-0.050399	      0.0	      NaN	      0.0	      0.0	      0.0
4.7	      1.3	      0.0	      0.0	      0.0	-0.102523	-0.102523	      0.0	      NaN	      0.0	      0.0	      0.0
4.7	      1.5	      0.0	      0.0	      0.0	-0.164352	-0.164352	      0.0	      NaN	      0.0	      0.0	      0.0
4.7	      1.7	      0.0	      0.0	      0.0	-0.235305	-0.235305	      0.0	      NaN	      0.0	      0.0	      0.0
4.7	      1.9	      0.0	      0.0	      0.0	-0.314351	-0.314351	      0.0	      NaN	      0.0	      0.0	      0.0
4.7	      2.1	      0.0	      0.0	      0.0	-0.400065	-0.400065	      0.0	      NaN	      0.0	      0.0	      0.0
4.7	      2.3	      0.0	      0.0	      0.0	-0.490689	-0.490689	      0.0	      NaN	      0.0	      0.0	      0.0
4.7	      2.5	      0.0	      0.0	      0.0	-0.584229	-0.584229	      0.0	      NaN	      0.0	      0.0	      0.0
4.7	      2.7	      0.0	      0.0	      0.0	-0.678544	-0.678544	      0.0	      NaN	      0.0	      0.0	      0.0
4.7	      2.9	      0.0	      0.0	      0.0	-0.771456	-0.771456	      0.0	      NaN	      0.0	      0.0	      0.0
4.7	      3.1	      0.0	      0.0	      0.0	-0.860856	-0.860856	      0.0	      NaN	      0.0	      0.0	      0.0
4.7	      3.3	      0.0	      0.0	      0.0	-0.944808	-0.944808	      0.0	      NaN	      0.0	      0.0	      0.0
4.7	      3.5	      0.0	      0.0	      0.0	 -1.02164	 -1.02164	      0.0	      NaN	      0.0	      0.0	      0.0
4.7	      3.7	      0.0	      0.0	      0.0	 -1.09004	 -1.09004	      0.0	      NaN	      0.0	      0.0	      0.0
4.7	      3.9	      0.0	      0.0	      0.0	  -1.1491	  -1.1491	      0.0	      NaN	      0.0	      0.0	      0.0
4.7	      4.1	      0.0	      0.0	      0.0	 -1.19838	 -1.19838	      0.0	      NaN	      0.0	      0.0	      0.0
4.7	      4.3	      0.0	      0.0	      0.0	  -1.2379	  -1.2379	      0.0	      NaN	      0.0	      0.0	      0.0
4.7	      4.5	      0.0	      0.0	      0.0	  -1.2682	  -1.2682	      0.0	      NaN	      0.0	      0.0	      0.0
4.7	      4.7	      0.0	      0.0	      0.0	 -1.29022	 -1.29022	      0.0	      NaN	      0.0	      0.0	      0.0
4.7	      4.9	      0.0	      0.0	      0.0	 -1.30536	 -1.30536	      0.0	      NaN	      0.0	      0.0	      0.0
4.7	      5.1	      0.0	      0.0	      0.0	 -1.31531	 -1.31531	      0.0	      NaN	      0.0	      0.0	      0.0
4.7	      5.3	      0.0	      0.0	      0.0	 -1.32206	 -1.32206	      0.0	      NaN	      0.0	      0.0	      0.0
4.7	      5.5	      0.0	      0.0	      0.0	 -1.32772	 -1.32772	      0.0	      NaN	      0.0	      0.0	      0.0
4.7	      5.7	      0.0	      0.0	      0.0	 -1.33448	 -1.33448	      0.0	      NaN	      0.0	      0.0	      0.0
4.7	      5.9	      0.0	      0.0	      0.0	 -1.34445	 -1.34445	      0.0	      NaN	      0.0	      0.0	      0.0
4.7	      6.1	      0.0	      0.0	      0.0	 -1.35962	 -1.35962	      0.0	      NaN	      0.0	      0.0	      0.0
4.7	      6.3	      0.0	      0.0	      0.0	 -1.38168	 -1.38168	      0.0	      NaN	      0.0	      0.0	      0.0
4.7	      6.5	      0.0	      0.0	      0.0	 -1.41202	 -1.41202	      0.0	      NaN	      0.0	      0.0	      0.0
4.7	      6.7	      0.0	      0.0	      0.0	 -1.45159	 -1.45159	      0.0	      NaN	      0.0	      0.0	      0.0
4.7	      6.9	      0.0	      0.0	      0.0	 -1.50092	 -1.50092	      0.0	      NaN	      0.0	      0.0	      0.0
4.7	      7.1	      0.0	      0.0	      0.0	 -1.56003	 -1.56003	      0.0	      NaN	      0.0	      0.0	      0.0
4.7	      7.3	      0.0	      0.0	      0.0	 -1.62847	 -1.62847	      0.0	      NaN	      0.0	      0.0	      0.0
4.7	      7.5	      0.0	      0.0	      0.0	 -1.70535	 -1.70535	      0.0	      NaN	      0.0	      0.0	      0.0
4.7	      7.7	      0.0	      0.0	      0.0	 -1.78933	 -1.78933	      0.0	      NaN	      0.0	      0.0	      0.0
4.7	      7.9	      0.0	      0.0	      0.0	 -1.87875	 -1.87875	      0.0	      NaN	      0.0	      0.0	      0.0
4.7	      8.1	      0.0	      0.0	      0.0	 -1.97168	 -1.97168	      0.0	      NaN	      0.0	      0.0	      0.0
4.7	      8.3	      0.0	      0.0	      0.0	   -2.066	   -2.066	      0.0	      NaN	      0.0	      0.0	      0.0
4.7	      8.5	      0.0	      0.0	      0.0	 -2.15952	 -2.15952	      0.0	      NaN	      0.0	      0.0	      0.0
4.7	      8.7	      0.0	      0.0	      0.0	 -2.25013	 -2.25013	      0.0	      NaN	      0.0	      0.0	      0.0
4.7	      8.9	      0.0	      0.0	      0.0	 -2.33581	 -2.33581	      0.0	      NaN	      0.0	      0.0	      0.0
4.7	      9.1	      0.0	      0.0	      0.0	 -2.41482	 -2.41482	      0.0	      NaN	      0.0	      0.0	      0.0
4.7	      9.3	      0.0	      0.0	      0.0	 -2.48573	 -2.48573	      0.0	      NaN	      0.0	      0.0	      0.0
4.7	      9.5	      0.0	      0.0	      0.0	 -2.54751	 -2.54751	      0.0	      NaN	      0.0	      0.0	      0.0
4.7	      9.7	      0.0	      0.0	      0.0	 -2.59959	 -2.59959	      0.0	      NaN	      0.0	      0.0	      0.0
4.7	      9.9	      0.0	      0.0	      0.0	 -2.64185	 -2.64185	      0.0	      NaN	      0.0	      0.0	      0.0
4.7	     10.1	      0.0	      0.0	      0.0	 -2.67469	 -2.67469	      0.0	      NaN	      0.0	      0.0	      0.0
4.7	     10.3	      0.0	      0.0	      0.0	 -2.69894	 -2.69894	      0.0	      NaN	      0.0	      0.0	      0.0
4.7	     10.5	      0.0	      0.0	      0.0	 -2.71587	 -2.71587	      0.0	      NaN	      0.0	      0.0	      0.0
4.7	     10.7	      0.0	      0.0	      0.0	 -2.72711	 -2.72711	      0.0	      NaN	      0.0	      0.0	      0.0
4.7	     10.9	      0.0	      0.0	      0.0	 -2.73456	 -2.73456	      0.0	      NaN	      0.0	      0.0	      0.0
4.7	     11.1	      0.0	      0.0	      0.0	 -2.74031	 -2.74031	      0.0	      NaN	      0.0	      0.0	      0.0
4.7	     11.3	      0.0	      0.0	      0.0	 -2.74653	 -2.74653	      0.0	      NaN	      0.0	      0.0	      0.0
4.7	     11.5	      0.0	      0.0	      0.0	 -2.75539	 -2.75539	      0.0	      NaN	      0.0	      0.0	      0.0
4.7	     11.7	      0.0	      0.0	      0.0	 -2.76889	 -2.76889	      0.0	      NaN	      0.0	      0.0	      0.0
4.7	     11.9	      0.0	      0.0	      0.0	 -2.78884	 -2.78884	      0.0	      NaN	      0.0	      0.0	      0.0
4.7	     12.1	      0.0	      0.0	      0.0	  -2.8167	  -2.8167	      0.0	      NaN	      0.0	      0.0	      0.0
4.7	     12.3	      0.0	      0.0	      0.0	 -2.85358	 -2.85358	      0.0	      NaN	      0.0	      0.0	      0.0
4.7	     12.5	      0.0	      0.0	      0.0	 -2.90011	 -2.90011	      0.0	      NaN	      0.0	      0.0	      0.0
4.7	     12.7	      0.0	      0.0	      0.0	 -2.95646	 -2.95646	      0.0	      NaN	      0.0	      0.0	      0.0

4.9	      0.1	      0.0	      0.0	      0.0	 0.116056	 0.116056	      0.0	      NaN	      0.0	      0.0	      0.0
4.9	      0.3	      0.0	      0.0	      0.0	 0.099091	 0.099091	      0.0	      NaN	      0.0	      0.0	      0.0
4.9	      0.5	      0.0	      0.0	      0.0	 0.074799	 0.074799	      0.0	      NaN	      0.0	      0.0	      0.0
4.9	      0.7	      0.0	      0.0	      0.0	 0.041916	 0.041916	      0.0	      NaN	      0.0	      0.0	      0.0
4.9	      0.9	      0.0	      0.0	      0.0	-0.000399	-0.000399	      0.0	      NaN	      0.0	      0.0	      0.0
4.9	      1.1	      0.0	      0.0	      0.0	-0.052523	-0.052523	      0.0	      NaN	      0.0	      0.0	      0.0
4.9	      1.3	      0.0	      0.0	      0.0	-0.114352	-0.114352	      0.0	      NaN	      0.0	      0.0	      0.0
4.9	      1.5	      0.0	      0.0	      0.0	-0.185305	-0.185305	      0.0	      NaN	      0.0	      0.0	      0.0
4.9	      1.7	      0.0	      0.0	      0.0	-0.264351	-0.264351	      0.0	      NaN	      0.0	      0.0	      0.0
4.9	      1.9	      0.0	      0.0	      0.0	-0.350065	-0.350065	      0.0	      NaN	      0.0	      0.0	      0.0
4.9	      2.1	      0.0	      0.0	      0.0	 -0.44069	 -0.44069	      0.0	      NaN	      0.0	      0.0	      0.0
4.9	      2.3	      0.0	      0.0	      0.0	-0.534229	-0.534229	      0.0	      NaN	      0.0	      0.0	      0.0
4.9	      2.5	      0.0	      0.0	      0.0	-0.628544	-0.628544	      0.0	      NaN	      0.0	      0.0	      0.0
4.9	      2.7	      0.0	      0.0	      0.0	-0.721456	-0.721456	      0.0	      NaN	      0.0	      0.0	      0.0
4.9	      2.9	      0.0	      0.0	      0.0	-0.810856	-0.810856	      0.0	      NaN	      0.0	      0.0	      0.0
4.9	      3.1	      0.0	      0.0	      0.0	-0.894808	-0.894808	      0.0	      NaN	      0.0	      0.0	      0.0
4.9	      3.3	      0.0	      0.0	      0.0	-0.971643	-0.971643	      0.0	      NaN	      0.0	      0.0	      0.0
4.9	      3.5	      0.0	      0.0	      0.0	 -1.04004	 -1.04004	      0.0	      NaN	      0.0	      0.0	      0.0
4.9	      3.7	      0.0	      0.0	      0.0	  -1.0991	  -1.0991	      0.0	      NaN	      0.0	      0.0	      0.0
4.9	      3.9	      0.0	      0.0	      0.0	 -1.14838	 -1.14838	      0.0	      NaN	      0.0	      0.0	      0.0
4.9	      4.1	      0.0	      0.0	      0.0	  -1.1879	  -1.1879	      0.0	      NaN	      0.0	      0.0	      0.0
4.9	      4.3	      0.0	      0.0	      0.0	  -1.2182	  -1.2182	      0.0	      NaN	      0.0	      0.0	      0.0
4.9	      4.5	      0.0	      0.0	      0.0	 -1.24022	 -1.24022	      0.0	      NaN	      0.0	      0.0	      0.0
4.9	      4.7	      0.0	      0.0	      0.0	 -1.25535	 -1.25535	      0.0	      NaN	      0.0	      0.0	      0.0
4.9	      4.9	      0.0	      0.0	      0.0	 -1.26531	 -1.26531	      0.0	      NaN	      0.0	      0.0	      0.0
4.9	      5.1	      0.0	      0.0	      0.0	 -1.27206	 -1.27206	      0.0	      NaN	      0.0	      0.0	      0.0
4.9	      5.3	      0.0	      0.0	      0.0	 -1.27772	 -1.27772	      0.0	      NaN	      0.0	      0.0	      0.0
4.9	      5.5	      0.0	      0.0	      0.0	 -1.28448	 -1.28448	      0.0	      NaN	      0.0	      0.0	      0.0
4.9	      5.7	      0.0	      0.0	      0.0	 -1.29445	 -1.29445	      0.0	      NaN	      0.0	      0.0	      0.0
4.9	      5.9	      0.0	      0.0	      0.0	 -1.30962	 -1.30962	      0.0	      NaN	      0.0	      0.0	      0.0
4.9	      6.1	      0.0	      0.0	      0.0	 -1.33168	 -1.33168	      0.0	      NaN	      0.0	      0.0	      0.0
4.9	      6.3	      0.0	      0.0	      0.0	 -1.36202	 -1.36202	      0.0	      NaN	      0.0	      0.0	      0.0
4.9	      6.5	      0.0	      0.0	      0.0	 -1.40159	 -1.40159	      0.0	      NaN	      0.0	      0.0	      0.0
4.9	      6.7	      0.0	      0.0	      0.0	 -1.45092	 -1.45092	      0.0	      NaN	      0.0	      0.0	      0.0
4.9	      6.9	      0.0	      0.0	      0.0	 -1.51003	 -1.51003	      0.0	      NaN	      0.0	      0.0	      0.0
4.9	      7.1	      0.0	      0.0	      0.0	 -1.57847	 -1.57847	      0.0	      NaN	      0.0	      0.0	      0.0
4.9	      7.3	      0.0	      0.0	      0.0	 -1.65535	 -1.65535	      0.0	      NaN	      0.0	      0.0	      0.0
4.9	      7.5	      0.0	      0.0	      0.0	 -1.73933	 -1.73933	      0.0	      NaN	      0.0	      0.0	      0.0
4.9	      7.7	      0.0	      0.0	      0.0	 -1.82875	 -1.82875	      0.0	      NaN	      0.0	      0.0	      0.0
4.9	      7.9	      0.0	      0.0	      0.0	 -1.92168	 -1.92168	      0.0	      NaN	      0.0	      0.0	      0.0
4.9	      8.1	      0.0	      0.0	      0.0	   -2.016	   -2.016	      0.0	      NaN	      0.0	      0.0	      0.0
4.9	      8.3	      0.0	      0.0	      0.0	 -2.10953	 -2.10953	      0.0	      NaN	      0.0	      0.0	      0.0
4.9	      8.5	      0.0	      0.0	      0.0	 -2.20013	 -2.20013	      0.0	      NaN	      0.0	      0.0	      0.0
4.9	      8.7	      0.0	      0.0	      0.0	 -2.28581	 -2.28581	      0.0	      NaN	      0.0	      0.0	      0.0
4.9	      8.9	      0.0	      0.0	      0.0	 -2.36482	 -2.36482	      0.0	      NaN	      0.0	      0.0	      0.0
4.9	      9.1	      0.0	      0.0	      0.0	 -2.43573	 -2.43573	      0.0	      NaN	      0.0	      0.0	      0.0
4.9	      9.3	      0.0	      0.0	      0.0	 -2.49751	 -2.49751	      0.0	      NaN	      0.0	      0.0	      0.0
4.9	      9.5	      0.0	      0.0	      0.0	 -2.54959	 -2.54959	      0.0	      NaN	      0.0	      0.0	      0.0
4.9	      9.7	      0.0	      0.0	      0.0	 -2.59185	 -2.59185	      0.0	      NaN	      0.0	      0.0	      0.0
4.9	      9.9	      0.0	      0.0	      0.0	 -2.62469	 -2.62469	      0.0	      NaN	      0.0	      0.0	      0.0
4.9	     10.1	      0.0	      0.0	      0.0	 -2.64894	 -2.64894	      0.0	      NaN	      0.0	      0.0	      0.0
4.9	     10.3	      0.0	      0.0	      0.0	 -2.66587	 -2.66587	      0.0	      NaN	      0.0	      0.0	      0.0
4.9	     10.5	      0.0	      0.0	      0.0	 -2.67711	 -2.67711	      0.0	      NaN	      0.0	      0.0	      0.0
4.9	     10.7	      0.0	      0.0	      0.0	 -2.68456	 -2.68456	      0.0	      NaN	      0.0	      0.0	      0.0
4.9	     10.9	      0.0	      0.0	      0.0	 -2.69031	 -2.69031	      0.0	      NaN	      0.0	      0.0	      0.0
4.9	     11.1	      0.0	      0.0	      0.0	 -2.69653	 -2.69653	      0.0	      NaN	      0.0	      0.0	      0.0
4.9	     11.3	      0.0	      0.0	      0.0	 -2.70539	 -2.70539	      0.0	      NaN	      0.0	      0.0	      0.0
4.9	     11.5	      0.0	      0.0	      0.0	 -2.71889	 -2.71889	      0.0	      NaN	      0.0	      0.0	      0.0
4.9	     11.7	      0.0	      0.0	      0.0	 -2.73884	 -2.73884	      0.0	      NaN	      0.0	      0.0	      0.0
4.9	     11.9	      0.0	      0.0	      0.0	  -2.7667	  -2.7667	      0.0	      NaN	      0.0	      0.0	      0.0
4.9	     12.1	      0.0	      0.0	      0.0	 -2.80358	 -2.80358	      0.0	      NaN	      0.0	      0.0	      0.0
4.9	     12.3	      0.0	      0.0	      0.0	 -2.85011	 -2.85011	      0.0	      NaN	      0.0	      0.0	      0.0
4.9	     12.5	      0.0	      0.0	      0.0	 -2.90646	 -2.90646	      0.0	      NaN	      0.0	      0.0	      0.0
4.9	     12.7	      0.0	      0.0	      0.0	 -2.97232	 -2.97232	      0.0	      NaN	      0.0	      0.0	      0.0

5.1	      0.1	      0.0	      0.0	      0.0	 0.149091	 0.149091	      0.0	      NaN	      0.0	      0.0	      0.0
5.1	      0.3	      0.0	      0.0	      0.0	 0.124799	 0.124799	      0.0	      NaN	      0.0	      0.0	      0.0
5.1	      0.5	      0.0	      0.0	      0.0	 0.091916	 0.091916	      0.0	      NaN	      0.0	      0.0	      0.0
5.1	      0.7	      0.0	      0.0	      0.0	 0.049601	 0.049601	      0.0	      NaN	      0.0	      0.0	      0.0
5.1	      0.9	      0.0	      0.0	      0.0	-0.002523	-0.002523	      0.0	      NaN	      0.0	      0.0	      0.0
5.1	      1.1	      0.0	      0.0	      0.0	-0.064352	-0.064352	      0.0	      NaN	      0.0	      0.0	      0.0
5.1	      1.3	      0.0	      0.0	      0.0	-0.135305	-0.135305	      0.0	      NaN	      0.0	      0.0	      0.0
5.1	      1.5	      0.0	      0.0	      0.0	-0.214351	-0.214351	      0.0	      NaN	      0.0	      0.0	      0.0
5.1	      1.7	      0.0	      0.0	      0.0	-0.300065	-0.300065	      0.0	      NaN	      0.0	      0.0	      0.0
5.1	      1.9	      0.0	      0.0	      0.0	-0.390689	-0.390689	      0.0	      NaN	      0.0	      0.0	      0.0
5.1	      2.1	      0.0	      0.0	      0.0	-0.484229	-0.484229	      0.0	      NaN	      0.0	      0.0	      0.0
5.1	      2.3	      0.0	      0.0	      0.0	-0.578544	-0.578544	      0.0	      NaN	      0.0	      0.0	      0.0
5.1	      2.5	      0.0	      0.0	      0.0	-0.671456	-0.671456	      0.0	      NaN	      0.0	      0.0	      0.0
5.1	      2.7	      0.0	      0.0	      0.0	-0.760856	-0.760856	      0.0	      NaN	      0.0	      0.0	      0.0
5.1	      2.9	      0.0	      0.0	      0.0	-0.844808	-0.844808	      0.0	      NaN	      0.0	      0.0	      0.0
5.1	      3.1	      0.0	      0.0	      0.0	-0.921643	-0.921643	      0.0	      NaN	      0.0	      0.0	      0.0
5.1	      3.3	      0.0	      0.0	      0.0	-0.990043	-0.990043	      0.0	      NaN	      0.0	      0.0	      0.0
5.1	      3.5	      0.0	      0.0	      0.0	  -1.0491	  -1.0491	      0.0	      NaN	      0.0	      0.0	      0.0
5.1	      3.7	      0.0	      0.0	      0.0	 -1.09838	 -1.09838	      0.0	      NaN	      0.0	      0.0	      0.0
5.1	      3.9	      0.0	      0.0	      0.0	  -1.1379	  -1.1379	      0.0	      NaN	      0.0	      0.0	      0.0
5.1	      4.1	      0.0	      0.0	      0.0	  -1.1682	  -1.1682	      0.0	      NaN	      0.0	      0.0	      0.0
5.1	      4.3	      0.0	      0.0	      0.0	 -1.19022	 -1.19022	      0.0	      NaN	      0.0	      0.0	      0.0
5.1	      4.5	      0.0	      0.0	      0.0	 -1.20535	 -1.20535	      0.0	      NaN	      0.0	      0.0	      0.0
5.1	      4.7	      0.0	      0.0	      0.0	 -1.21531	 -1.21531	      0.0	      NaN	      0.0	      0.0	      0.0
5.1	      4.9	      0.0	      0.0	      0.0	 -1.22206	 -1.22206	      0.0	      NaN	      0.0	      0.0	      0.0
5.1	      5.1	      0.0	      0.0	      0.0	 -1.22772	 -1.22772	      0.0	      NaN	      0.0	      0.0	      0.0
5.1	      5.3	      0.0	      0.0	      0.0	 -1.23448	 -1.23448	      0.0	      NaN	      0.0	      0.0	      0.0
5.1	      5.5	      0.0	      0.0	      0.0	 -1.24446	 -1.24446	      0.0	      NaN	      0.0	      0.0	      0.0
5.1	      5.7	      0.0	      0.0	      0.0	 -1.25962	 -1.25962	      0.0	      NaN	      0.0	      0.0	      0.0
5.1	      5.9	      0.0	      0.0	      0.0	 -1.28168	 -1.28168	      0.0	      NaN	      0.0	      0.0	      0.0
5.1	      6.1	      0.0	      0.0	      0.0	 -1.31202	 -1.31202	      0.0	      NaN	      0.0	      0.0	      0.0
5.1	      6.3	      0.0	      0.0	      0.0	 -1.35159	 -1.35159	      0.0	      NaN	      0.0	      0.0	      0.0
5.1	      6.5	      0.0	      0.0	      0.0	 -1.40092	 -1.40092	      0.0	      NaN	      0.0	      0.0	      0.0
5.1	      6.7	      0.0	      0.0	      0.0	 -1.46003	 -1.46003	      0.0	      NaN	      0.0	      0.0	      0.0
5.1	      6.9	      0.0	      0.0	      0.0	 -1.52847	 -1.52847	      0.0	      NaN	      0.0	      0.0	      0.0
5.1	      7.1	      0.0	      0.0	      0.0	 -1.60535	 -1.60535	      0.0	      NaN	      0.0	      0.0	      0.0
5.1	      7.3	      0.0	      0.0	      0.0	 -1.68933	 -1.68933	      0.0	      NaN	      0.0	      0.0	      0.0
5.1	      7.5	      0.0	      0.0	      0.0	 -1.77875	 -1.77875	      0.0	      NaN	      0.0	      0.0	      0.0
5.1	      7.7	      0.0	      0.0	      0.0	 -1.87168	 -1.87168	      0.0	      NaN	      0.0	      0.0	      0.0
5.1	      7.9	      0.0	      0.0	      0.0	 -1.96599	 -1.96599	      0.0	      NaN	      0.0	      0.0	      0.0
5.1	      8.1	      0.0	      0.0	      0.0	 -2.05952	 -2.05952	      0.0	      NaN	      0.0	      0.0	      0.0
5.1	      8.3	      0.0	      0.0	      0.0	 -2.15013	 -2.15013	      0.0	      NaN	      0.0	      0.0	      0.0
5.1	      8.5	      0.0	      0.0	      0.0	 -2.23581	 -2.23581	      0.0	      NaN	      0.0	      0.0	      0.0
5.1	      8.7	      0.0	      0.0	      0.0	 -2.31482	 -2.31482	      0.0	      NaN	      0.0	      0.0	      0.0
5.1	      8.9	      0.0	      0.0	      0.0	 -2.38573	 -2.38573	      0.0	      NaN	      0.0	      0.0	      0.0
5.1	      9.1	      0.0	      0.0	      0.0	 -2.44751	 -2.44751	      0.0	      NaN	      0.0	      0.0	      0.0
5.1	      9.3	      0.0	      0.0	      0.0	 -2.49959	 -2.49959	      0.0	      NaN	      0.0	      0.0	      0.0
5.1	      9.5	      0.0	      0.0	      0.0	 -2.54185	 -2.54185	      0.0	      NaN	      0.0	      0.0	      0.0
5.1	      9.7	      0.0	      0.0	      0.0	 -2.57469	 -2.57469	      0.0	      NaN	      0.0	      0.0	      0.0
5.1	      9.9	      0.0	      0.0	      0.0	 -2.59894	 -2.59894	      0.0	      NaN	      0.0	      0.0	      0.0
5.1	     10.1	      0.0	      0.0	      0.0	 -2.61587	 -2.61587	      0.0	      NaN	      0.0	      0.0	      0.0
5.1	     10.3	      0.0	      0.0	      0.0	 -2.62711	 -2.62711	      0.0	      NaN	      0.0	      0.0	      0.0
5.1	     10.5	      0.0	      0.0	      0.0	 -2.63456	 -2.63456	      0.0	      NaN	      0.0	      0.0	      0.0
5.1	     10.7	      0.0	      0.0	      0.0	 -2.64031	 -2.64031	      0.0	      NaN	      0.0	      0.0	      0.0
5.1	     10.9	      0.0	      0.0	      0.0	 -2.64653	 -2.64653	      0.0	      NaN	      0.0	      0.0	      0.0
5.1	     11.1	      0.0	      0.0	      0.0	 -2.65539	 -2.65539	      0.0	      NaN	      0.0	      0.0	      0.0
5.1	     11.3	      0.0	      0.0	      0.0	 -2.66889	 -2.66889	      0.0	      NaN	      0.0	      0.0	      0.0
5.1	     11.5	      0.0	      0.0	      0.0	 -2.68884	 -2.68884	      0.0	      NaN	      0.0	      0.0	      0.0
5.1	     11.7	      0.0	      0.0	      0.0	  -2.7167	  -2.7167	      0.0	      NaN	      0.0	      0.0	      0.0
5.1	     11.9	      0.0	      0.0	      0.0	 -2.75358	 -2.75358	      0.0	      NaN	      0.0	      0.0	      0.0
5.1	     12.1	      0.0	      0.0	      0.0	 -2.80011	 -2.80011	      0.0	      NaN	      0.0	      0.0	      0.0
5.1	     12.3	      0.0	      0.0	      0.0	 -2.85646	 -2.85646	      0.0	      NaN	      0.0	      0.0	      0.0
5.1	     12.5	      0.0	      0.0	      0.0	 -2.92232	 -2.92232	      0.0	      NaN	      0.0	      0.0	      0.0
5.1	     12.7	      0.0	      0.0	      0.0	 -2.99692	 -2.99692	      0.0	      NaN	      0.0	      0.0	      0.0

5.3	      0.1	      0.0	      0.0	      0.0	 0.174799	 0.174799	      0.0	      NaN	      0.0	      0.0	      0.0
5.3	      0.3	      0.0	      0.0	      0.0	 0.141916	 0.141916	      0.0	      NaN	      0.0	      0.0	      0.0
5.3	      0.5	      0.0	      0.0	      0.0	 0.099601	 0.099601	      0.0	      NaN	      0.0	      0.0	      0.0
5.3	      0.7	      0.0	      0.0	      0.0	 0.047477	 0.047477	      0.0	      NaN	      0.0	      0.0	      0.0
5.3	      0.9	      0.0	      0.0	      0.0	-0.014352	-0.014352	      0.0	      NaN	      0.0	      0.0	      0.0
5.3	      1.1	      0.0	      0.0	      0.0	-0.085305	-0.085305	      0.0	      NaN	      0.0	      0.0	      0.0
5.3	      1.3	      0.0	      0.0	      0.0	-0.164351	-0.164351	      0.0	      NaN	      0.0	      0.0	      0.0
5.3	      1.5	      0.0	      0.0	      0.0	-0.250065	-0.250065	      0.0	      NaN	      0.0	      0.0	      0.0
5.3	      1.7	      0.0	      0.0	      0.0	-0.340689	-0.340689	      0.0	      NaN	      0.0	      0.0	      0.0
5.3	      1.9	      0.0	      0.0	      0.0	-0.434229	-0.434229	      0.0	      NaN	      0.0	      0.0	      0.0
5.3	      2.1	      0.0	      0.0	      0.0	-0.528544	-0.528544	      0.0	      NaN	      0.0	      0.0	      0.0
5.3	      2.3	      0.0	      0.0	      0.0	-0.621456	-0.621456	      0.0	      NaN	      0.0	      0.0	      0.0
5.3	      2.5	      0.0	      0.0	      0.0	-0.710856	-0.710856	      0.0	      NaN	      0.0	      0.0	      0.0
5.3	      2.7	      0.0	      0.0	      0.0	-0.794808	-0.794808	      0.0	      NaN	      0.0	      0.0	      0.0
5.3	      2.9	      0.0	      0.0	      0.0	-0.871643	-0.871643	      0.0	      NaN	      0.0	      0.0	      0.0
5.3	      3.1	      0.0	      0.0	      0.0	-0.940043	-0.940043	      0.0	      NaN	      0.0	      0.0	      0.0
5.3	      3.3	      0.0	      0.0	      0.0	-0.999103	-0.999103	      0.0	      NaN	      0.0	      0.0	      0.0
5.3	      3.5	      0.0	      0.0	      0.0	 -1.04838	 -1.04838	      0.0	      NaN	      0.0	      0.0	      0.0
5.3	      3.7	      0.0	      0.0	      0.0	  -1.0879	  -1.0879	      0.0	      NaN	      0.0	      0.0	      0.0
5.3	      3.9	      0.0	      0.0	      0.0	  -1.1182	  -1.1182	      0.0	      NaN	      0.0	      0.0	      0.0
5.3	      4.1	      0.0	      0.0	      0.0	 -1.14022	 -1.14022	      0.0	      NaN	      0.0	      0.0	      0.0
5.3	      4.3	      0.0	      0.0	      0.0	 -1.15535	 -1.15535	      0.0	      NaN	      0.0	      0.0	      0.0
5.3	      4.5	      0.0	      0.0	      0.0	 -1.16531	 -1.16531	      0.0	      NaN	      0.0	      0.0	      0.0
5.3	      4.7	      0.0	      0.0	      0.0	 -1.17206	 -1.17206	      0.0	      NaN	      0.0	      0.0	      0.0
5.3	      4.9	      0.0	      0.0	      0.0	 -1.17772	 -1.17772	      0.0	      NaN	      0.0	      0.0	      0.0
5.3	      5.1	      0.0	      0.0	      0.0	 -1.18448	 -1.18448	      0.0	      NaN	      0.0	      0.0	      0.0
5.3	      5.3	      0.0	      0.0	      0.0	 -1.19446	 -1.19446	      0.0	      NaN	      0.0	      0.0	      0.0
5.3	      5.5	      0.0	      0.0	      0.0	 -1.20962	 -1.20962	      0.0	      NaN	      0.0	      0.0	      0.0
5.3	      5.7	      0.0	      0.0	      0.0	 -1.23168	 -1.23168	      0.0	      NaN	      0.0	      0.0	      0.0
5.3	      5.9	      0.0	      0.0	      0.0	 -1.26202	 -1.26202	      0.0	      NaN	      0.0	      0.0	      0.0
5.3	      6.1	      0.0	      0.0	      0.0	 -1.30159	 -1.30159	      0.0	      NaN	      0.0	      0.0	      0.0
5.3	      6.3	      0.0	      0.0	      0.0	 -1.35092	 -1.35092	      0.0	      NaN	      0.0	      0.0	      0.0
5.3	      6.5	      0.0	      0.0	      0.0	 -1.41003	 -1.41003	      0.0	      NaN	      0.0	      0.0	      0.0
5.3	      6.7	      0.0	      0.0	      0.0	 -1.47847	 -1.47847	      0.0	      NaN	      0.0	      0.0	      0.0
5.3	      6.9	      0.0	      0.0	      0.0	 -1.55535	 -1.55535	      0.0	      NaN	      0.0	      0.0	      0.0
5.3	      7.1	      0.0	      0.0	      0.0	 -1.63933	 -1.63933	      0.0	      NaN	      0.0	      0.0	      0.0
5.3	      7.3	      0.0	      0.0	      0.0	 -1.72875	 -1.72875	      0.0	      NaN	      0.0	      0.0	      0.0
5.3	      7.5	      0.0	      0.0	      0.0	 -1.82168	 -1.82168	      0.0	      NaN	      0.0	      0.0	      0.0
5.3	      7.7	      0.0	      0.0	      0.0	 -1.91599	 -1.91599	      0.0	      NaN	      0.0	      0.0	      0.0
5.3	      7.9	      0.0	      0.0	      0.0	 -2.00953	 -2.00953	      0.0	      NaN	      0.0	      0.0	      0.0
5.3	      8.1	      0.0	      0.0	      0.0	 -2.10013	 -2.10013	      0.0	      NaN	      0.0	      0.0	      0.0
5.3	      8.3	      0.0	      0.0	      0.0	 -2.18581	 -2.18581	      0.0	      NaN	      0.0	      0.0	      0.0
5.3	      8.5	      0.0	      0.0	      0.0	 -2.26482	 -2.26482	      0.0	      NaN	      0.0	      0.0	      0.0
5.3	      8.7	      0.0	      0.0	      0.0	 -2.33573	 -2.33573	      0.0	      NaN	      0.0	      0.0	      0.0
5.3	      8.9	      0.0	      0.0	      0.0	 -2.39751	 -2.39751	      0.0	      NaN	      0.0	      0.0	      0.0
5.3	      9.1	      0.0	      0.0	      0.0	 -2.44959	 -2.44959	      0.0	      NaN	      0.0	      0.0	      0.0
5.3	      9.3	      0.0	      0.0	      0.0	 -2.49185	 -2.49185	      0.0	      NaN	      0.0	      0.0	      0.0
5.3	      9.5	      0.0	      0.0	      0.0	 -2.52469	 -2.52469	      0.0	      NaN	      0.0	      0.0	      0.0
5.3	      9.7	      0.0	      0.0	      0.0	 -2.54894	 -2.54894	      0.0	      NaN	      0.0	      0.0	      0.0
5.3	      9.9	      0.0	      0.0	      0.0	 -2.56587	 -2.56587	      0.0	      NaN	      0.0	      0.0	      0.0
5.3	     10.1	      0.0	      0.0	      0.0	 -2.57711	 -2.57711	      0.0	      NaN	      0.0	      0.0	      0.0
5.3	     10.3	      0.0	      0.0	      0.0	 -2.58456	 -2.58456	      0.0	      NaN	      0.0	      0.0	      0.0
5.3	     10.5	      0.0	      0.0	      0.0	 -2.59031	 -2.59031	      0.0	      NaN	      0.0	      0.0	      0.0
5.3	     10.7	      0.0	      0.0	      0.0	 -2.59653	 -2.59653	      0.0	      NaN	      0.0	      0.0	      0.0
5.3	     10.9	      0.0	      0.0	      0.0	 -2.60539	 -2.60539	      0.0	      NaN	      0.0	      0.0	      0.0
5.3	     11.1	      0.0	      0.0	      0.0	 -2.61889	 -2.61889	      0.0	      NaN	      0.0	      0.0	      0.0
5.3	     11.3	      0.0	      0.0	      0.0	 -2.63884	 -2.63884	      0.0	      NaN	      0.0	      0.0	      0.0
5.3	     11.5	      0.0	      0.0	      0.0	  -2.6667	  -2.6667	      0.0	      NaN	      0.0	      0.0	      0.0
5.3	     11.7	      0.0	      0.0	      0.0	 -2.70358	 -2.70358	      0.0	      NaN	      0.0	      0.0	      0.0
5.3	     11.9	      0.0	      0.0	      0.0	 -2.75011	 -2.75011	      0.0	      NaN	      0.0	      0.0	      0.0
5.3	     12.1	      0.0	      0.0	      0.0	 -2.80646	 -2.80646	      0.0	      NaN	      0.0	      0.0	      0.0
5.3	     12.3	      0.0	      0.0	      0.0	 -2.87232	 -2.87232	      0.0	      NaN	      0.0	      0.0	      0.0
5.3	     12.5	      0.0	      0.0	      0.0	 -2.94692	 -2.94692	      0.0	      NaN	      0.0	      0.0	      0.0
5.3	     12.7	      0.0	      0.0	      0.0	 -3.02904	 -3.02904	      0.0	      NaN	      0.0	      0.0	      0.0

5.5	      0.1	      0.0	      0.0	      0.0	 0.191916	 0.191916	      0.0	      NaN	      0.0	      0.0	      0.0
5.5	      0.3	      0.0	      0.0	      0.0	 0.149601	 0.149601	      0.0	      NaN	      0.0	      0.0	      0.0
5.5	      0.5	      0.0	      0.0	      0.0	 0.097477	 0.097477	      0.0	      NaN	      0.0	      0.0	      0.0
5.5	      0.7	      0.0	      0.0	      0.0	 0.035648	 0.035648	      0.0	      NaN	      0.0	      0.0	      0.0
5.5	      0.9	      0.0	      0.0	      0.0	-0.035305	-0.035305	      0.0	      NaN	      0.0	      0.0	      0.0
5.5	      1.1	      0.0	      0.0	      0.0	-0.114351	-0.114351	      0.0	      NaN	      0.0	      0.0	      0.0
5.5	      1.3	      0.0	      0.0	      0.0	-0.200065	-0.200065	      0.0	      NaN	      0.0	      0.0	      0.0
5.5	      1.5	      0.0	      0.0	      0.0	-0.290689	-0.290689	      0.0	      NaN	      0.0	      0.0	      0.0
5.5	      1.7	      0.0	      0.0	      0.0	-0.384229	-0.384229	      0.0	      NaN	      0.0	      0.0	      0.0
5.5	      1.9	      0.0	      0.0	      0.0	-0.478544	-0.478544	      0.0	      NaN	      0.0	      0.0	      0.0
5.5	      2.1	      0.0	      0.0	      0.0	-0.571456	-0.571456	      0.0	      NaN	      0.0	      0.0	      0.0
5.5	      2.3	      0.0	      0.0	      0.0	-0.660856	-0.660856	      0.0	      NaN	      0.0	      0.0	      0.0
5.5	      2.5	      0.0	      0.0	      0.0	-0.744808	-0.744808	      0.0	      NaN	      0.0	      0.0	      0.0
5.5	      2.7	      0.0	      0.0	      0.0	-0.821643	-0.821643	      0.0	      NaN	      0.0	      0.0	      0.0
5.5	      2.9	      0.0	      0.0	      0.0	-0.890043	-0.890043	      0.0	      NaN	      0.0	      0.0	      0.0
5.5	      3.1	      0.0	      0.0	      0.0	-0.949103	-0.949103	      0.0	      NaN	      0.0	      0.0	      0.0
5.5	      3.3	      0.0	      0.0	      0.0	-0.998379	-0.998379	      0.0	      NaN	      0.0	      0.0	      0.0
5.5	      3.5	      0.0	      0.0	      0.0	  -1.0379	  -1.0379	      0.0	      NaN	      0.0	      0.0	      0.0
5.5	      3.7	      0.0	      0.0	      0.0	  -1.0682	  -1.0682	      0.0	      NaN	      0.0	      0.0	      0.0
5.5	      3.9	      0.0	      0.0	      0.0	 -1.09022	 -1.09022	      0.0	      NaN	      0.0	      0.0	      0.0
5.5	      4.1	      0.0	      0.0	      0.0	 -1.10536	 -1.10536	      0.0	      NaN	      0.0	      0.0	      0.0
5.5	      4.3	      0.0	      0.0	      0.0	 -1.11531	 -1.11531	      0.0	      NaN	      0.0	      0.0	      0.0
5.5	      4.5	      0.0	      0.0	      0.0	 -1.12206	 -1.12206	      0.0	      NaN	      0.0	      0.0	      0.0
5.5	      4.7	      0.0	      0.0	      0.0	 -1.12772	 -1.12772	      0.0	      NaN	      0.0	      0.0	      0.0
5.5	      4.9	      0.0	      0.0	      0.0	 -1.13448	 -1.13448	      0.0	      NaN	      0.0	      0.0	      0.0
5.5	      5.1	      0.0	      0.0	      0.0	 -1.14446	 -1.14446	      0.0	      NaN	      0.0	      0.0	      0.0
5.5	      5.3	      0.0	      0.0	      0.0	 -1.15962	 -1.15962	      0.0	      NaN	      0.0	      0.0	      0.0
5.5	      5.5	      0.0	      0.0	      0.0	 -1.18168	 -1.18168	      0.0	      NaN	      0.0	      0.0	      0.0
5.5	      5.7	      0.0	      0.0	      0.0	 -1.21202	 -1.21202	      0.0	      NaN	      0.0	      0.0	      0.0
5.5	      5.9	      0.0	      0.0	      0.0	 -1.25159	 -1.25159	      0.0	      NaN	      0.0	      0.0	      0.0
5.5	      6.1	      0.0	      0.0	      0.0	 -1.30092	 -1.30092	      0.0	      NaN	      0.0	      0.0	      0.0
5.5	      6.3	      0.0	      0.0	      0.0	 -1.36003	 -1.36003	      0.0	      NaN	      0.0	      0.0	      0.0
5.5	      6.5	      0.0	      0.0	      0.0	 -1.42847	 -1.42847	      0.0	      NaN	      0.0	      0.0	      0.0
5.5	      6.7	      0.0	      0.0	      0.0	 -1.50535	 -1.50535	      0.0	      NaN	      0.0	      0.0	      0.0
5.5	      6.9	      0.0	      0.0	      0.0	 -1.58933	 -1.58933	      0.0	      NaN	      0.0	      0.0	      0.0
5.5	      7.1	      0.0	      0.0	      0.0	 -1.67875	 -1.67875	      0.0	      NaN	      0.0	      0.0	      0.0
5.5	      7.3	      0.0	      0.0	      0.0	 -1.77168	 -1.77168	      0.0	      NaN	      0.0	      0.0	      0.0
5.5	      7.5	      0.0	      0.0	      0.0	   -1.866	   -1.866	      0.0	      NaN	      0.0	      0.0	      0.0
5.5	      7.7	      0.0	      0.0	      0.0	 -1.95952	 -1.95952	      0.0	      NaN	      0.0	      0.0	      0.0
5.5	      7.9	      0.0	      0.0	      0.0	 -2.05013	 -2.05013	      0.0	      NaN	      0.0	      0.0	      0.0
5.5	      8.1	      0.0	      0.0	      0.0	 -2.13581	 -2.13581	      0.0	      NaN	      0.0	      0.0	      0.0
5.5	      8.3	      0.0	      0.0	      0.0	 -2.21482	 -2.21482	      0.0	      NaN	      0.0	      0.0	      0.0
5.5	      8.5	      0.0	      0.0	      0.0	 -2.28573	 -2.28573	      0.0	      NaN	      0.0	      0.0	      0.0
5.5	      8.7	      0.0	      0.0	      0.0	 -2.34751	 -2.34751	      0.0	      NaN	      0.0	      0.0	      0.0
5.5	      8.9	      0.0	      0.0	      0.0	 -2.39959	 -2.39959	      0.0	      NaN	      0.0	      0.0	      0.0
5.5	      9.1	      0.0	      0.0	      0.0	 -2.44185	 -2.44185	      0.0	      NaN	      0.0	      0.0	      0.0
5.5	      9.3	      0.0	      0.0	      0.0	 -2.47469	 -2.47469	      0.0	      NaN	      0.0	      0.0	      0.0
5.5	      9.5	      0.0	      0.0	      0.0	 -2.49894	 -2.49894	      0.0	      NaN	      0.0	      0.0	      0.0
5.5	      9.7	      0.0	      0.0	      0.0	 -2.51587	 -2.51587	      0.0	      NaN	      0.0	      0.0	      0.0
5.5	      9.9	      0.0	      0.0	      0.0	 -2.52711	 -2.52711	      0.0	      NaN	      0.0	      0.0	      0.0
5.5	     10.1	      0.0	      0.0	      0.0	 -2.53456	 -2.53456	      0.0	      NaN	      0.0	      0.0	      0.0
5.5	     10.3	      0.0	      0.0	      0.0	 -2.54031	 -2.54031	      0.0	      NaN	      0.0	      0.0	      0.0
5.5	     10.5	      0.0	      0.0	      0.0	 -2.54653	 -2.54653	      0.0	      NaN	      0.0	      0.0	      0.0
5.5	     10.7	      0.0	      0.0	      0.0	 -2.55539	 -2.55539	      0.0	      NaN	      0.0	      0.0	      0.0
5.5	     10.9	      0.0	      0.0	      0.0	 -2.56889	 -2.56889	      0.0	      NaN	      0.0	      0.0	      0.0
5.5	     11.1	      0.0	      0.0	      0.0	 -2.58884	 -2.58884	      0.0	      NaN	      0.0	      0.0	      0.0
5.5	     11.3	      0.0	      0.0	      0.0	  -2.6167	  -2.6167	      0.0	      NaN	      0.0	      0.0	      0.0
5.5	     11.5	      0.0	      0.0	      0.0	 -2.65358	 -2.65358	      0.0	      NaN	      0.0	      0.0	      0.0
5.5	     11.7	      0.0	      0.0	      0.0	 -2.70011	 -2.70011	      0.0	      NaN	      0.0	      0.0	      0.0
5.5	     11.9	      0.0	      0.0	      0.0	 -2.75646	 -2.75646	      0.0	      NaN	      0.0	      0.0	      0.0
5.5	     12.1	      0.0	      0.0	      0.0	 -2.82232	 -2.82232	      0.0	      NaN	      0.0	      0.0	      0.0
5.5	     12.3	      0.0	      0.0	      0.0	 -2.89692	 -2.89692	      0.0	      NaN	      0.0	      0.0	      0.0
5.5	     12.5	      0.0	      0.0	      0.0	 -2.97904	 -2.97904	      0.0	      NaN	      0.0	      0.0	      0.0
5.5	     12.7	      0.0	      0.0	      0.0	  -3.0671	  -3.0671	      0.0	      NaN	      0.0	      0.0	      0.0

5.7	      0.1	      0.0	      0.0	      0.0	 0.199601	 0.199601	      0.0	      NaN	      0.0	      0.0	      0.0
5.7	      0.3	      0.0	      0.0	      0.0	 0.147477	 0.147477	      0.0	      NaN	      0.0	      0.0	      0.0
5.7	      0.5	      0.0	      0.0	      0.0	 0.085648	 0.085648	      0.0	      NaN	      0.0	      0.0	      0.0
5.7	      0.7	      0.0	      0.0	      0.0	 0.014695	 0.014695	      0.0	      NaN	      0.0	      0.0	      0.0
5.7	      0.9	      0.0	      0.0	      0.0	-0.064351	-0.064351	      0.0	      NaN	      0.0	      0.0	      0.0
5.7	      1.1	      0.0	      0.0	      0.0	-0.150065	-0.150065	      0.0	      NaN	      0.0	      0.0	      0.0
5.7	      1.3	      0.0	      0.0	      0.0	-0.240689	-0.240689	      0.0	      NaN	      0.0	      0.0	      0.0
5.7	      1.5	      0.0	      0.0	      0.0	-0.334229	-0.334229	      0.0	      NaN	      0.0	      0.0	      0.0
5.7	      1.7	      0.0	      0.0	      0.0	-0.428544	-0.428544	      0.0	      NaN	      0.0	      0.0	      0.0
5.7	      1.9	      0.0	      0.0	      0.0	-0.521456	-0.521456	      0.0	      NaN	      0.0	      0.0	      0.0
5.7	      2.1	      0.0	      0.0	      0.0	-0.610856	-0.610856	      0.0	      NaN	      0.0	      0.0	      0.0
5.7	      2.3	      0.0	      0.0	      0.0	-0.694808	-0.694808	      0.0	      NaN	      0.0	      0.0	      0.0
5.7	      2.5	      0.0	      0.0	      0.0	-0.771643	-0.771643	      0.0	      NaN	      0.0	      0.0	      0.0
5.7	      2.7	      0.0	      0.0	      0.0	-0.840043	-0.840043	      0.0	      NaN	      0.0	      0.0	      0.0
5.7	      2.9	      0.0	      0.0	      0.0	-0.899103	-0.899103	      0.0	      NaN	      0.0	      0.0	      0.0
5.7	      3.1	      0.0	      0.0	      0.0	-0.948379	-0.948379	      0.0	      NaN	      0.0	      0.0	      0.0
5.7	      3.3	      0.0	      0.0	      0.0	-0.987904	-0.987904	      0.0	      NaN	      0.0	      0.0	      0.0
5.7	      3.5	      0.0	      0.0	      0.0	  -1.0182	  -1.0182	      0.0	      NaN	      0.0	      0.0	      0.0
5.7	      3.7	      0.0	      0.0	      0.0	 -1.04022	 -1.04022	      0.0	      NaN	      0.0	      0.0	      0.0
5.7	      3.9	      0.0	      0.0	      0.0	 -1.05536	 -1.05536	      0.0	      NaN	      0.0	      0.0	      0.0
5.7	      4.1	      0.0	      0.0	      0.0	 -1.06531	 -1.06531	      0.0	      NaN	      0.0	      0.0	      0.0
5.7	      4.3	      0.0	      0.0	      0.0	 -1.07206	 -1.07206	      0.0	      NaN	      0.0	      0.0	      0.0
5.7	      4.5	      0.0	      0.0	      0.0	 -1.07772	 -1.07772	      0.0	      NaN	      0.0	      0.0	      0.0
5.7	      4.7	      0.0	      0.0	      0.0	 -1.08448	 -1.08448	      0.0	      NaN	      0.0	      0.0	      0.0
5.7	      4.9	      0.0	      0.0	      0.0	 -1.09445	 -1.09445	      0.0	      NaN	      0.0	      0.0	      0.0
5.7	      5.1	      0.0	      0.0	      0.0	 -1.10962	 -1.10962	      0.0	      NaN	      0.0	      0.0	      0.0
5.7	      5.3	      0.0	      0.0	      0.0	 -1.13168	 -1.13168	      0.0	      NaN	      0.0	      0.0	      0.0
5.7	      5.5	      0.0	      0.0	      0.0	 -1.16202	 -1.16202	      0.0	      NaN	      0.0	      0.0	      0.0
5.7	      5.7	      0.0	      0.0	      0.0	 -1.20159	 -1.20159	      0.0	      NaN	      0.0	      0.0	      0.0
5.7	      5.9	      0.0	      0.0	      0.0	 -1.25092	 -1.25092	      0.0	      NaN	      0.0	      0.0	      0.0
5.7	      6.1	      0.0	      0.0	      0.0	 -1.31003	 -1.31003	      0.0	      NaN	      0.0	      0.0	      0.0
5.7	      6.3	      0.0	      0.0	      0.0	 -1.37847	 -1.37847	      0.0	      NaN	      0.0	      0.0	      0.0
5.7	      6.5	      0.0	      0.0	      0.0	 -1.45535	 -1.45535	      0.0	      NaN	      0.0	      0.0	      0.0
5.7	      6.7	      0.0	      0.0	      0.0	 -1.53933	 -1.53933	      0.0	      NaN	      0.0	      0.0	      0.0
5.7	      6.9	      0.0	      0.0	      0.0	 -1.62875	 -1.62875	      0.0	      NaN	      0.0	      0.0	      0.0
5.7	      7.1	      0.0	      0.0	      0.0	 -1.72168	 -1.72168	      0.0	      NaN	      0.0	      0.0	      0.0
5.7	      7.3	      0.0	      0.0	      0.0	   -1.816	   -1.816	      0.0	      NaN	      0.0	      0.0	      0.0
5.7	      7.5	      0.0	      0.0	      0.0	 -1.90952	 -1.90952	      0.0	      NaN	      0.0	      0.0	      0.0
5.7	      7.7	      0.0	      0.0	      0.0	 -2.00013	 -2.00013	      0.0	      NaN	      0.0	      0.0	      0.0
5.7	      7.9	      0.0	      0.0	      0.0	 -2.08581	 -2.08581	      0.0	      NaN	      0.0	      0.0	      0.0
5.7	      8.1	      0.0	      0.0	      0.0	 -2.16482	 -2.16482	      0.0	      NaN	      0.0	      0.0	      0.0
5.7	      8.3	      0.0	      0.0	      0.0	 -2.23573	 -2.23573	      0.0	      NaN	      0.0	      0.0	      0.0
5.7	      8.5	      0.0	      0.0	      0.0	 -2.29751	 -2.29751	      0.0	      NaN	      0.0	      0.0	      0.0
5.7	      8.7	      0.0	      0.0	      0.0	 -2.34959	 -2.34959	      0.0	      NaN	      0.0	      0.0	      0.0
5.7	      8.9	      0.0	      0.0	      0.0	 -2.39185	 -2.39185	      0.0	      NaN	      0.0	      0.0	      0.0
5.7	      9.1	      0.0	      0.0	      0.0	 -2.42469	 -2.42469	      0.0	      NaN	      0.0	      0.0	      0.0
5.7	      9.3	      0.0	      0.0	      0.0	 -2.44894	 -2.44894	      0.0	      NaN	      0.0	      0.0	      0.0
5.7	      9.5	      0.0	      0.0	      0.0	 -2.46587	 -2.46587	      0.0	      NaN	      0.0	      0.0	      0.0
5.7	      9.7	      0.0	      0.0	      0.0	 -2.47711	 -2.47711	      0.0	      NaN	      0.0	      0.0	      0.0
5.7	      9.9	      0.0	      0.0	      0.0	 -2.48456	 -2.48456	      0.0	      NaN	      0.0	      0.0	      0.0
5.7	     10.1	      0.0	      0.0	      0.0	 -2.49031	 -2.49031	      0.0	      NaN	      0.0	      0.0	      0.0
5.7	     10.3	      0.0	      0.0	      0.0	 -2.49653	 -2.49653	      0.0	      NaN	      0.0	      0.0	      0.0
5.7	     10.5	      0.0	      0.0	      0.0	 -2.50539	 -2.50539	      0.0	      NaN	      0.0	      0.0	      0.0
5.7	     10.7	      0.0	      0.0	      0.0	 -2.51889	 -2.51889	      0.0	      NaN	      0.0	      0.0	      0.0
5.7	     10.9	      0.0	      0.0	      0.0	 -2.53884	 -2.53884	      0.0	      NaN	      0.0	      0.0	      0.0
5.7	     11.1	      0.0	      0.0	      0.0	  -2.5667	  -2.5667	      0.0	      NaN	      0.0	      0.0	      0.0
5.7	     11.3	      0.0	      0.0	      0.0	 -2.60358	 -2.60358	      0.0	      NaN	      0.0	      0.0	      0.0
5.7	     11.5	      0.0	      0.0	      0.0	 -2.65011	 -2.65011	      0.0	      NaN	      0.0	      0.0	      0.0
5.7	     11.7	      0.0	      0.0	      0.0	 -2.70646	 -2.70646	      0.0	      NaN	      0.0	      0.0	      0.0
5.7	     11.9	      0.0	      0.0	      0.0	 -2.77232	 -2.77232	      0.0	      NaN	      0.0	      0.0	      0.0
5.7	     12.1	      0.0	      0.0	      0.0	 -2.84692	 -2.84692	      0.0	      NaN	      0.0	      0.0	      0.0
5.7	     12.3	      0.0	      0.0	      0.0	 -2.92904	 -2.92904	      0.0	      NaN	      0.0	      0.0	      0.0
5.7	     12.5	      0.0	      0.0	      0.0	  -3.0171	  -3.0171	      0.0	      NaN	      0.0	      0.0	      0.0
5.7	     12.7	      0.0	      0.0	      0.0	 -3.10924	 -3.10924	      0.0	      NaN	      0.0	      0.0	      0.0

5.9	      0.1	      0.0	      0.0	      0.0	 0.197477	 0.197477	      0.0	      NaN	      0.0	      0.0	      0.0
5.9	      0.3	      0.0	      0.0	      0.0	 0.135648	 0.135648	      0.0	      NaN	      0.0	      0.0	      0.0
5.9	      0.5	      0.0	      0.0	      0.0	 0.064695	 0.064695	      0.0	      NaN	      0.0	      0.0	      0.0
5.9	      0.7	      0.0	      0.0	      0.0	-0.014351	-0.014351	      0.0	      NaN	      0.0	      0.0	      0.0
5.9	      0.9	      0.0	      0.0	      0.0	-0.100065	-0.100065	      0.0	      NaN	      0.0	      0.0	      0.0
5.9	      1.1	      0.0	      0.0	      0.0	-0.190689	-0.190689	      0.0	      NaN	      0.0	      0.0	      0.0
5.9	      1.3	      0.0	      0.0	      0.0	-0.284229	-0.284229	      0.0	      NaN	      0.0	      0.0	      0.0
5.9	      1.5	      0.0	      0.0	      0.0	-0.378544	-0.378544	      0.0	      NaN	      0.0	      0.0	      0.0
5.9	      1.7	      0.0	      0.0	      0.0	-0.471456	-0.471456	      0.0	      NaN	      0.0	      0.0	      0.0
5.9	      1.9	      0.0	      0.0	      0.0	-0.560856	-0.560856	      0.0	      NaN	      0.0	      0.0	      0.0
5.9	      2.1	      0.0	      0.0	      0.0	-0.644808	-0.644808	      0.0	      NaN	      0.0	      0.0	      0.0
5.9	      2.3	      0.0	      0.0	      0.0	-0.721643	-0.721643	      0.0	      NaN	      0.0	      0.0	      0.0
5.9	      2.5	      0.0	      0.0	      0.0	-0.790043	-0.790043	      0.0	      NaN	      0.0	      0.0	      0.0
5.9	      2.7	      0.0	      0.0	      0.0	-0.849103	-0.849103	      0.0	      NaN	      0.0	      0.0	      0.0
5.9	      2.9	      0.0	      0.0	      0.0	-0.898379	-0.898379	      0.0	      NaN	      0.0	      0.0	      0.0
5.9	      3.1	      0.0	      0.0	      0.0	-0.937904	-0.937904	      0.0	      NaN	      0.0	      0.0	      0.0
5.9	      3.3	      0.0	      0.0	      0.0	-0.968196	-0.968196	      0.0	      NaN	      0.0	      0.0	      0.0
5.9	      3.5	      0.0	      0.0	      0.0	-0.990221	-0.990221	      0.0	      NaN	      0.0	      0.0	      0.0
5.9	      3.7	      0.0	      0.0	      0.0	 -1.00535	 -1.00535	      0.0	      NaN	      0.0	      0.0	      0.0
5.9	      3.9	      0.0	      0.0	      0.0	 -1.01531	 -1.01531	      0.0	      NaN	      0.0	      0.0	      0.0
5.9	      4.1	      0.0	      0.0	      0.0	 -1.02206	 -1.02206	      0.0	      NaN	      0.0	      0.0	      0.0
5.9	      4.3	      0.0	      0.0	      0.0	 -1.02772	 -1.02772	      0.0	      NaN	      0.0	      0.0	      0.0
5.9	      4.5	      0.0	      0.0	      0.0	 -1.03448	 -1.03448	      0.0	      NaN	      0.0	      0.0	      0.0
5.9	      4.7	      0.0	      0.0	      0.0	 -1.04445	 -1.04445	      0.0	      NaN	      0.0	      0.0	      0.0
5.9	      4.9	      0.0	      0.0	      0.0	 -1.05962	 -1.05962	      0.0	      NaN	      0.0	      0.0	      0.0
5.9	      5.1	      0.0	      0.0	      0.0	 -1.08168	 -1.08168	      0.0	      NaN	      0.0	      0.0	      0.0
5.9	      5.3	      0.0	      0.0	      0.0	 -1.11202	 -1.11202	      0.0	      NaN	      0.0	      0.0	      0.0
5.9	      5.5	      0.0	      0.0	      0.0	 -1.15159	 -1.15159	      0.0	      NaN	      0.0	      0.0	      0.0
5.9	      5.7	      0.0	      0.0	      0.0	 -1.20092	 -1.20092	      0.0	      NaN	      0.0	      0.0	      0.0
5.9	      5.9	      0.0	      0.0	      0.0	 -1.26003	 -1.26003	      0.0	      NaN	      0.0	      0.0	      0.0
5.9	      6.1	      0.0	      0.0	      0.0	 -1.32847	 -1.32847	      0.0	      NaN	      0.0	      0.0	      0.0
5.9	      6.3	      0.0	      0.0	      0.0	 -1.40535	 -1.40535	      0.0	      NaN	      0.0	      0.0	      0.0
5.9	      6.5	      0.0	      0.0	      0.0	 -1.48933	 -1.48933	      0.0	      NaN	      0.0	      0.0	      0.0
5.9	      6.7	      0.0	      0.0	      0.0	 -1.57875	 -1.57875	      0.0	      NaN	      0.0	      0.0	      0.0
5.9	      6.9	      0.0	      0.0	      0.0	 -1.67168	 -1.67168	      0.0	      NaN	      0.0	      0.0	      0.0
5.9	      7.1	      0.0	      0.0	      0.0	 -1.76599	 -1.76599	      0.0	      NaN	      0.0	      0.0	      0.0
5.9	      7.3	      0.0	      0.0	      0.0	 -1.85953	 -1.85953	      0.0	      NaN	      0.0	      0.0	      0.0
5.9	      7.5	      0.0	      0.0	      0.0	 -1.95013	 -1.95013	      0.0	      NaN	      0.0	      0.0	      0.0
5.9	      7.7	      0.0	      0.0	      0.0	 -2.03581	 -2.03581	      0.0	      NaN	      0.0	      0.0	      0.0
5.9	      7.9	      0.0	      0.0	      0.0	 -2.11482	 -2.11482	      0.0	      NaN	      0.0	      0.0	      0.0
5.9	      8.1	      0.0	      0.0	      0.0	 -2.18573	 -2.18573	      0.0	      NaN	      0.0	      0.0	      0.0
5.9	      8.3	      0.0	      0.0	      0.0	 -2.24751	 -2.24751	      0.0	      NaN	      0.0	      0.0	      0.0
5.9	      8.5	      0.0	      0.0	      0.0	 -2.29959	 -2.29959	      0.0	      NaN	      0.0	      0.0	      0.0
5.9	      8.7	      0.0	      0.0	      0.0	 -2.34185	 -2.34185	      0.0	      NaN	      0.0	      0.0	      0.0
5.9	      8.9	      0.0	      0.0	      0.0	 -2.37469	 -2.37469	      0.0	      NaN	      0.0	      0.0	      0.0
5.9	      9.1	      0.0	      0.0	      0.0	 -2.39894	 -2.39894	      0.0	      NaN	      0.0	      0.0	      0.0
5.9	      9.3	      0.0	      0.0	      0.0	 -2.41587	 -2.41587	      0.0	      NaN	      0.0	      0.0	      0.0
5.9	      9.5	      0.0	      0.0	      0.0	 -2.42711	 -2.42711	      0.0	      NaN	      0.0	      0.0	      0.0
5.9	      9.7	      0.0	      0.0	      0.0	 -2.43456	 -2.43456	      0.0	      NaN	      0.0	      0.0	      0.0
5.9	      9.9	      0.0	      0.0	      0.0	 -2.44031	 -2.44031	      0.0	      NaN	      0.0	      0.0	      0.0
5.9	     10.1	      0.0	      0.0	      0.0	 -2.44653	 -2.44653	      0.0	      NaN	      0.0	      0.0	      0.0
5.9	     10.3	      0.0	      0.0	      0.0	 -2.45539	 -2.45539	      0.0	      NaN	      0.0	      0.0	      0.0
5.9	     10.5	      0.0	      0.0	      0.0	 -2.46889	 -2.46889	      0.0	      NaN	      0.0	      0.0	      0.0
5.9	     10.7	      0.0	      0.0	      0.0	 -2.48884	 -2.48884	      0.0	      NaN	      0.0	      0.0	      0.0
5.9	     10.9	      0.0	      0.0	      0.0	  -2.5167	  -2.5167	      0.0	      NaN	      0.0	      0.0	      0.0
5.9	     11.1	      0.0	      0.0	      0.0	 -2.55358	 -2.55358	      0.0	      NaN	      0.0	      0.0	      0.0
5.9	     11.3	      0.0	      0.0	      0.0	 -2.60011	 -2.60011	      0.0	      NaN	      0.0	      0.0	      0.0
5.9	     11.5	      0.0	      0.0	      0.0	 -2.65646	 -2.65646	      0.0	      NaN	      0.0	      0.0	      0.0
5.9	     11.7	      0.0	      0.0	      0.0	 -2.72232	 -2.72232	      0.0	      NaN	      0.0	      0.0	      0.0
5.9	     11.9	      0.0	      0.0	      0.0	 -2.79692	 -2.79692	      0.0	      NaN	      0.0	      0.0	      0.0
5.9	     12.1	      0.0	      0.0	      0.0	 -2.87904	 -2.87904	      0.0	      NaN	      0.0	      0.0	      0.0
5.9	     12.3	      0.0	      0.0	      0.0	  -2.9671	  -2.9671	      0.0	      NaN	      0.0	      0.0	      0.0
5.9	     12.5	      0.0	      0.0	      0.0	 -3.05924	 -3.05924	      0.0	      NaN	      0.0	      0.0	      0.0
5.9	     12.7	      0.0	      0.0	      0.0	 -3.15338	 -3.15338	      0.0	      NaN	      0.0	      0.0	      0.0

6.1	      0.1	      0.0	      0.0	      0.0	 0.185648	 0.185648	      0.0	      NaN	      0.0	      0.0	      0.0
6.1	      0.3	      0.0	      0.0	      0.0	 0.114695	 0.114695	      0.0	      NaN	      0.0	      0.0	      0.0
6.1	      0.5	      0.0	      0.0	      0.0	 0.035649	 0.035649	      0.0	      NaN	      0.0	      0.0	      0.0
6.1	      0.7	      0.0	      0.0	      0.0	-0.050065	-0.050065	      0.0	      NaN	      0.0	      0.0	      0.0
6.1	      0.9	      0.0	      0.0	      0.0	-0.140689	-0.140689	      0.0	      NaN	      0.0	      0.0	      0.0
6.1	      1.1	      0.0	      0.0	      0.0	-0.234229	-0.234229	      0.0	      NaN	      0.0	      0.0	      0.0
6.1	      1.3	      0.0	      0.0	      0.0	-0.328544	-0.328544	      0.0	      NaN	      0.0	      0.0	      0.0
6.1	      1.5	      0.0	      0.0	      0.0	-0.421456	-0.421456	      0.0	      NaN	      0.0	      0.0	      0.0
6.1	      1.7	      0.0	      0.0	      0.0	-0.510856	-0.510856	      0.0	      NaN	      0.0	      0.0	      0.0
6.1	      1.9	      0.0	      0.0	      0.0	-0.594808	-0.594808	      0.0	      NaN	      0.0	      0.0	      0.0
6.1	      2.1	      0.0	      0.0	      0.0	-0.671643	-0.671643	      0.0	      NaN	      0.0	      0.0	      0.0
6.1	      2.3	      0.0	      0.0	      0.0	-0.740043	-0.740043	      0.0	      NaN	      0.0	      0.0	      0.0
6.1	      2.5	      0.0	      0.0	      0.0	-0.799103	-0.799103	      0.0	      NaN	      0.0	      0.0	      0.0
6.1	      2.7	      0.0	      0.0	      0.0	-0.848379	-0.848379	      0.0	      NaN	      0.0	      0.0	      0.0
6.1	      2.9	      0.0	      0.0	      0.0	-0.887904	-0.887904	      0.0	      NaN	      0.0	      0.0	      0.0
6.1	      3.1	      0.0	      0.0	      0.0	-0.918196	-0.918196	      0.0	      NaN	      0.0	      0.0	      0.0
6.1	      3.3	      0.0	      0.0	      0.0	-0.940221	-0.940221	      0.0	      NaN	      0.0	      0.0	      0.0
6.1	      3.5	      0.0	      0.0	      0.0	-0.955355	-0.955355	      0.0	      NaN	      0.0	      0.0	      0.0
6.1	      3.7	      0.0	      0.0	      0.0	-0.965311	-0.965311	      0.0	      NaN	      0.0	      0.0	      0.0
6.1	      3.9	      0.0	      0.0	      0.0	-0.972057	-0.972057	      0.0	      NaN	      0.0	      0.0	      0.0
6.1	      4.1	      0.0	      0.0	      0.0	 -0.97772	 -0.97772	      0.0	      NaN	      0.0	      0.0	      0.0
6.1	      4.3	      0.0	      0.0	      0.0	-0.984477	-0.984477	      0.0	      NaN	      0.0	      0.0	      0.0
6.1	      4.5	      0.0	      0.0	      0.0	-0.994455	-0.994455	      0.0	      NaN	      0.0	      0.0	      0.0
6.1	      4.7	      0.0	      0.0	      0.0	 -1.00962	 -1.00962	      0.0	      NaN	      0.0	      0.0	      0.0
6.1	      4.9	      0.0	      0.0	      0.0	 -1.03168	 -1.03168	      0.0	      NaN	      0.0	      0.0	      0.0
6.1	      5.1	      0.0	      0.0	      0.0	 -1.06202	 -1.06202	      0.0	      NaN	      0.0	      0.0	      0.0
6.1	      5.3	      0.0	      0.0	      0.0	 -1.10159	 -1.10159	      0.0	      NaN	      0.0	      0.0	      0.0
6.1	      5.5	      0.0	      0.0	      0.0	 -1.15092	 -1.15092	      0.0	      NaN	      0.0	      0.0	      0.0
6.1	      5.7	      0.0	      0.0	      0.0	 -1.21003	 -1.21003	      0.0	      NaN	      0.0	      0.0	      0.0
6.1	      5.9	      0.0	      0.0	      0.0	 -1.27847	 -1.27847	      0.0	      NaN	      0.0	      0.0	      0.0
6.1	      6.1	      0.0	      0.0	      0.0	 -1.35535	 -1.35535	      0.0	      NaN	      0.0	      0.0	      0.0
6.1	      6.3	      0.0	      0.0	      0.0	 -1.43933	 -1.43933	      0.0	      NaN	      0.0	      0.0	      0.0
6.1	      6.5	      0.0	      0.0	      0.0	 -1.52875	 -1.52875	      0.0	      NaN	      0.0	      0.0	      0.0
6.1	      6.7	      0.0	      0.0	      0.0	 -1.62168	 -1.62168	      0.0	      NaN	      0.0	      0.0	      0.0
6.1	      6.9	      0.0	      0.0	      0.0	 -1.71599	 -1.71599	      0.0	      NaN	      0.0	      0.0	      0.0
6.1	      7.1	      0.0	      0.0	      0.0	 -1.80953	 -1.80953	      0.0	      NaN	      0.0	      0.0	      0.0
6.1	      7.3	      0.0	      0.0	      0.0	 -1.90013	 -1.90013	      0.0	      NaN	      0.0	      0.0	      0.0
6.1	      7.5	      0.0	      0.0	      0.0	 -1.98581	 -1.98581	      0.0	      NaN	      0.0	      0.0	      0.0
6.1	      7.7	      0.0	      0.0	      0.0	 -2.06482	 -2.06482	      0.0	      NaN	      0.0	      0.0	      0.0
6.1	      7.9	      0.0	      0.0	      0.0	 -2.13573	 -2.13573	      0.0	      NaN	      0.0	      0.0	      0.0
6.1	      8.1	      0.0	      0.0	      0.0	 -2.19751	 -2.19751	      0.0	      NaN	      0.0	      0.0	      0.0
6.1	      8.3	      0.0	      0.0	      0.0	 -2.24959	 -2.24959	      0.0	      NaN	      0.0	      0.0	      0.0
6.1	      8.5	      0.0	      0.0	      0.0	 -2.29185	 -2.29185	      0.0	      NaN	      0.0	      0.0	      0.0
6.1	      8.7	      0.0	      0.0	      0.0	 -2.32469	 -2.32469	      0.0	      NaN	      0.0	      0.0	      0.0
6.1	      8.9	      0.0	      0.0	      0.0	 -2.34894	 -2.34894	      0.0	      NaN	      0.0	      0.0	      0.0
6.1	      9.1	      0.0	      0.0	      0.0	 -2.36587	 -2.36587	      0.0	      NaN	      0.0	      0.0	      0.0
6.1	      9.3	      0.0	      0.0	      0.0	 -2.37711	 -2.37711	      0.0	      NaN	      0.0	      0.0	      0.0
6.1	      9.5	      0.0	      0.0	      0.0	 -2.38456	 -2.38456	      0.0	      NaN	      0.0	      0.0	      0.0
6.1	      9.7	      0.0	      0.0	      0.0	 -2.39031	 -2.39031	      0.0	      NaN	      0.0	      0.0	      0.0
6.1	      9.9	      0.0	      0.0	      0.0	 -2.39653	 -2.39653	      0.0	      NaN	      0.0	      0.0	      0.0
6.1	     10.1	      0.0	      0.0	      0.0	 -2.40539	 -2.40539	      0.0	      NaN	      0.0	      0.0	      0.0
6.1	     10.3	      0.0	      0.0	      0.0	 -2.41889	 -2.41889	      0.0	      NaN	      0.0	      0.0	      0.0
6.1	     10.5	      0.0	      0.0	      0.0	 -2.43884	 -2.43884	      0.0	      NaN	      0.0	      0.0	      0.0
6.1	     10.7	      0.0	      0.0	      0.0	  -2.4667	  -2.4667	      0.0	      NaN	      0.0	      0.0	      0.0
6.1	     10.9	      0.0	      0.0	      0.0	 -2.50358	 -2.50358	      0.0	      NaN	      0.0	      0.0	      0.0
6.1	     11.1	      0.0	      0.0	      0.0	 -2.55011	 -2.55011	      0.0	      NaN	      0.0	      0.0	      0.0
6.1	     11.3	      0.0	      0.0	      0.0	 -2.60646	 -2.60646	      0.0	      NaN	      0.0	      0.0	      0.0
6.1	     11.5	      0.0	      0.0	      0.0	 -2.67232	 -2.67232	      0.0	      NaN	      0.0	      0.0	      0.0
6.1	     11.7	      0.0	      0.0	      0.0	 -2.74692	 -2.74692	      0.0	      NaN	      0.0	      0.0	      0.0
6.1	     11.9	      0.0	      0.0	      0.0	 -2.82904	 -2.82904	      0.0	      NaN	      0.0	      0.0	      0.0
6.1	     12.1	      0.0	      0.0	      0.0	  -2.9171	  -2.9171	      0.0	      NaN	      0.0	      0.0	      0.0
6.1	     12.3	      0.0	      0.0	      0.0	 -3.00924	 -3.00924	      0.0	      NaN	      0.0	      0.0	      0.0
6.1	     12.5	      0.0	      0.0	      0.0	 -3.10338	 -3.10338	      0.0	      NaN	      0.0	      0.0	      0.0
6.1	     12.7	      0.0	      0.0	      0.0	 -3.19736	 -3.19736	      0.0	      NaN	      0.0	      0.0	      0.0

6.3	      0.1	      0.0	      0.0	      0.0	 0.164695	 0.164695	      0.0	      NaN	      0.0	      0.0	      0.0
6.3	      0.3	      0.0	      0.0	      0.0	 0.085649	 0.085649	      0.0	      NaN	      0.0	      0.0	      0.0
6.3	      0.5	      0.0	      0.0	      0.0	 -6.5e-05	 -6.5e-05	      0.0	      NaN	      0.0	      0.0	      0.0
6.3	      0.7	      0.0	      0.0	      0.0	-0.090689	-0.090689	      0.0	      NaN	      0.0	      0.0	      0.0
6.3	      0.9	      0.0	      0.0	      0.0	-0.184229	-0.184229	      0.0	      NaN	      0.0	      0.0	      0.0
6.3	      1.1	      0.0	      0.0	      0.0	-0.278544	-0.278544	      0.0	      NaN	      0.0	      0.0	      0.0
6.3	      1.3	      0.0	      0.0	      0.0	-0.371456	-0.371456	      0.0	      NaN	      0.0	      0.0	      0.0
6.3	      1.5	      0.0	      0.0	      0.0	-0.460856	-0.460856	      0.0	      NaN	      0.0	      0.0	      0.0
6.3	      1.7	      0.0	      0.0	      0.0	-0.544808	-0.544808	      0.0	      NaN	      0.0	      0.0	      0.0
6.3	      1.9	      0.0	      0.0	      0.0	-0.621643	-0.621643	      0.0	      NaN	      0.0	      0.0	      0.0
6.3	      2.1	      0.0	      0.0	      0.0	-0.690043	-0.690043	      0.0	      NaN	      0.0	      0.0	      0.0
6.3	      2.3	      0.0	      0.0	      0.0	-0.749103	-0.749103	      0.0	      NaN	      0.0	      0.0	      0.0
6.3	      2.5	      0.0	      0.0	      0.0	-0.798379	-0.798379	      0.0	      NaN	      0.0	      0.0	      0.0
6.3	      2.7	      0.0	      0.0	      0.0	-0.837904	-0.837904	      0.0	      NaN	      0.0	      0.0	      0.0
6.3	      2.9	      0.0	      0.0	      0.0	-0.868196	-0.868196	      0.0	      NaN	      0.0	      0.0	      0.0
6.3	      3.1	      0.0	      0.0	      0.0	-0.890221	-0.890221	      0.0	      NaN	      0.0	      0.0	      0.0
6.3	      3.3	      0.0	      0.0	      0.0	-0.905355	-0.905355	      0.0	      NaN	      0.0	      0.0	      0.0
6.3	      3.5	      0.0	      0.0	      0.0	-0.915311	-0.915311	      0.0	      NaN	      0.0	      0.0	      0.0
6.3	      3.7	      0.0	      0.0	      0.0	-0.922057	-0.922057	      0.0	      NaN	      0.0	      0.0	      0.0
6.3	      3.9	      0.0	      0.0	      0.0	 -0.92772	 -0.92772	      0.0	      NaN	      0.0	      0.0	      0.0
6.3	      4.1	      0.0	      0.0	      0.0	-0.934477	-0.934477	      0.0	      NaN	      0.0	      0.0	      0.0
6.3	      4.3	      0.0	      0.0	      0.0	-0.944455	-0.944455	      0.0	      NaN	      0.0	      0.0	      0.0
6.3	      4.5	      0.0	      0.0	      0.0	-0.959619	-0.959619	      0.0	      NaN	      0.0	      0.0	      0.0
6.3	      4.7	      0.0	      0.0	      0.0	-0.981683	-0.981683	      0.0	      NaN	      0.0	      0.0	      0.0
6.3	      4.9	      0.0	      0.0	      0.0	 -1.01202	 -1.01202	      0.0	      NaN	      0.0	      0.0	      0.0
6.3	      5.1	      0.0	      0.0	      0.0	 -1.05159	 -1.05159	      0.0	      NaN	      0.0	      0.0	      0.0
6.3	      5.3	      0.0	      0.0	      0.0	 -1.10092	 -1.10092	      0.0	      NaN	      0.0	      0.0	      0.0
6.3	      5.5	      0.0	      0.0	      0.0	 -1.16003	 -1.16003	      0.0	      NaN	      0.0	      0.0	      0.0
6.3	      5.7	      0.0	      0.0	      0.0	 -1.22847	 -1.22847	      0.0	      NaN	      0.0	      0.0	      0.0
6.3	      5.9	      0.0	      0.0	      0.0	 -1.30535	 -1.30535	      0.0	      NaN	      0.0	      0.0	      0.0
6.3	      6.1	      0.0	      0.0	      0.0	 -1.38933	 -1.38933	      0.0	      NaN	      0.0	      0.0	      0.0
6.3	      6.3	      0.0	      0.0	      0.0	 -1.47875	 -1.47875	      0.0	      NaN	      0.0	      0.0	      0.0
6.3	      6.5	      0.0	      0.0	      0.0	 -1.57168	 -1.57168	      0.0	      NaN	      0.0	      0.0	      0.0
6.3	      6.7	      0.0	      0.0	      0.0	 -1.66599	 -1.66599	      0.0	      NaN	      0.0	      0.0	      0.0
6.3	      6.9	      0.0	      0.0	      0.0	 -1.75953	 -1.75953	      0.0	      NaN	      0.0	      0.0	      0.0
6.3	      7.1	      0.0	      0.0	      0.0	 -1.85013	 -1.85013	      0.0	      NaN	      0.0	      0.0	      0.0
6.3	      7.3	      0.0	      0.0	      0.0	 -1.93581	 -1.93581	      0.0	      NaN	      0.0	      0.0	      0.0
6.3	      7.5	      0.0	      0.0	      0.0	 -2.01482	 -2.01482	      0.0	      NaN	      0.0	      0.0	      0.0
6.3	      7.7	      0.0	      0.0	      0.0	 -2.08573	 -2.08573	      0.0	      NaN	      0.0	      0.0	      0.0
6.3	      7.9	      0.0	      0.0	      0.0	 -2.14751	 -2.14751	      0.0	      NaN	      0.0	      0.0	      0.0
6.3	      8.1	      0.0	      0.0	      0.0	 -2.19959	 -2.19959	      0.0	      NaN	      0.0	      0.0	      0.0
6.3	      8.3	      0.0	      0.0	      0.0	 -2.24185	 -2.24185	      0.0	      NaN	      0.0	      0.0	      0.0
6.3	      8.5	      0.0	      0.0	      0.0	 -2.27469	 -2.27469	      0.0	      NaN	      0.0	      0.0	      0.0
6.3	      8.7	      0.0	      0.0	      0.0	 -2.29894	 -2.29894	      0.0	      NaN	      0.0	      0.0	      0.0
6.3	      8.9	      0.0	      0.0	      0.0	 -2.31587	 -2.31587	      0.0	      NaN	      0.0	      0.0	      0.0
6.3	      9.1	      0.0	      0.0	      0.0	 -2.32711	 -2.32711	      0.0	      NaN	      0.0	      0.0	      0.0
6.3	      9.3	      0.0	      0.0	      0.0	 -2.33456	 -2.33456	      0.0	      NaN	      0.0	      0.0	      0.0
6.3	      9.5	      0.0	      0.0	      0.0	 -2.34031	 -2.34031	      0.0	      NaN	      0.0	      0.0	      0.0
6.3	      9.7	      0.0	      0.0	      0.0	 -2.34653	 -2.34653	      0.0	      NaN	      0.0	      0.0	      0.0
6.3	      9.9	      0.0	      0.0	      0.0	 -2.35539	 -2.35539	      0.0	      NaN	      0.0	      0.0	      0.0
6.3	     10.1	      0.0	      0.0	      0.0	 -2.36889	 -2.36889	      0.0	      NaN	      0.0	      0.0	      0.0
6.3	     10.3	      0.0	      0.0	      0.0	 -2.38884	 -2.38884	      0.0	      NaN	      0.0	      0.0	      0.0
6.3	     10.5	      0.0	      0.0	      0.0	  -2.4167	  -2.4167	      0.0	      NaN	      0.0	      0.0	      0.0
6.3	     10.7	      0.0	      0.0	      0.0	 -2.45358	 -2.45358	      0.0	      NaN	      0.0	      0.0	      0.0
6.3	     10.9	      0.0	      0.0	      0.0	 -2.50011	 -2.50011	      0.0	      NaN	      0.0	      0.0	      0.0
6.3	     11.1	      0.0	      0.0	      0.0	 -2.55646	 -2.55646	      0.0	      NaN	      0.0	      0.0	      0.0
6.3	     11.3	      0.0	      0.0	      0.0	 -2.62232	 -2.62232	      0.0	      NaN	      0.0	      0.0	      0.0
6.3	     11.5	      0.0	      0.0	      0.0	 -2.69692	 -2.69692	      0.0	      NaN	      0.0	      0.0	      0.0
6.3	     11.7	      0.0	      0.0	      0.0	 -2.77904	 -2.77904	      0.0	      NaN	      0.0	      0.0	      0.0
6.3	     11.9	      0.0	      0.0	      0.0	  -2.8671	  -2.8671	      0.0	      NaN	      0.0	      0.0	      0.0
6.3	     12.1	      0.0	      0.0	      0.0	 -2.95924	 -2.95924	      0.0	      NaN	      0.0	      0.0	      0.0
6.3	     12.3	      0.0	      0.0	      0.0	 -3.05338	 -3.05338	      0.0	      NaN	      0.0	      0.0	      0.0
6.3	     12.5	      0.0	      0.0	      0.0	 -3.14736	 -3.14736	      0.0	      NaN	      0.0	      0.0	      0.0
6.3	     12.7	      0.0	      0.0	      0.0	   -3.239	   -3.239	      0.0	      NaN	      0.0	      0.0	      0.0



# time : 50 seconds 
0.1	      0.1	  0.00259	  0.01323	  0.00867	  0.20259	      0.2	  0.01582	  0.09936	    3e-05	    2e-05	    4e-05
0.1	      0.3	  0.00179	  0.00284	  0.33512	  0.14688	 0.145085	  0.33513	  2.52771	    1e-05	   0.0006	   0.0006
0.1	      0.5	  0.00211	   0.0021	  0.41229	  0.08269	 0.080583	   0.4123	   2.8657	        0	  0.00087	  0.00087
0.1	      0.7	  0.00244	  0.00229	  0.47992	  0.00964	 0.007206	  0.47993	  3.10403	    1e-05	  0.00117	  0.00117
0.1	      0.9	  0.00267	  0.00251	  0.53514	 -0.07122	-0.073896	  0.53515	  3.30498	    1e-05	  0.00143	  0.00143
0.1	      1.1	  0.00286	  0.00269	  0.58007	 -0.15833	-0.161197	  0.58008	  3.46105	    1e-05	  0.00166	  0.00166
0.1	      1.3	  0.00302	  0.00284	  0.61476	 -0.24984	-0.252861	  0.61477	  3.57036	    1e-05	  0.00186	  0.00186
0.1	      1.5	  0.00318	    0.003	  0.64053	 -0.34367	-0.346843	  0.64053	  3.62892	    1e-05	  0.00203	  0.00203
0.1	      1.7	  0.00334	   0.0032	  0.65326	 -0.43764	-0.440979	  0.65327	  3.61033	    1e-05	  0.00218	  0.00218
0.1	      1.9	  0.00348	  0.00344	  0.65614	 -0.52962	-0.533102	  0.65615	   3.5493	    1e-05	  0.00229	  0.00229
0.1	      2.1	  0.00364	  0.00371	  0.65071	  -0.6175	 -0.62114	  0.65072	  3.44588	    1e-05	  0.00237	  0.00237
0.1	      2.3	   0.0038	  0.00404	  0.63678	 -0.69943	-0.703225	  0.63679	   3.2996	    2e-05	  0.00242	  0.00242
0.1	      2.5	  0.00398	  0.00453	  0.61168	  -0.7738	 -0.77778	  0.61169	  3.09535	    2e-05	  0.00244	  0.00244
0.1	      2.7	  0.00518	 -0.00571	  0.56888	 -0.83841	-0.843597	  0.56891	   2.5231	   -3e-05	  0.00295	  0.00295
0.1	      2.9	  0.01915	 -0.21798	  0.65526	 -0.88075	  -0.8999	  0.69057	  1.59346	 -0.00417	  0.01255	  0.01322
0.1	      3.1	  0.06062	  -0.2122	  0.63971	 -0.88576	-0.946379	  0.67399	  0.87401	 -0.01286	  0.03878	  0.04086
0.1	      3.3	  0.11056	 -0.10623	  0.57953	 -0.87265	-0.983207	  0.58919	  0.56575	 -0.01174	  0.06407	  0.06514
0.1	      3.5	  0.12465	 -0.09234	  0.73113	 -0.88638	 -1.01103	  0.73693	  0.66642	 -0.01151	  0.09114	  0.09186
0.1	      3.7	  0.13056	 -0.05906	   0.8687	 -0.90038	 -1.03094	   0.8707	  0.76936	 -0.00771	  0.11342	  0.11368
0.1	      3.9	  0.13003	 -0.02581	  0.95749	 -0.91439	 -1.04442	  0.95784	  0.84806	 -0.00336	  0.12451	  0.12455
0.1	      4.1	  0.12853	  -0.0136	  1.00447	 -0.92472	 -1.05325	  1.00456	  0.89464	 -0.00175	   0.1291	  0.12911
0.1	      4.3	   0.1232	 -0.00134	  1.06044	 -0.93627	 -1.05947	  1.06044	  0.96461	 -0.00017	  0.13064	  0.13064
0.1	      4.5	  0.11845	  0.00377	  1.09248	 -0.94677	 -1.06522	  1.09249	   1.0135	  0.00045	   0.1294	   0.1294
0.1	      4.7	  0.10866	  0.00927	  1.17005	 -0.96402	 -1.07268	  1.17009	   1.1333	  0.00101	  0.12714	  0.12714
0.1	      4.9	  0.09753	  0.01492	  1.26693	 -0.98641	 -1.08394	  1.26702	   1.2953	  0.00146	  0.12357	  0.12358
0.1	      5.1	  0.08621	  0.02084	  1.37713	  -1.0147	 -1.10091	  1.37729	  1.49766	   0.0018	  0.11872	  0.11874
0.1	      5.3	   0.0745	   0.0281	  1.50156	  -1.0507	  -1.1252	  1.50182	   1.7567	  0.00209	  0.11187	  0.11189
0.1	      5.5	  0.06445	  0.03716	  1.61825	 -1.09363	 -1.15808	  1.61868	  2.03569	  0.00239	   0.1043	  0.10433
0.1	      5.7	  0.05416	  0.04722	  1.74447	 -1.14624	  -1.2004	  1.74511	  2.39411	  0.00256	  0.09448	  0.09452
0.1	      5.9	  0.04609	  0.05627	  1.83465	 -1.20643	 -1.25252	  1.83551	  2.72979	  0.00259	  0.08456	   0.0846
0.1	      6.1	  0.03867	  0.06225	  1.90945	 -1.27568	 -1.31435	  1.91046	  3.10176	  0.00241	  0.07384	  0.07388
0.1	      6.3	  0.03324	  0.06449	  1.94922	 -1.35207	 -1.38531	  1.95029	  3.41545	  0.00214	  0.06479	  0.06482
0.1	      6.5	   0.0282	  0.06284	  1.94495	 -1.43615	 -1.46435	  1.94596	  3.69996	  0.00177	  0.05484	  0.05487
0.1	      6.7	  0.02482	  0.05888	  1.91974	 -1.52525	 -1.55007	  1.92064	  3.89216	  0.00146	  0.04765	  0.04767
0.1	      6.9	  0.02132	  0.04861	    1.869	 -1.61937	 -1.64069	  1.86963	  4.08849	  0.00104	  0.03984	  0.03985
0.1	      7.1	  0.01881	  0.03781	  1.79166	 -1.71542	 -1.73423	  1.79206	  4.17167	  0.00071	   0.0337	  0.03371
0.1	      7.3	  0.01694	  0.03027	  1.69599	  -1.8116	 -1.82854	  1.69626	  4.16128	  0.00051	  0.02873	  0.02873
0.1	      7.5	  0.01544	  0.02532	  1.59165	 -1.90602	 -1.92146	  1.59185	  4.09001	  0.00039	  0.02458	  0.02458
0.1	      7.7	  0.01414	   0.0219	  1.48164	 -1.99672	 -2.01086	  1.48181	  3.97917	  0.00031	  0.02094	  0.02095
0.1	      7.9	  0.01311	  0.01958	  1.36935	  -2.0817	 -2.09481	  1.36949	  3.81832	  0.00026	  0.01796	  0.01796
0.1	      8.1	  0.01207	  0.01804	  1.23237	 -2.15957	 -2.17164	   1.2325	  3.58236	  0.00022	  0.01487	  0.01487
0.1	      8.3	  0.01958	  0.01644	  0.84629	 -2.22046	 -2.24004	  0.84645	  1.93132	  0.00032	  0.01657	  0.01657
0.1	      8.5	  0.07949	 -0.00154	  0.18686	 -2.21961	  -2.2991	  0.18687	  0.21161	 -0.00012	  0.01485	  0.01485
0.1	      8.7	  0.14849	  -0.0548	  0.18553	 -2.19989	 -2.34838	  0.19345	  0.16028	 -0.00814	  0.02755	  0.02873
0.1	      8.9	  0.19271	  -0.0844	  0.32763	 -2.19519	  -2.3879	  0.33833	  0.24606	 -0.01626	  0.06314	   0.0652
0.1	      9.1	  0.22532	 -0.08128	   0.4883	 -2.19287	 -2.41819	  0.49502	  0.33296	 -0.01831	  0.11002	  0.11154
0.1	      9.3	  0.24372	 -0.08433	  0.67404	  -2.1965	 -2.44022	  0.67929	  0.43931	 -0.02055	  0.16428	  0.16556
0.1	      9.5	  0.24506	 -0.06656	  0.90076	 -2.21029	 -2.45535	  0.90322	  0.58254	 -0.01631	  0.22074	  0.22134
0.1	      9.7	  0.24069	 -0.04635	  1.04188	 -2.22462	 -2.46531	  1.04292	  0.67871	 -0.01116	  0.25077	  0.25102
0.1	      9.9	  0.22507	 -0.03095	  1.21278	 -2.24699	 -2.47206	  1.21318	  0.81646	 -0.00697	  0.27296	  0.27305
0.1	     10.1	  0.20614	 -0.01267	  1.37531	 -2.27158	 -2.47772	  1.37537	  0.96718	 -0.00261	   0.2835	  0.28351
0.1	     10.3	  0.19265	  0.00174	  1.46112	 -2.29183	 -2.48448	  1.46112	  1.06285	  0.00033	  0.28148	  0.28148
0.1	     10.5	  0.17425	  0.01211	   1.5834	  -2.3202	 -2.49445	  1.58344	   1.2111	  0.00211	  0.27591	  0.27592
0.1	     10.7	  0.15508	  0.02164	  1.71789	 -2.35454	 -2.50962	  1.71803	  1.39287	  0.00336	  0.26642	  0.26644
0.1	     10.9	  0.13469	  0.03105	  1.87453	 -2.39699	 -2.53168	  1.87479	  1.63098	  0.00418	  0.25248	  0.25251
0.1	     11.1	  0.11858	  0.04094	  2.00213	 -2.44344	 -2.56202	  2.00255	   1.8567	  0.00485	  0.23742	  0.23746
0.1	     11.3	  0.10157	  0.05119	  2.14773	 -2.50002	 -2.60159	  2.14834	  2.15223	   0.0052	  0.21814	   0.2182
0.1	     11.5	  0.08789	  0.06239	  2.27293	 -2.56303	 -2.65092	  2.27379	  2.44873	  0.00548	  0.19977	  0.19985
0.1	     11.7	  0.07406	  0.07071	  2.38536	 -2.63597	 -2.71003	  2.38641	  2.79974	  0.00524	  0.17666	  0.17674
0.1	     11.9	   0.0642	  0.07827	  2.50687	 -2.71427	 -2.77847	  2.50809	  3.16031	  0.00503	  0.16095	  0.16103
0.1	     12.1	  0.05411	  0.08691	  2.40803	 -2.80124	 -2.85535	   2.4096	   3.3072	   0.0047	   0.1303	  0.13039
0.1	     12.3	  0.15702	  0.04357	  1.21402	 -2.78231	 -2.93933	  1.21481	   0.9788	  0.00684	  0.19063	  0.19075
0.1	     12.5	   0.3344	   0.0349	   0.3265	 -2.69435	 -3.02875	  0.32836	  0.18129	  0.01167	  0.10918	   0.1098
0.1	     12.7	  0.42793	  0.06208	  0.07223	 -2.69375	 -3.12168	  0.09524	  0.04648	  0.02657	  0.03091	  0.04076

0.3	      0.1	  0.00279	  0.09846	  0.00723	  0.19788	 0.195085	  0.09872	  0.59621	  0.00028	    2e-05	  0.00028
0.3	      0.3	   0.0019	  0.08943	  0.37141	  0.13248	 0.130583	  0.38202	  2.80002	  0.00017	   0.0007	  0.00072
0.3	      0.5	  0.00229	  0.12873	  0.45276	  0.05949	 0.057206	   0.4707	  3.14227	  0.00029	  0.00104	  0.00108
0.3	      0.7	  0.00262	  0.17676	  0.51371	 -0.02127	-0.023896	  0.54327	  3.38794	  0.00046	  0.00135	  0.00142
0.3	      0.9	  0.00278	  0.21448	  0.55324	 -0.10842	-0.111197	  0.59336	  3.59202	   0.0006	  0.00154	  0.00165
0.3	      1.1	  0.00287	  0.24004	  0.57851	 -0.19999	-0.202861	  0.62633	  3.73434	  0.00069	  0.00166	   0.0018
0.3	      1.3	  0.00295	  0.25503	  0.59483	 -0.29389	-0.296843	   0.6472	  3.80441	  0.00075	  0.00175	  0.00191
0.3	      1.5	  0.00306	  0.25308	  0.60247	 -0.38792	-0.390979	  0.65347	  3.77169	  0.00077	  0.00184	    0.002
0.3	      1.7	  0.00322	  0.24343	  0.60841	 -0.47988	-0.483102	  0.65531	  3.68777	  0.00078	  0.00196	  0.00211
0.3	      1.9	  0.00345	  0.22547	  0.61266	 -0.56769	 -0.57114	  0.65283	  3.54639	  0.00078	  0.00212	  0.00226
0.3	      2.1	  0.00379	  0.19777	   0.6167	 -0.64943	-0.653225	  0.64763	  3.35853	  0.00075	  0.00234	  0.00245
0.3	      2.3	  0.00417	  0.15419	  0.61201	 -0.72361	 -0.72778	  0.63113	  3.12178	  0.00064	  0.00255	  0.00263
0.3	      2.5	  0.00528	  0.06482	  0.61011	 -0.78831	-0.793597	  0.61355	  2.69488	  0.00034	  0.00322	  0.00324
0.3	      2.7	   0.0119	  -0.2004	  0.74334	   -0.838	  -0.8499	  0.76988	  2.25334	 -0.00238	  0.00885	  0.00916
0.3	      2.9	   0.0249	 -0.60377	  0.89483	 -0.87148	-0.896379	  1.07947	  2.18401	 -0.01504	  0.02228	  0.02688
0.3	      3.1	  0.03868	 -0.75396	  0.88496	 -0.89453	-0.933207	  1.16259	  1.88737	 -0.02916	  0.03423	  0.04497
0.3	      3.3	  0.06181	 -0.58694	  0.83333	 -0.89922	-0.961031	  1.01928	    1.309	 -0.03628	  0.05151	    0.063
0.3	      3.5	  0.08318	 -0.42494	  0.75028	 -0.89776	-0.980941	  0.86226	  0.95454	 -0.03535	  0.06241	  0.07172
0.3	      3.7	  0.08172	 -0.23286	  0.82614	 -0.91269	-0.994416	  0.85833	  0.95863	 -0.01903	  0.06751	  0.07014
0.3	      3.9	  0.08382	 -0.08455	  0.80978	 -0.91943	 -1.00325	  0.81418	  0.89786	 -0.00709	  0.06788	  0.06824
0.3	      4.1	  0.08292	  -0.0358	  0.81767	 -0.92655	 -1.00947	  0.81845	  0.90744	 -0.00297	  0.06781	  0.06787
0.3	      4.3	  0.07687	  0.00738	  0.87672	 -0.93835	 -1.01522	  0.87675	  1.00966	  0.00057	  0.06739	  0.06739
0.3	      4.5	   0.0747	  0.02179	  0.90597	 -0.94798	 -1.02268	  0.90623	  1.05861	  0.00163	  0.06768	   0.0677
0.3	      4.7	  0.06778	  0.04222	  1.00389	 -0.96616	 -1.03394	  1.00478	  1.23219	  0.00286	  0.06805	  0.06811
0.3	      4.9	  0.06086	  0.06657	  1.12013	 -0.99005	 -1.05091	  1.12211	  1.45221	  0.00405	  0.06817	  0.06829
0.3	      5.1	  0.05498	   0.0967	  1.24448	 -1.02022	  -1.0752	  1.24823	  1.69963	  0.00532	  0.06842	  0.06863
0.3	      5.3	  0.04869	  0.13553	  1.38429	 -1.05939	 -1.10808	  1.39091	  2.01256	   0.0066	   0.0674	  0.06772
0.3	      5.5	  0.04428	  0.18208	  1.50851	 -1.10612	  -1.1504	  1.51946	  2.30547	  0.00806	  0.06679	  0.06728
0.3	      5.7	  0.04026	  0.23096	  1.63612	 -1.16226	 -1.20252	  1.65234	  2.62927	   0.0093	  0.06587	  0.06652
0.3	      5.9	  0.03682	  0.28366	  1.74679	 -1.22753	 -1.26435	  1.76967	  2.94459	  0.01044	  0.06431	  0.06516
0.3	      6.1	  0.03328	  0.33697	  1.83604	 -1.30202	  -1.3353	  1.86671	  3.26716	  0.01121	   0.0611	  0.06212
0.3	      6.3	  0.03028	  0.39206	  1.89824	 -1.38407	 -1.41435	   1.9383	  3.55622	  0.01187	  0.05748	   0.0587
0.3	      6.5	  0.02728	  0.43706	   1.9164	 -1.47278	 -1.50006	  1.96561	  3.79974	  0.01192	  0.05228	  0.05362
0.3	      6.7	  0.02423	  0.47936	  1.90016	 -1.56646	 -1.59069	   1.9597	  4.01977	  0.01161	  0.04604	  0.04748
0.3	      6.9	  0.02208	  0.51032	   1.8584	 -1.66215	 -1.68423	  1.92719	  4.14049	  0.01127	  0.04104	  0.04256
0.3	      7.1	  0.01992	  0.50687	  1.78987	 -1.75862	 -1.77854	  1.86026	  4.20788	   0.0101	  0.03566	  0.03706
0.3	      7.3	  0.01806	  0.48659	  1.69775	  -1.8534	 -1.87146	   1.7661	  4.19622	  0.00879	  0.03066	  0.03189
0.3	      7.5	  0.01661	  0.44806	  1.59177	 -1.94425	 -1.96086	  1.65363	  4.09623	  0.00744	  0.02644	  0.02747
0.3	      7.7	  0.01555	   0.3943	  1.47977	 -2.02926	 -2.04481	   1.5314	  3.92071	  0.00613	  0.02301	  0.02382
0.3	      7.9	  0.01501	  0.32766	   1.3703	 -2.10663	 -2.12164	  1.40893	  3.67219	  0.00492	  0.02056	  0.02114
0.3	      8.1	  0.01577	  0.23104	  1.25669	 -2.17427	 -2.19004	  1.27775	  3.24831	  0.00364	  0.01982	  0.02015
0.3	      8.3	   0.0253	 -0.02417	  1.09639	  -2.2238	  -2.2491	  1.09665	  2.20127	 -0.00061	  0.02774	  0.02775
0.3	      8.5	  0.06089	 -0.39919	  1.11604	 -2.23749	 -2.29838	  1.18529	  1.53363	 -0.02431	  0.06795	  0.07217
0.3	      8.7	  0.11715	 -0.45378	  1.06106	 -2.22075	  -2.3379	  1.15402	  1.07651	 -0.05316	   0.1243	  0.13519
0.3	      8.9	  0.16391	 -0.42795	  1.06874	 -2.20429	  -2.3682	  1.15123	  0.90786	 -0.07015	  0.17518	   0.1887
0.3	      9.1	  0.19569	   -0.367	   1.0792	 -2.19453	 -2.39022	   1.1399	  0.82272	 -0.07182	  0.21119	  0.22306
0.3	      9.3	  0.21475	  -0.3136	  1.09395	  -2.1906	 -2.40535	  1.13801	  0.78405	 -0.06735	  0.23493	  0.24439
0.3	      9.5	  0.20433	 -0.24231	  1.23615	 -2.21098	 -2.41531	  1.25967	  0.88972	 -0.04951	  0.25258	  0.25739
0.3	      9.7	  0.19265	 -0.14452	   1.3192	 -2.22941	 -2.42206	   1.3271	  0.96534	 -0.02784	  0.25415	  0.25567
0.3	      9.9	  0.17856	 -0.07772	  1.40525	 -2.24916	 -2.42772	   1.4074	  1.06337	 -0.01388	  0.25093	  0.25131
0.3	     10.1	   0.1603	 -0.01325	  1.52349	 -2.27418	 -2.43448	  1.52354	  1.21494	 -0.00212	  0.24422	  0.24422
0.3	     10.3	  0.14866	  0.03761	  1.58514	  -2.2958	 -2.44446	  1.58558	  1.31299	  0.00559	  0.23564	  0.23571
0.3	     10.5	  0.13442	  0.07998	  1.67826	  -2.3252	 -2.45962	  1.68017	  1.46312	  0.01075	   0.2256	  0.22586
0.3	     10.7	  0.12004	  0.12099	  1.78814	 -2.36164	 -2.48168	  1.79223	  1.65157	  0.01452	  0.21465	  0.21514
0.3	     10.9	  0.10508	  0.16253	  1.91892	 -2.40694	 -2.51202	  1.92579	  1.89681	  0.01708	  0.20163	  0.20235
0.3	     11.1	  0.09423	  0.20787	  2.03148	 -2.45736	 -2.55159	  2.04209	  2.12395	  0.01959	  0.19143	  0.19243
0.3	     11.3	  0.08305	  0.25542	  2.15685	 -2.51787	 -2.60092	  2.17192	  2.40624	  0.02121	  0.17913	  0.18038
0.3	     11.5	  0.07428	  0.30795	  2.27368	 -2.58575	 -2.66003	  2.29444	  2.68778	  0.02288	   0.1689	  0.17044
0.3	     11.7	  0.06646	  0.35691	  2.37465	 -2.66201	 -2.72847	  2.40133	  2.97403	  0.02372	  0.15781	  0.15959
0.3	     11.9	  0.05663	  0.42173	   2.4941	 -2.74872	 -2.80535	  2.52951	  3.39374	  0.02388	  0.14124	  0.14325
0.3	     12.1	  0.05706	  0.44738	  2.38726	 -2.83227	 -2.88933	  2.42882	  3.24648	  0.02553	  0.13621	  0.13858
0.3	     12.3	  0.20231	  0.09007	  0.87668	 -2.77644	 -2.97875	  0.88129	  0.62557	  0.01822	  0.17736	  0.17829
0.3	     12.5	  0.37309	  0.14377	  0.34288	 -2.69859	 -3.07168	  0.37181	  0.19434	  0.05364	  0.12793	  0.13872
0.3	     12.7	  0.46214	   0.2754	  0.08527	 -2.70386	   -3.166	  0.28829	   0.1354	  0.12727	  0.03941	  0.13323

0.5	      0.1	  0.00275	  0.20569	  0.00526	  0.18334	 0.180583	  0.20575	  1.25215	  0.00057	    1e-05	  0.00057
0.5	      0.3	  0.00186	  0.14364	  0.39031	  0.10907	 0.107206	  0.41591	  3.07703	  0.00027	  0.00073	  0.00077
0.5	      0.5	  0.00228	  0.17831	  0.47191	  0.02839	 0.026104	  0.50447	  3.37056	  0.00041	  0.00108	  0.00115
0.5	      0.7	  0.00277	  0.22572	  0.54204	 -0.05843	-0.061197	  0.58716	  3.56403	  0.00062	   0.0015	  0.00162
0.5	      0.9	  0.00315	  0.26531	  0.59569	 -0.14971	-0.152861	   0.6521	  3.70792	  0.00084	  0.00188	  0.00206
0.5	      1.1	  0.00341	  0.29038	  0.62871	 -0.24343	-0.246843	  0.69253	  3.78599	  0.00099	  0.00214	  0.00236
0.5	      1.3	  0.00363	  0.29583	  0.64526	 -0.33735	-0.340979	  0.70985	  3.76194	  0.00107	  0.00234	  0.00258
0.5	      1.5	  0.00383	   0.2889	  0.65302	 -0.42928	-0.433102	  0.71407	  3.68585	  0.00111	   0.0025	  0.00273
0.5	      1.7	  0.00405	   0.2699	  0.65507	 -0.51709	 -0.52114	  0.70849	  3.55282	  0.00109	  0.00266	  0.00287
0.5	      1.9	  0.00435	   0.2375	  0.65388	 -0.59888	-0.603225	  0.69567	  3.36891	  0.00103	  0.00284	  0.00302
0.5	      2.1	  0.00471	  0.18997	   0.6467	 -0.67307	 -0.67778	  0.67402	  3.13675	  0.00089	  0.00304	  0.00317
0.5	      2.3	   0.0058	  0.10363	  0.64168	  -0.7378	-0.743597	  0.64999	  2.72456	   0.0006	  0.00372	  0.00377
0.5	      2.5	  0.01184	 -0.13249	  0.74421	 -0.78806	  -0.7999	  0.75591	  2.21845	 -0.00157	  0.00881	  0.00895
0.5	      2.7	    0.025	 -0.54224	  0.88603	 -0.82138	-0.846379	  1.03879	  2.09756	 -0.01356	  0.02215	  0.02597
0.5	      2.9	  0.03691	  -0.7875	  0.94045	  -0.8463	-0.883207	  1.22662	  2.03844	 -0.02907	  0.03471	  0.04528
0.5	      3.1	  0.03814	 -0.91387	  0.93393	 -0.87289	-0.911031	  1.30667	  2.13614	 -0.03486	  0.03562	  0.04984
0.5	      3.3	   0.0363	 -0.87673	  0.87847	 -0.89465	-0.930941	  1.24111	  2.07993	 -0.03182	  0.03188	  0.04505
0.5	      3.5	  0.03091	  -0.7823	  0.76275	 -0.91351	-0.944416	   1.0926	  1.98432	 -0.02418	  0.02357	  0.03377
0.5	      3.7	  0.02559	 -0.57574	  0.53544	 -0.92766	-0.953251	  0.78624	  1.56924	 -0.01473	   0.0137	  0.02012
0.5	      3.9	   0.0285	 -0.27684	  0.34063	 -0.93097	-0.959469	  0.43894	  0.83007	 -0.00789	  0.00971	  0.01251
0.5	      4.1	  0.03218	 -0.10151	  0.32058	 -0.93304	-0.965221	  0.33627	   0.5985	 -0.00327	  0.01032	  0.01082
0.5	      4.3	  0.02994	 -0.02929	  0.43797	 -0.94274	-0.972683	  0.43895	  0.80992	 -0.00088	  0.01311	  0.01314
0.5	      4.5	  0.03205	  0.01039	  0.51593	 -0.95189	-0.983944	  0.51603	  0.92026	  0.00033	  0.01654	  0.01654
0.5	      4.7	   0.0287	  0.04423	  0.70933	 -0.97221	 -1.00091	   0.7107	  1.33941	  0.00127	  0.02036	   0.0204
0.5	      4.9	  0.02851	  0.08761	  0.84812	 -0.99669	  -1.0252	  0.85264	  1.61237	   0.0025	  0.02418	   0.0243
0.5	      5.1	  0.02793	  0.14907	   1.0058	 -1.03015	 -1.05808	  1.01678	  1.94244	  0.00416	  0.02809	   0.0284
0.5	      5.3	  0.02783	  0.21284	  1.16585	 -1.07257	  -1.1004	  1.18512	  2.26818	  0.00592	  0.03244	  0.03298
0.5	      5.5	  0.02745	   0.2839	  1.32282	 -1.12507	 -1.15252	  1.35295	  2.60708	  0.00779	  0.03631	  0.03714
0.5	      5.7	  0.02703	  0.36025	  1.46334	 -1.18732	 -1.21435	  1.50703	  2.92663	  0.00974	  0.03955	  0.04073
0.5	      5.9	  0.02669	  0.43794	  1.58867	 -1.25861	  -1.2853	  1.64792	  3.22064	  0.01169	   0.0424	  0.04398
0.5	      6.1	  0.02618	  0.50852	  1.69485	 -1.33817	 -1.36435	  1.76949	  3.49195	  0.01331	  0.04436	  0.04632
0.5	      6.3	   0.0255	  0.56607	  1.77599	 -1.42456	 -1.45006	  1.86402	  3.72723	  0.01443	  0.04528	  0.04752
0.5	      6.5	  0.02471	  0.61422	  1.83018	 -1.51598	 -1.54069	   1.9305	  3.92135	  0.01517	  0.04522	  0.04769
0.5	      6.7	  0.02361	  0.63719	  1.83753	 -1.61062	 -1.63423	  1.94487	  4.04112	  0.01504	  0.04339	  0.04592
0.5	      6.9	  0.02275	   0.6464	  1.82011	 -1.70579	 -1.72854	  1.93149	  4.08809	  0.01471	  0.04142	  0.04395
0.5	      7.1	  0.02197	  0.63771	  1.78031	 -1.79949	 -1.82146	  1.89108	  4.07319	  0.01401	  0.03912	  0.04155
0.5	      7.3	   0.0211	  0.61249	    1.719	 -1.88976	 -1.91086	  1.82485	  4.01075	  0.01293	  0.03628	  0.03851
0.5	      7.5	  0.02022	  0.56648	  1.63902	 -1.97459	 -1.99481	  1.73416	  3.89388	  0.01145	  0.03314	  0.03506
0.5	      7.7	  0.01928	  0.49833	  1.54159	 -2.05236	 -2.07164	  1.62014	  3.72576	  0.00961	  0.02971	  0.03123
0.5	      7.9	  0.01949	  0.39385	  1.43036	 -2.12055	 -2.14004	   1.4836	  3.39332	  0.00767	  0.02787	  0.02891
0.5	      8.1	  0.02685	  0.14189	  1.28186	 -2.17225	  -2.1991	  1.28969	  2.51274	  0.00381	  0.03442	  0.03463
0.5	      8.3	  0.05106	  -0.4608	  1.27543	 -2.19732	 -2.24838	  1.35612	  1.91613	 -0.02353	  0.06512	  0.06924
0.5	      8.5	  0.07539	 -0.84115	  1.35467	 -2.21251	  -2.2879	  1.59457	  1.85414	 -0.06342	  0.10213	  0.12022
0.5	      8.7	  0.08652	 -1.01479	  1.41908	 -2.23168	  -2.3182	  1.74458	  1.89369	  -0.0878	  0.12277	  0.15093
0.5	      8.9	  0.09802	 -0.99139	  1.39604	  -2.2422	 -2.34022	  1.71225	  1.74613	 -0.09717	  0.13684	  0.16783
0.5	      9.1	  0.11107	 -0.87235	  1.34553	 -2.24428	 -2.35535	  1.60358	  1.53622	 -0.09689	  0.14945	  0.17811
0.5	      9.3	  0.12905	 -0.65026	  1.22446	 -2.23626	 -2.36531	  1.38642	   1.2322	 -0.08392	  0.15802	  0.17892
0.5	      9.5	  0.12635	 -0.40181	   1.2285	 -2.24571	 -2.37206	  1.29254	  1.16095	 -0.05077	  0.15523	  0.16332
0.5	      9.7	  0.12828	  -0.1779	  1.17417	 -2.24944	 -2.37772	  1.18757	  1.05863	 -0.02282	  0.15063	  0.15234
0.5	      9.9	  0.12266	 -0.04077	  1.21544	 -2.26182	 -2.38448	  1.21612	  1.10862	   -0.005	  0.14909	  0.14917
0.5	     10.1	  0.10776	  0.05923	   1.3445	 -2.28669	 -2.39445	   1.3458	  1.30892	  0.00638	  0.14489	  0.14503
0.5	     10.3	  0.10014	  0.14452	  1.43034	 -2.30948	 -2.40962	  1.43763	  1.45047	  0.01447	  0.14323	  0.14396
0.5	     10.5	   0.0913	  0.21645	   1.5498	 -2.34038	 -2.43168	  1.56484	  1.65349	  0.01976	  0.14149	  0.14287
0.5	     10.7	  0.08359	  0.27938	  1.68108	 -2.37843	 -2.46202	  1.70414	  1.88187	  0.02335	  0.14052	  0.14245
0.5	     10.9	  0.07554	  0.33422	  1.82891	 -2.42605	 -2.50159	   1.8592	  2.15973	  0.02525	  0.13816	  0.14045
0.5	     11.1	  0.07041	  0.39294	  1.95739	 -2.48051	 -2.55092	  1.99644	  2.40209	  0.02767	  0.13783	  0.14058
0.5	     11.3	   0.0652	  0.45276	  2.09323	 -2.54483	 -2.61003	  2.14163	  2.67784	  0.02952	  0.13648	  0.13963
0.5	     11.5	  0.06072	  0.51541	  2.21425	 -2.61775	 -2.67847	  2.27344	  2.94575	  0.03129	  0.13444	  0.13804
0.5	     11.7	  0.05666	  0.57086	  2.33522	 -2.69869	 -2.75535	  2.40398	  3.22451	  0.03234	  0.13231	  0.13621
0.5	     11.9	  0.05202	  0.64151	  2.40348	 -2.78731	 -2.83933	  2.48762	  3.48218	  0.03337	  0.12504	  0.12941
0.5	     12.1	  0.08236	  0.43736	  1.98651	 -2.84639	 -2.92875	  2.03408	  2.26298	  0.03602	   0.1636	  0.16752
0.5	     12.3	  0.27089	 -0.00248	  0.57938	 -2.75079	 -3.02168	  0.57939	  0.35542	 -0.00067	  0.15695	  0.15695
0.5	     12.5	  0.40823	  0.23505	   0.2952	 -2.70776	 -3.11599	  0.37735	  0.18856	  0.09595	  0.12051	  0.15404
0.5	     12.7	  0.49579	  0.45774	  0.07714	 -2.71374	 -3.20953	  0.46419	  0.21048	  0.22694	  0.03825	  0.23014

0.7	      0.1	  0.00283	  0.27826	  0.00451	  0.16004	 0.157206	  0.27829	  1.66935	  0.00079	    1e-05	  0.00079
0.7	      0.3	  0.00183	  0.18023	  0.40304	  0.07793	 0.076104	   0.4415	  3.29938	  0.00033	  0.00074	  0.00081
0.7	      0.5	  0.00228	  0.20917	  0.48668	 -0.00892	-0.011197	  0.52973	  3.54358	  0.00048	  0.00111	  0.00121
0.7	      0.7	  0.00279	  0.25126	  0.55587	 -0.10007	-0.102861	  0.61002	  3.68511	   0.0007	  0.00155	   0.0017
0.7	      0.9	   0.0033	  0.28933	  0.61503	 -0.19354	-0.196843	  0.67969	  3.77498	  0.00096	  0.00203	  0.00225
0.7	      1.1	  0.00377	  0.30671	  0.65552	 -0.28721	-0.290979	  0.72373	  3.76162	  0.00116	  0.00247	  0.00273
0.7	      1.3	  0.00421	  0.30666	  0.68459	  -0.3789	-0.383102	  0.75014	  3.69253	  0.00129	  0.00288	  0.00316
0.7	      1.5	  0.00461	  0.29432	   0.7001	 -0.46653	 -0.47114	  0.75945	  3.57123	  0.00136	  0.00323	   0.0035
0.7	      1.7	  0.00503	  0.26612	  0.70548	  -0.5482	-0.553225	    0.754	  3.39468	  0.00134	  0.00355	  0.00379
0.7	      1.9	  0.00547	     0.22	  0.70046	 -0.62231	 -0.62778	  0.73419	  3.16924	   0.0012	  0.00383	  0.00402
0.7	      2.1	   0.0065	  0.13577	  0.68882	  -0.6871	-0.693597	  0.70207	  2.78009	  0.00088	  0.00448	  0.00456
0.7	      2.3	  0.01188	 -0.07371	  0.76039	 -0.73802	  -0.7499	  0.76395	  2.23789	 -0.00088	  0.00903	  0.00908
0.7	      2.5	  0.02427	 -0.48345	  0.87834	 -0.77211	-0.796379	   1.0026	  2.05464	 -0.01173	  0.02132	  0.02434
0.7	      2.7	  0.03616	 -0.74771	  0.93354	 -0.79704	-0.833207	  1.19606	  2.00807	 -0.02704	  0.03376	  0.04326
0.7	      2.9	  0.03917	 -0.87487	  0.91912	 -0.82186	-0.861031	  1.26893	  2.04703	 -0.03427	    0.036	   0.0497
0.7	      3.1	  0.03811	 -0.89782	   0.8473	 -0.84283	-0.880941	  1.23451	  2.01895	 -0.03422	  0.03229	  0.04705
0.7	      3.3	  0.02898	 -0.88561	  0.71489	 -0.86544	-0.894416	  1.13815	  2.13475	 -0.02566	  0.02071	  0.03298
0.7	      3.5	   0.0173	 -0.80906	  0.47241	 -0.88595	-0.903251	  0.93689	  2.27401	   -0.014	  0.00817	  0.01621
0.7	      3.7	  0.00881	 -0.62501	  0.21572	 -0.90066	-0.909469	  0.66119	  2.24902	 -0.00551	   0.0019	  0.00583
0.7	      3.9	  0.00601	 -0.45002	  0.13471	 -0.90921	-0.915221	  0.46975	  1.93396	 -0.00271	  0.00081	  0.00283
0.7	      4.1	  0.00542	 -0.36337	  0.14618	 -0.91727	-0.922683	  0.39167	  1.69911	 -0.00197	  0.00079	  0.00212
0.7	      4.3	  0.00487	 -0.30098	  0.20191	 -0.92907	-0.933944	  0.36243	  1.65746	 -0.00147	  0.00098	  0.00177
0.7	      4.5	  0.00479	 -0.19828	  0.28504	 -0.94612	-0.950909	  0.34722	  1.60132	 -0.00095	  0.00137	  0.00166
0.7	      4.7	  0.00537	 -0.10608	  0.38211	 -0.96983	-0.975201	  0.39656	  1.72703	 -0.00057	  0.00205	  0.00213
0.7	      4.9	  0.00694	 -0.00939	  0.51208	 -1.00114	 -1.00808	  0.51217	  1.96305	   -7e-05	  0.00355	  0.00355
0.7	      5.1	  0.00869	  0.09441	  0.66958	 -1.04171	  -1.0504	  0.67621	  2.31606	  0.00082	  0.00582	  0.00588
0.7	      5.3	  0.01075	   0.2115	  0.83861	 -1.09177	 -1.10252	  0.86487	  2.66363	  0.00227	  0.00901	  0.00929
0.7	      5.5	  0.01306	  0.32926	  1.01977	 -1.15129	 -1.16435	  1.07161	  2.99367	   0.0043	  0.01332	    0.014
0.7	      5.7	  0.01527	  0.42848	  1.19319	 -1.22003	  -1.2353	  1.26779	  3.27534	  0.00654	  0.01822	  0.01936
0.7	      5.9	  0.01674	  0.51881	  1.34389	 -1.29761	 -1.31435	  1.44056	  3.55442	  0.00869	   0.0225	  0.02412
0.7	      6.1	  0.01823	  0.59643	  1.47249	 -1.38183	 -1.40006	   1.5887	   3.7569	  0.01087	  0.02684	  0.02896
0.7	      6.3	   0.0196	  0.65757	  1.57838	 -1.47109	 -1.49069	  1.70988	   3.8992	  0.01289	  0.03094	  0.03352
0.7	      6.5	  0.02066	  0.70133	  1.66603	 -1.56357	 -1.58423	  1.80763	  4.01489	  0.01449	  0.03443	  0.03735
0.7	      6.7	  0.02141	  0.72697	  1.71556	 -1.65713	 -1.67854	  1.86323	  4.06567	  0.01556	  0.03673	  0.03989
0.7	      6.9	  0.02187	  0.72263	  1.72694	 -1.74959	 -1.77146	  1.87204	  4.04203	   0.0158	  0.03776	  0.04093
0.7	      7.1	    0.022	  0.70345	  1.71395	 -1.83886	 -1.86086	  1.85269	  3.98785	  0.01548	  0.03771	  0.04076
0.7	      7.3	  0.02226	  0.66543	  1.68028	 -1.92255	 -1.94481	  1.80724	  3.86728	  0.01481	  0.03741	  0.04023
0.7	      7.5	  0.02256	  0.60506	  1.62583	 -1.99908	 -2.02164	  1.73477	   3.6879	  0.01365	  0.03667	  0.03913
0.7	      7.7	  0.02311	  0.50407	  1.54215	 -2.06693	 -2.09004	  1.62244	   3.4078	  0.01165	  0.03563	  0.03749
0.7	      7.9	  0.03187	   0.2455	  1.43082	 -2.11723	  -2.1491	  1.45173	  2.59642	  0.00782	   0.0456	  0.04626
0.7	      8.1	  0.05788	 -0.34447	  1.31556	  -2.1405	 -2.19838	  1.35992	  1.80475	 -0.01994	  0.07614	  0.07871
0.7	      8.3	  0.08698	 -0.71078	  1.34876	 -2.15092	  -2.2379	  1.52459	  1.65048	 -0.06182	  0.11732	  0.13261
0.7	      8.5	  0.08889	 -0.97951	  1.46814	 -2.17931	  -2.2682	   1.7649	  1.88998	 -0.08707	   0.1305	  0.15688
0.7	      8.7	  0.08598	 -1.13098	  1.46559	 -2.20424	 -2.29022	  1.85123	  2.01567	 -0.09724	  0.12602	  0.15917
0.7	      8.9	  0.07993	 -1.15828	  1.43748	 -2.22543	 -2.30536	  1.84607	  2.08478	 -0.09258	   0.1149	  0.14756
0.7	      9.1	  0.07102	 -1.10533	  1.37905	 -2.24429	 -2.31531	  1.76735	  2.11735	  -0.0785	  0.09794	  0.12552
0.7	      9.3	  0.05979	 -1.01616	  1.28691	 -2.26227	 -2.32206	  1.63973	  2.14099	 -0.06076	  0.07695	  0.09804
0.7	      9.5	  0.04964	 -0.83403	  1.13318	 -2.27808	 -2.32772	  1.40702	   2.0162	  -0.0414	  0.05626	  0.06985
0.7	      9.7	  0.05151	 -0.49376	  0.96029	 -2.28297	 -2.33448	   1.0798	  1.51897	 -0.02543	  0.04947	  0.05562
0.7	      9.9	  0.06109	 -0.10457	  0.77553	 -2.28336	 -2.34445	  0.78255	  1.01086	 -0.00639	  0.04738	  0.04781
0.7	     10.1	  0.05239	  0.06268	  0.98796	 -2.30723	 -2.35962	  0.98995	  1.38088	  0.00328	  0.05176	  0.05186
0.7	     10.3	  0.05451	  0.21845	  1.11155	 -2.32717	 -2.38168	  1.13282	  1.54912	  0.01191	  0.06059	  0.06175
0.7	     10.5	  0.05399	  0.31079	  1.28482	 -2.35803	 -2.41202	  1.32187	  1.81636	  0.01678	  0.06937	  0.07137
0.7	     10.7	  0.05333	  0.39019	  1.46648	 -2.39826	 -2.45159	   1.5175	   2.0981	  0.02081	   0.0782	  0.08092
0.7	     10.9	  0.05171	  0.45204	  1.65347	 -2.44921	 -2.50092	  1.71415	  2.40668	  0.02338	   0.0855	  0.08864
0.7	     11.1	     0.05	  0.52036	  1.81828	 -2.51003	 -2.56003	  1.89128	  2.70054	  0.02602	  0.09091	  0.09456
0.7	     11.3	  0.04863	  0.59184	  1.97152	 -2.57984	 -2.62847	  2.05844	  2.98029	  0.02878	  0.09587	   0.1001
0.7	     11.5	  0.04664	    0.661	  2.09992	 -2.65871	 -2.70535	  2.20149	  3.25458	  0.03083	  0.09794	  0.10268
0.7	     11.7	  0.04604	  0.76131	  2.24974	 -2.74329	 -2.78933	  2.37506	  3.53417	  0.03505	  0.10357	  0.10934
0.7	     11.9	   0.0484	  0.72503	  2.17357	 -2.83035	 -2.87875	   2.2913	  3.32527	  0.03509	   0.1052	   0.1109
0.7	     12.1	  0.16707	 -0.03441	  1.10885	 -2.80461	 -2.97168	  1.10939	  0.86655	 -0.00575	  0.18526	  0.18535
0.7	     12.3	  0.32963	 -0.00794	  0.43681	 -2.73637	   -3.066	  0.43688	  0.24295	 -0.00262	  0.14399	  0.14401
0.7	     12.5	  0.43691	   0.3368	   0.2567	 -2.72261	 -3.15952	  0.42348	  0.20455	  0.14715	  0.11216	  0.18502
0.7	     12.7	  0.52451	  0.62108	  0.06595	 -2.72562	 -3.25013	  0.62457	  0.27534	  0.32576	  0.03459	  0.32759

0.9	      0.1	  0.00295	  0.33556	  0.00424	  0.12905	 0.126104	  0.33559	  1.97348	  0.00099	    1e-05	  0.00099
0.9	      0.3	  0.00183	  0.20864	   0.4166	  0.04064	 0.038803	  0.46592	  3.47431	  0.00038	  0.00076	  0.00085
0.9	      0.5	  0.00229	  0.23123	  0.49898	 -0.05057	-0.052861	  0.54995	  3.66597	  0.00053	  0.00114	  0.00126
0.9	      0.7	  0.00284	  0.26704	  0.56692	   -0.144	-0.146843	  0.62667	  3.75184	  0.00076	  0.00161	  0.00178
0.9	      0.9	  0.00341	  0.29023	  0.61947	 -0.23757	-0.240979	  0.68408	  3.74225	  0.00099	  0.00211	  0.00233
0.9	      1.1	  0.00397	  0.30063	  0.66146	 -0.32913	-0.333102	  0.72657	  3.68052	  0.00119	  0.00263	  0.00289
0.9	      1.3	  0.00455	  0.29514	  0.69194	 -0.41659	 -0.42114	  0.75226	   3.5611	  0.00134	  0.00315	  0.00342
0.9	      1.5	  0.00517	  0.27554	  0.71321	 -0.49805	-0.503225	  0.76459	  3.39349	  0.00143	  0.00369	  0.00396
0.9	      1.7	  0.00583	  0.23697	  0.72154	 -0.57195	 -0.57778	  0.75945	  3.17439	  0.00138	  0.00421	  0.00443
0.9	      1.9	  0.00694	  0.16108	  0.71673	 -0.63666	-0.643597	  0.73461	  2.81559	  0.00112	  0.00497	   0.0051
0.9	      2.1	  0.01192	 -0.02709	  0.76843	 -0.68798	  -0.6999	  0.76891	   2.2484	 -0.00032	  0.00916	  0.00917
0.9	      2.3	  0.02379	 -0.42688	  0.87357	 -0.72259	-0.746379	  0.97229	  2.01267	 -0.01016	  0.02078	  0.02313
0.9	      2.5	  0.03488	 -0.70805	  0.92029	 -0.74833	-0.783207	  1.16115	   1.9851	  -0.0247	   0.0321	   0.0405
0.9	      2.7	  0.03887	 -0.83858	  0.90812	 -0.77216	-0.811031	  1.23608	  2.00179	 -0.03259	   0.0353	  0.04804
0.9	      2.9	  0.03564	  -0.8765	  0.83973	 -0.79531	-0.830941	  1.21384	  2.05299	 -0.03123	  0.02992	  0.04326
0.9	      3.1	  0.02587	 -0.83997	  0.68981	 -0.81855	-0.844416	  1.08691	  2.15766	 -0.02173	  0.01784	  0.02812
0.9	      3.3	  0.01535	 -0.73371	  0.42886	  -0.8379	-0.853251	  0.84985	  2.18978	 -0.01127	  0.00658	  0.01305
0.9	      3.5	  0.00789	 -0.59924	   0.1873	 -0.85158	-0.859469	  0.62783	    2.257	 -0.00473	  0.00148	  0.00495
0.9	      3.7	  0.00508	 -0.51569	  0.11522	 -0.86014	-0.865221	  0.52841	  2.36788	 -0.00262	  0.00058	  0.00268
0.9	      3.9	  0.00438	 -0.46776	  0.11459	  -0.8683	-0.872683	  0.48159	  2.32298	 -0.00205	   0.0005	  0.00211
0.9	      4.1	  0.00396	 -0.40366	  0.15799	 -0.87999	-0.883944	  0.43348	  2.20043	  -0.0016	  0.00063	  0.00171
0.9	      4.3	  0.00373	 -0.33067	  0.22457	 -0.89718	-0.900909	  0.39972	  2.08889	 -0.00123	  0.00084	  0.00149
0.9	      4.5	  0.00371	 -0.24675	   0.3035	 -0.92149	-0.925201	  0.39115	  2.04951	 -0.00092	  0.00113	  0.00145
0.9	      4.7	   0.0038	 -0.14026	  0.38703	 -0.95429	-0.958084	  0.41167	  2.13333	 -0.00053	  0.00147	  0.00156
0.9	      4.9	  0.00346	 -0.04074	  0.43748	 -0.99694	  -1.0004	  0.43937	   2.3838	 -0.00014	  0.00151	  0.00152
0.9	      5.1	  0.00369	  0.04014	   0.4988	 -1.04883	 -1.05252	  0.50041	  2.63005	  0.00015	  0.00184	  0.00185
0.9	      5.3	  0.00427	  0.13964	   0.5827	 -1.11008	 -1.11435	   0.5992	  2.92611	   0.0006	  0.00249	  0.00256
0.9	      5.5	  0.00544	  0.25762	  0.70233	 -1.17987	 -1.18531	  0.74809	  3.23866	   0.0014	  0.00382	  0.00407
0.9	      5.7	  0.00723	  0.38109	  0.85887	 -1.25712	 -1.26435	  0.93962	  3.52794	  0.00276	  0.00621	  0.00679
0.9	      5.9	  0.00943	  0.48179	  1.02736	 -1.34064	 -1.35007	  1.13473	  3.73048	  0.00454	  0.00969	   0.0107
0.9	      6.1	  0.01168	  0.56702	  1.18731	 -1.42901	 -1.44069	  1.31575	  3.88641	  0.00662	  0.01387	  0.01537
0.9	      6.3	  0.01363	  0.63312	  1.32188	  -1.5206	 -1.53423	  1.46567	  4.00773	  0.00863	  0.01802	  0.01998
0.9	      6.5	  0.01564	  0.67944	  1.43255	  -1.6129	 -1.62854	  1.58551	  4.04805	  0.01063	   0.0224	  0.02479
0.9	      6.7	   0.0177	  0.70915	  1.51917	 -1.70376	 -1.72146	  1.67654	  4.02359	  0.01255	  0.02689	  0.02967
0.9	      6.9	   0.0195	  0.70708	  1.57328	 -1.79136	 -1.81086	  1.72487	  3.94334	  0.01379	  0.03068	  0.03364
0.9	      7.1	  0.02089	  0.68774	    1.591	 -1.87392	 -1.89481	  1.73328	  3.82861	  0.01437	  0.03324	  0.03621
0.9	      7.3	  0.02203	  0.64502	  1.58016	 -1.94961	 -1.97164	  1.70674	  3.67143	  0.01421	  0.03481	   0.0376
0.9	      7.5	  0.02371	  0.56184	  1.53707	 -2.01633	 -2.04004	  1.63654	  3.39368	  0.01332	  0.03644	  0.03879
0.9	      7.7	  0.03522	  0.28573	  1.44117	 -2.06388	  -2.0991	  1.46922	  2.49965	  0.01006	  0.05075	  0.05174
0.9	      7.9	  0.06499	 -0.31017	  1.30249	 -2.08339	 -2.14838	  1.33891	  1.67679	 -0.02016	  0.08465	  0.08702
0.9	      8.1	  0.09236	 -0.63405	  1.33351	 -2.09554	  -2.1879	  1.47657	  1.55125	 -0.05856	  0.12316	  0.13637
0.9	      8.3	  0.09671	 -0.87484	  1.44589	 -2.12149	  -2.2182	  1.68996	  1.73499	 -0.08461	  0.13984	  0.16344
0.9	      8.5	    0.095	 -0.98987	  1.44556	 -2.14522	 -2.24022	  1.75199	  1.81482	 -0.09404	  0.13733	  0.16644
0.9	      8.7	  0.08968	 -0.99147	  1.41594	 -2.16568	 -2.25536	  1.72856	  1.84286	 -0.08892	  0.12699	  0.15502
0.9	      8.9	  0.07825	  -0.9559	  1.35498	 -2.18706	 -2.26531	  1.65822	   1.8926	  -0.0748	  0.10603	  0.12976
0.9	      9.1	  0.06304	  -0.8923	  1.24954	 -2.20902	 -2.27206	  1.53543	  1.95254	 -0.05625	  0.07877	  0.09679
0.9	      9.3	  0.04548	 -0.79867	   1.1034	 -2.23224	 -2.27772	  1.36212	  2.03915	 -0.03633	  0.05019	  0.06195
0.9	      9.5	  0.02775	 -0.71207	  0.91816	 -2.25673	 -2.28448	  1.16192	  2.22686	 -0.01976	  0.02548	  0.03225
0.9	      9.7	  0.01431	 -0.52225	  0.66015	 -2.28015	 -2.29446	  0.84176	   2.2465	 -0.00747	  0.00945	  0.01205
0.9	      9.9	  0.01276	 -0.26134	  0.51664	 -2.29686	 -2.30962	  0.57897	  1.63614	 -0.00334	  0.00659	  0.00739
0.9	     10.1	  0.01467	 -0.06852	  0.58363	 -2.31701	 -2.33168	  0.58764	  1.54896	 -0.00101	  0.00856	  0.00862
0.9	     10.3	  0.01891	  0.12975	  0.74728	 -2.34311	 -2.36202	  0.75846	  1.76105	  0.00245	  0.01413	  0.01434
0.9	     10.5	  0.02314	   0.2801	  0.95357	 -2.37845	 -2.40159	  0.99386	  2.08615	  0.00648	  0.02206	  0.02299
0.9	     10.7	  0.02736	  0.41603	  1.17321	 -2.42356	 -2.45092	  1.24479	  2.40256	  0.01138	   0.0321	  0.03406
0.9	     10.9	   0.0305	  0.53069	  1.39777	 -2.47953	 -2.51003	  1.49512	  2.73317	  0.01619	  0.04264	  0.04561
0.9	     11.1	  0.03254	  0.62282	  1.60598	 -2.54593	 -2.57847	  1.72252	  3.04877	  0.02027	  0.05226	  0.05605
0.9	     11.3	  0.03381	  0.70623	  1.77386	 -2.62154	 -2.65535	  1.90928	  3.31523	  0.02388	  0.05997	  0.06455
0.9	     11.5	  0.03531	  0.80316	  1.95625	 -2.70402	 -2.73933	   2.1147	  3.59294	  0.02836	  0.06908	  0.07468
0.9	     11.7	  0.03686	    0.794	  1.97247	 -2.79189	 -2.82875	  2.12628	  3.53576	  0.02927	  0.07271	  0.07838
0.9	     11.9	   0.1035	  0.21903	  1.42762	 -2.81818	 -2.92168	  1.44432	  1.43338	  0.02267	  0.14776	  0.14949
0.9	     12.1	  0.25504	 -0.13155	  0.56244	 -2.76096	   -3.016	  0.57762	  0.36518	 -0.03355	  0.14344	  0.14731
0.9	     12.3	  0.36657	   0.0342	  0.33051	 -2.74296	 -3.10953	  0.33227	  0.17522	  0.01254	  0.12115	   0.1218
0.9	     12.5	   0.4641	  0.42367	  0.20304	 -2.73603	 -3.20013	  0.46982	  0.22018	  0.19663	  0.09423	  0.21804
0.9	     12.7	  0.54871	  0.74795	  0.05325	  -2.7371	 -3.28581	  0.74985	   0.3232	  0.41041	  0.02922	  0.41145

1.1	      0.1	  0.00307	  0.38168	  0.00415	  0.09188	 0.088803	   0.3817	   2.1984	  0.00117	    1e-05	  0.00117
1.1	      0.3	  0.00185	  0.22966	  0.42765	 -0.00101	-0.002861	  0.48542	  3.59867	  0.00043	  0.00079	   0.0009
1.1	      0.5	  0.00234	  0.24529	  0.50855	 -0.09451	-0.096843	  0.56461	  3.72932	  0.00057	  0.00119	  0.00132
1.1	      0.7	  0.00292	  0.26689	  0.56995	 -0.18806	-0.190979	  0.62934	  3.71815	  0.00078	  0.00166	  0.00184
1.1	      0.9	  0.00353	   0.2825	  0.61967	 -0.27957	-0.283102	  0.68103	   3.6586	    0.001	  0.00219	  0.00241
1.1	      1.1	  0.00418	  0.28159	  0.65969	 -0.36696	 -0.37114	  0.71727	   3.5406	  0.00118	  0.00276	    0.003
1.1	      1.3	  0.00489	  0.26729	  0.68953	 -0.44833	-0.453225	  0.73953	  3.37583	  0.00131	  0.00337	  0.00362
1.1	      1.5	  0.00566	  0.23415	  0.70818	 -0.52212	 -0.52778	  0.74589	  3.16675	  0.00132	    0.004	  0.00422
1.1	      1.7	  0.00682	  0.16687	  0.71125	 -0.58678	-0.593597	  0.73056	  2.82405	  0.00114	  0.00485	  0.00498
1.1	      1.9	  0.01149	 -0.00162	  0.75835	 -0.63841	  -0.6499	  0.75835	  2.25895	   -2e-05	  0.00871	  0.00871
1.1	      2.1	  0.02273	  -0.3861	  0.85505	 -0.67365	-0.696379	  0.93818	  1.98695	 -0.00877	  0.01943	  0.02132
1.1	      2.3	  0.03352	  -0.6715	  0.90266	 -0.69969	-0.733207	  1.12504	  1.96199	 -0.02251	  0.03026	  0.03771
1.1	      2.5	  0.03713	 -0.80822	   0.8867	  -0.7239	-0.761031	  1.19978	    1.988	 -0.03001	  0.03292	  0.04454
1.1	      2.7	   0.0334	 -0.84985	  0.80856	 -0.74754	-0.780941	  1.17304	  2.04915	 -0.02839	  0.02701	  0.03919
1.1	      2.9	  0.02399	 -0.81618	   0.6422	 -0.77042	-0.794416	  1.03854	  2.14065	 -0.01958	  0.01541	  0.02492
1.1	      3.1	  0.01385	 -0.71799	  0.38055	  -0.7894	-0.803251	  0.81261	  2.20433	 -0.00995	  0.00527	  0.01126
1.1	      3.3	  0.00736	  -0.5908	  0.16586	 -0.80211	-0.809469	  0.61364	  2.28381	 -0.00435	  0.00122	  0.00452
1.1	      3.5	  0.00498	 -0.51517	  0.11068	 -0.81025	-0.815221	  0.52692	  2.38492	 -0.00256	  0.00055	  0.00262
1.1	      3.7	  0.00427	 -0.45607	  0.11393	 -0.81841	-0.822683	  0.47008	  2.29656	 -0.00195	  0.00049	  0.00201
1.1	      3.9	  0.00383	 -0.38865	  0.16348	 -0.83011	-0.833944	  0.42163	    2.175	 -0.00149	  0.00063	  0.00162
1.1	      4.1	  0.00358	 -0.31374	  0.23089	 -0.84733	-0.850909	  0.38954	  2.07917	 -0.00112	  0.00083	  0.00139
1.1	      4.3	   0.0035	  -0.2287	  0.30528	 -0.87171	-0.875201	  0.38145	     2.06	  -0.0008	  0.00107	  0.00133
1.1	      4.5	   0.0037	 -0.12596	  0.38532	 -0.90438	-0.908084	  0.40538	  2.12764	 -0.00047	  0.00143	   0.0015
1.1	      4.7	  0.00338	 -0.02838	  0.43467	 -0.94702	-0.950399	   0.4356	  2.39175	  -0.0001	  0.00147	  0.00147
1.1	      4.9	  0.00333	  0.00758	  0.47707	 -0.99919	 -1.00252	  0.47713	  2.64001	    3e-05	  0.00159	  0.00159
1.1	      5.1	  0.00351	  0.07456	  0.52919	 -1.06084	 -1.06435	  0.53442	  2.88073	  0.00026	  0.00186	  0.00187
1.1	      5.3	  0.00384	  0.15198	  0.59038	 -1.13147	 -1.13531	  0.60963	    3.142	  0.00058	  0.00227	  0.00234
1.1	      5.5	  0.00438	  0.22874	   0.6618	 -1.20997	 -1.21435	  0.70022	  3.37984	    0.001	   0.0029	  0.00306
1.1	      5.7	  0.00513	  0.30796	  0.74508	 -1.29494	 -1.30007	  0.80622	   3.5933	  0.00158	  0.00382	  0.00414
1.1	      5.9	  0.00622	  0.39412	  0.84295	 -1.38447	 -1.39069	  0.93053	  3.76681	  0.00245	  0.00524	  0.00579
1.1	      6.1	  0.00782	  0.48288	  0.95806	 -1.47641	 -1.48423	  1.07287	   3.8737	  0.00378	  0.00749	  0.00839
1.1	      6.3	  0.00976	  0.55586	  1.07679	 -1.56878	 -1.57854	   1.2118	   3.9169	  0.00542	  0.01051	  0.01182
1.1	      6.5	  0.01183	  0.60624	  1.18671	 -1.65963	 -1.67146	  1.33259	  3.91197	  0.00717	  0.01404	  0.01576
1.1	      6.7	  0.01396	  0.64106	  1.28361	  -1.7469	 -1.76086	  1.43478	  3.87689	  0.00895	  0.01792	  0.02003
1.1	      6.9	  0.01626	  0.64124	   1.3619	 -1.82855	 -1.84481	  1.50531	  3.76913	  0.01043	  0.02214	  0.02448
1.1	      7.1	  0.01863	  0.62179	  1.41583	 -1.90301	 -1.92164	  1.54635	  3.61756	  0.01158	  0.02637	   0.0288
1.1	      7.3	  0.02141	  0.55584	  1.40466	 -1.96863	 -1.99004	  1.51064	  3.29659	   0.0119	  0.03007	  0.03234
1.1	      7.5	  0.03578	  0.25291	   1.3362	 -2.01332	  -2.0491	  1.35992	  2.29532	  0.00905	  0.04781	  0.04866
1.1	      7.7	  0.06694	 -0.34861	  1.22026	 -2.03144	 -2.09838	  1.26908	  1.56608	 -0.02334	  0.08168	  0.08495
1.1	      7.9	  0.09859	 -0.60047	  1.24397	 -2.03931	  -2.1379	  1.38131	  1.40459	  -0.0592	  0.12264	  0.13618
1.1	      8.1	  0.09491	  -0.8491	  1.42288	 -2.07328	 -2.16819	  1.65697	  1.71718	 -0.08059	  0.13505	  0.15727
1.1	      8.3	  0.08848	 -0.98598	  1.42154	 -2.10174	 -2.19022	  1.73001	  1.85691	 -0.08724	  0.12578	  0.15307
1.1	      8.5	  0.07793	 -1.01819	  1.38224	 -2.12742	 -2.20535	  1.71678	  1.96354	 -0.07934	  0.10771	  0.13378
1.1	      8.7	  0.06361	 -0.98089	   1.2904	  -2.1517	 -2.21531	  1.62089	  2.05191	 -0.06239	  0.08208	   0.1031
1.1	      8.9	  0.04618	 -0.89792	  1.13331	 -2.17588	 -2.22206	  1.44591	   2.1482	 -0.04147	  0.05234	  0.06677
1.1	      9.1	  0.03214	 -0.78151	  0.89351	 -2.19558	 -2.22772	  1.18706	  2.11409	 -0.02512	  0.02872	  0.03815
1.1	      9.3	  0.01804	 -0.61884	  0.62136	 -2.21644	 -2.23448	  0.87696	  2.08467	 -0.01116	  0.01121	  0.01582
1.1	      9.5	  0.00913	 -0.47087	   0.3829	 -2.23532	 -2.24445	  0.60691	  2.02833	  -0.0043	  0.00349	  0.00554
1.1	      9.7	  0.00463	 -0.35152	   0.2849	 -2.25499	 -2.25962	  0.45247	  2.12367	 -0.00163	  0.00132	  0.00209
1.1	      9.9	  0.00419	 -0.28025	  0.30502	 -2.27749	 -2.28168	  0.41422	  2.04351	 -0.00117	  0.00128	  0.00173
1.1	     10.1	  0.00387	 -0.16756	   0.3697	 -2.30815	 -2.31202	   0.4059	  2.08411	 -0.00065	  0.00143	  0.00157
1.1	     10.3	  0.00463	 -0.02669	  0.47096	 -2.34696	 -2.35159	  0.47171	  2.21251	 -0.00012	  0.00218	  0.00219
1.1	     10.5	  0.00669	   0.1414	  0.62801	 -2.39423	 -2.40092	  0.64373	  2.51188	  0.00095	   0.0042	  0.00431
1.1	     10.7	  0.01012	  0.31877	  0.83454	 -2.44991	 -2.46003	  0.89335	  2.83471	  0.00323	  0.00845	  0.00904
1.1	     10.9	  0.01448	   0.4847	  1.06992	 -2.51399	 -2.52847	  1.17459	  3.11698	  0.00702	  0.01549	    0.017
1.1	     11.1	  0.01842	  0.60705	  1.30725	 -2.58693	 -2.60535	  1.44133	   3.3909	  0.01118	  0.02408	  0.02655
1.1	     11.3	  0.02195	  0.70161	  1.52184	 -2.66738	 -2.68933	  1.67578	  3.61095	   0.0154	  0.03341	  0.03679
1.1	     11.5	  0.02443	  0.77607	  1.65559	 -2.75432	 -2.77875	  1.82846	  3.73479	  0.01896	  0.04045	  0.04467
1.1	     11.7	  0.06941	  0.36321	   1.2552	 -2.80227	 -2.87168	  1.30669	  1.58359	  0.02521	  0.08712	  0.09069
1.1	     11.9	  0.19913	 -0.15893	  0.45475	 -2.76686	 -2.96599	  0.48172	  0.34466	 -0.03165	  0.09056	  0.09593
1.1	     12.1	  0.30558	 -0.13006	   0.2678	 -2.75394	 -3.05952	  0.29772	  0.17195	 -0.03974	  0.08183	  0.09098
1.1	     12.3	  0.39888	  0.07078	   0.1877	 -2.75125	 -3.15013	  0.20061	  0.10141	  0.02823	  0.07487	  0.08002
1.1	     12.5	   0.4877	  0.46861	  0.12283	 -2.74811	 -3.23581	  0.48444	  0.22148	  0.22854	   0.0599	  0.23626
1.1	     12.7	  0.56811	  0.83668	  0.03501	 -2.74671	 -3.31482	  0.83741	  0.35472	  0.47533	  0.01989	  0.47574

1.3	      0.1	   0.0032	  0.41636	  0.00418	  0.05034	 0.047139	  0.41638	  2.34865	  0.00133	    1e-05	  0.00133
1.3	      0.3	   0.0019	  0.24546	  0.43275	 -0.04494	-0.046843	  0.49751	  3.64067	  0.00047	  0.00082	  0.00095
1.3	      0.5	   0.0024	  0.24612	  0.51172	 -0.13858	-0.140979	  0.56783	  3.70065	  0.00059	  0.00123	  0.00136
1.3	      0.7	  0.00303	  0.25871	  0.56983	 -0.23008	-0.233102	  0.62581	  3.63194	  0.00078	  0.00172	  0.00189
1.3	      0.9	  0.00371	  0.26227	  0.61695	 -0.31743	 -0.32114	  0.67039	  3.51627	  0.00097	  0.00229	  0.00248
1.3	      1.1	  0.00444	  0.25081	  0.65362	 -0.39878	-0.403225	  0.70009	  3.35408	  0.00111	   0.0029	  0.00311
1.3	      1.3	  0.00523	  0.22141	  0.67792	 -0.47255	 -0.47778	  0.71316	  3.14833	  0.00116	  0.00355	  0.00373
1.3	      1.5	   0.0064	  0.15994	  0.68759	 -0.53719	-0.543597	  0.70595	  2.81667	  0.00102	   0.0044	  0.00452
1.3	      1.7	  0.01066	  0.00842	  0.73489	 -0.58924	  -0.5999	  0.73494	  2.27302	    9e-05	  0.00783	  0.00783
1.3	      1.9	  0.02114	 -0.35913	  0.83005	 -0.62524	-0.646379	  0.90441	  1.98584	 -0.00759	  0.01755	  0.01912
1.3	      2.1	  0.03138	 -0.64277	  0.87616	 -0.65182	-0.683207	  1.08664	  1.95842	 -0.02017	   0.0275	   0.0341
1.3	      2.3	  0.03487	 -0.78298	  0.85422	 -0.67616	-0.711031	  1.15876	  1.98109	 -0.02731	  0.02979	  0.04041
1.3	      2.5	  0.03107	 -0.82454	  0.76722	 -0.69987	-0.730941	  1.12627	  2.04006	 -0.02562	  0.02384	  0.03499
1.3	      2.7	  0.02206	 -0.79255	  0.59164	 -0.72236	-0.744416	  0.98903	  2.12611	 -0.01748	  0.01305	  0.02182
1.3	      2.9	  0.01246	 -0.69326	   0.3346	 -0.74079	-0.753251	  0.76978	  2.20201	 -0.00864	  0.00417	  0.00959
1.3	      3.1	  0.00695	 -0.58091	  0.14861	 -0.75252	-0.759469	  0.59962	  2.29682	 -0.00404	  0.00103	  0.00417
1.3	      3.3	   0.0049	 -0.51376	  0.10589	 -0.76032	-0.765221	  0.52456	  2.39244	 -0.00252	  0.00052	  0.00257
1.3	      3.5	  0.00427	 -0.45619	  0.11402	 -0.76841	-0.772683	  0.47023	  2.29757	 -0.00195	  0.00049	  0.00201
1.3	      3.7	  0.00385	 -0.39036	  0.16412	 -0.78009	-0.783944	  0.42346	  2.17862	  -0.0015	  0.00063	  0.00163
1.3	      3.9	   0.0036	 -0.31581	  0.23067	 -0.79731	-0.800909	  0.39108	  2.08135	 -0.00114	  0.00083	  0.00141
1.3	      4.1	  0.00354	 -0.23201	  0.30552	 -0.82166	-0.825202	  0.38363	  2.05913	 -0.00082	  0.00108	  0.00136
1.3	      4.3	  0.00372	 -0.12705	  0.38659	 -0.85436	-0.858084	  0.40693	  2.12959	 -0.00047	  0.00144	  0.00151
1.3	      4.5	  0.00337	 -0.02897	  0.43414	 -0.89703	-0.900399	   0.4351	  2.39178	  -0.0001	  0.00146	  0.00147
1.3	      4.7	  0.00339	   0.0085	  0.48017	 -0.94913	-0.952523	  0.48024	  2.63305	    3e-05	  0.00163	  0.00163
1.3	      4.9	  0.00361	  0.07194	  0.53468	 -1.01074	 -1.01435	   0.5395	  2.86819	  0.00026	  0.00193	  0.00195
1.3	      5.1	  0.00386	  0.14245	  0.59263	 -1.08144	  -1.0853	  0.60952	  3.13283	  0.00055	  0.00229	  0.00235
1.3	      5.3	    0.004	  0.20786	   0.6365	 -1.16035	 -1.16435	  0.66959	  3.38159	  0.00083	  0.00254	  0.00268
1.3	      5.5	   0.0042	  0.26472	  0.67848	 -1.24586	 -1.25006	  0.72829	  3.58707	  0.00111	  0.00285	  0.00306
1.3	      5.7	  0.00459	  0.31697	  0.72556	  -1.3361	 -1.34069	  0.79178	  3.73287	  0.00145	  0.00333	  0.00363
1.3	      5.9	  0.00518	  0.36142	  0.77979	 -1.42905	 -1.43423	  0.85947	  3.81449	  0.00187	  0.00404	  0.00445
1.3	      6.1	  0.00608	  0.40537	  0.84285	 -1.52246	 -1.52854	  0.93527	  3.82817	  0.00247	  0.00513	  0.00569
1.3	      6.3	  0.00743	  0.45411	   0.9184	 -1.61403	 -1.62146	  1.02454	  3.79538	  0.00337	  0.00682	  0.00761
1.3	      6.5	   0.0092	  0.49887	  1.00192	 -1.70166	 -1.71086	  1.11924	  3.72504	  0.00459	  0.00922	   0.0103
1.3	      6.7	  0.01128	  0.52934	  1.07841	 -1.78353	 -1.79481	  1.20132	  3.61083	  0.00597	  0.01217	  0.01355
1.3	      6.9	  0.01357	  0.52241	  1.15915	 -1.85807	 -1.87164	  1.27143	  3.48422	  0.00709	  0.01573	  0.01726
1.3	      7.1	  0.01699	  0.47156	  1.17418	 -1.92305	 -1.94004	  1.26533	  3.09935	  0.00801	  0.01995	   0.0215
1.3	      7.3	  0.03418	  0.12711	  1.16022	 -1.96492	  -1.9991	  1.16716	  2.01557	  0.00434	  0.03966	   0.0399
1.3	      7.5	  0.06375	 -0.40948	   1.1557	 -1.98463	 -2.04838	  1.22609	   1.5504	  -0.0261	  0.07368	  0.07817
1.3	      7.7	  0.09418	 -0.64936	  1.18719	 -1.99372	  -2.0879	  1.35318	   1.4078	 -0.06116	  0.11181	  0.12744
1.3	      7.9	   0.0908	 -0.85932	  1.34825	  -2.0274	  -2.1182	  1.59881	  1.69398	 -0.07803	  0.12243	  0.14518
1.3	      8.1	  0.08955	  -0.9337	  1.32098	 -2.05067	 -2.14022	  1.61765	  1.72593	 -0.08361	  0.11829	  0.14486
1.3	      8.3	  0.08035	 -0.91746	  1.25928	   -2.075	 -2.15535	  1.55805	  1.75492	 -0.07372	  0.10118	  0.12519
1.3	      8.5	  0.06356	 -0.87357	  1.16453	 -2.10175	 -2.16531	  1.45577	  1.84364	 -0.05552	  0.07401	  0.09252
1.3	      8.7	  0.04131	  -0.8084	  1.01799	 -2.13075	 -2.17206	  1.29993	  2.04211	 -0.03339	  0.04205	  0.05369
1.3	      8.9	  0.02356	 -0.71413	  0.78056	 -2.15416	 -2.17772	  1.05794	  2.20083	 -0.01682	  0.01839	  0.02492
1.3	      9.1	  0.01278	 -0.58659	  0.47185	  -2.1717	 -2.18448	  0.75282	  2.12613	  -0.0075	  0.00603	  0.00962
1.3	      9.3	  0.00579	 -0.43822	    0.265	 -2.18867	 -2.19446	  0.51212	  2.14896	 -0.00254	  0.00153	  0.00296
1.3	      9.5	  0.00412	 -0.35039	  0.22815	  -2.2055	 -2.20962	  0.41812	   2.0806	 -0.00144	  0.00094	  0.00172
1.3	      9.7	  0.00352	 -0.25577	  0.27853	 -2.22816	 -2.23168	  0.37815	  2.03596	  -0.0009	  0.00098	  0.00133
1.3	      9.9	  0.00354	 -0.15192	  0.35586	 -2.25848	 -2.26202	  0.38693	  2.07673	 -0.00054	  0.00126	  0.00137
1.3	     10.1	  0.00346	 -0.04169	  0.42106	 -2.29813	 -2.30159	  0.42312	  2.29644	 -0.00014	  0.00146	  0.00146
1.3	     10.3	  0.00329	 -0.00629	  0.46258	 -2.34763	 -2.35092	  0.46262	  2.57621	   -2e-05	  0.00152	  0.00152
1.3	     10.5	  0.00355	  0.07369	  0.52118	 -2.40648	 -2.41003	  0.52636	  2.82029	  0.00026	  0.00185	  0.00187
1.3	     10.7	  0.00417	  0.17987	  0.60383	  -2.4743	 -2.47847	  0.63005	  3.11452	  0.00075	  0.00252	  0.00263
1.3	     10.9	   0.0058	   0.3311	  0.74276	 -2.54955	 -2.55535	  0.81322	  3.40783	  0.00192	  0.00431	  0.00472
1.3	     11.1	  0.00888	  0.49653	  0.95174	 -2.63045	 -2.63933	  1.07348	  3.63794	  0.00441	  0.00845	  0.00953
1.3	     11.3	  0.01206	  0.64419	  1.17387	 -2.71669	 -2.72875	  1.33901	  3.89305	  0.00777	  0.01416	  0.01615
1.3	     11.5	  0.04012	  0.39067	  0.92279	 -2.78156	 -2.82168	  1.00208	  1.59729	  0.01567	  0.03702	   0.0402
1.3	     11.7	  0.15228	 -0.12164	  0.28634	 -2.76372	   -2.916	  0.31111	  0.25454	 -0.01852	   0.0436	  0.04737
1.3	     11.9	  0.25222	 -0.17972	  0.17704	 -2.75731	 -3.00953	  0.25227	  0.16038	 -0.04533	  0.04465	  0.06363
1.3	     12.1	  0.34338	 -0.11233	  0.13345	 -2.75675	 -3.10013	  0.17443	  0.09504	 -0.03857	  0.04582	  0.05989
1.3	     12.3	   0.4295	  0.08041	  0.09734	 -2.75631	 -3.18581	  0.12626	  0.06151	  0.03454	  0.04181	  0.05423
1.3	     12.5	  0.51024	  0.48544	  0.05682	 -2.75458	 -3.26482	  0.48876	  0.21846	  0.24769	  0.02899	  0.24938
1.3	     12.7	  0.58244	   0.8747	  0.01545	 -2.75329	 -3.33573	  0.87483	  0.36598	  0.50946	    0.009	  0.50954

1.5	      0.1	  0.00336	  0.44067	  0.00432	  0.00652	 0.003157	  0.44069	  2.42786	  0.00148	    1e-05	  0.00148
1.5	      0.3	  0.00198	  0.24853	  0.43508	   -0.089	-0.090979	  0.50106	  3.59845	  0.00049	  0.00086	  0.00099
1.5	      0.5	   0.0025	    0.238	   0.5125	  -0.1806	-0.183102	  0.56507	  3.60828	  0.00059	  0.00128	  0.00141
1.5	      0.7	  0.00318	  0.24014	  0.56679	 -0.26796	 -0.27114	  0.61557	  3.48776	  0.00076	   0.0018	  0.00195
1.5	      0.9	  0.00393	  0.23132	  0.61076	  -0.3493	-0.353225	   0.6531	  3.32642	  0.00091	   0.0024	  0.00257
1.5	      1.1	  0.00472	  0.20487	     0.64	 -0.42306	 -0.42778	  0.67199	  3.12364	  0.00097	  0.00302	  0.00317
1.5	      1.3	  0.00585	  0.14787	  0.65512	 -0.48774	-0.493597	   0.6716	  2.80251	  0.00087	  0.00384	  0.00393
1.5	      1.5	  0.00967	  0.01135	  0.70482	 -0.54023	  -0.5499	  0.70491	  2.28882	  0.00011	  0.00681	  0.00682
1.5	      1.7	  0.01928	  -0.3374	    0.799	  -0.5771	-0.596379	  0.86732	  1.99414	 -0.00651	  0.01541	  0.01672
1.5	      1.9	  0.02902	 -0.61859	  0.84491	 -0.60419	-0.633207	  1.04715	  1.96255	 -0.01795	  0.02452	  0.03039
1.5	      2.1	  0.03225	 -0.76051	  0.81742	 -0.62878	-0.661031	  1.11649	  1.98503	 -0.02453	  0.02636	  0.03601
1.5	      2.3	  0.02859	 -0.80207	  0.72239	 -0.65235	-0.680941	  1.07943	  2.03835	 -0.02293	  0.02065	  0.03086
1.5	      2.5	  0.02012	 -0.77051	  0.53956	  -0.6743	-0.694416	  0.94064	  2.11726	  -0.0155	  0.01086	  0.01893
1.5	      2.7	  0.01121	 -0.67251	  0.29048	 -0.69204	-0.703251	  0.73256	  2.20928	 -0.00754	  0.00326	  0.00821
1.5	      2.9	  0.00659	 -0.57302	    0.134	 -0.70288	-0.709469	  0.58848	  2.31452	 -0.00378	  0.00088	  0.00388
1.5	      3.1	  0.00486	 -0.51245	  0.10206	 -0.71037	-0.715221	  0.52251	    2.394	 -0.00249	   0.0005	  0.00254
1.5	      3.3	  0.00426	 -0.45599	  0.11485	 -0.71842	-0.722683	  0.47023	  2.29995	 -0.00194	  0.00049	    0.002
1.5	      3.5	  0.00386	 -0.39088	  0.16475	 -0.73008	-0.733944	  0.42418	  2.17898	 -0.00151	  0.00064	  0.00164
1.5	      3.7	   0.0036	 -0.31574	  0.23092	 -0.74731	-0.750909	  0.39117	  2.08174	 -0.00114	  0.00083	  0.00141
1.5	      3.9	  0.00353	 -0.23161	  0.30552	 -0.77167	-0.775201	  0.38339	   2.0591	 -0.00082	  0.00108	  0.00135
1.5	      4.1	  0.00372	 -0.12689	  0.38648	 -0.80436	-0.808084	  0.40677	  2.12936	 -0.00047	  0.00144	  0.00151
1.5	      4.3	  0.00337	 -0.02891	  0.43407	 -0.84703	-0.850399	  0.43503	  2.39173	  -0.0001	  0.00146	  0.00147
1.5	      4.5	  0.00339	  0.00844	     0.48	 -0.89913	-0.902523	  0.48008	  2.63309	    3e-05	  0.00163	  0.00163
1.5	      4.7	  0.00361	  0.07205	  0.53526	 -0.96074	-0.964352	  0.54009	  2.86871	  0.00026	  0.00193	  0.00195
1.5	      4.9	   0.0039	  0.14436	  0.59518	  -1.0314	  -1.0353	  0.61244	   3.1311	  0.00056	  0.00232	  0.00239
1.5	      5.1	   0.0041	  0.21261	   0.6459	 -1.11025	 -1.11435	  0.67999	  3.38867	  0.00087	  0.00265	  0.00279
1.5	      5.3	  0.00425	  0.26608	  0.68393	 -1.19581	 -1.20006	  0.73387	  3.59247	  0.00113	  0.00291	  0.00312
1.5	      5.5	  0.00443	  0.30675	  0.71364	 -1.28626	 -1.29069	  0.77678	  3.72712	  0.00136	  0.00316	  0.00344
1.5	      5.7	  0.00469	  0.33863	  0.74349	 -1.37954	 -1.38423	  0.81698	  3.80811	  0.00159	  0.00349	  0.00383
1.5	      5.9	  0.00512	  0.35925	  0.77513	 -1.47342	 -1.47854	  0.85433	  3.81151	  0.00184	  0.00397	  0.00438
1.5	      6.1	  0.00573	  0.37538	   0.8086	 -1.56573	 -1.57146	  0.89148	   3.7601	  0.00215	  0.00463	  0.00511
1.5	      6.3	  0.00658	  0.38681	  0.84645	 -1.65428	 -1.66086	  0.93065	  3.66255	  0.00255	  0.00557	  0.00613
1.5	      6.5	  0.00778	    0.392	  0.88858	 -1.73703	 -1.74481	   0.9712	  3.51493	  0.00305	  0.00692	  0.00756
1.5	      6.7	  0.00961	   0.3904	  0.94687	 -1.81203	 -1.82164	   1.0242	  3.33641	  0.00375	   0.0091	  0.00984
1.5	      6.9	  0.01297	  0.34068	  0.94977	 -1.87707	 -1.89004	  1.00903	  2.82849	  0.00442	  0.01232	  0.01309
1.5	      7.1	  0.02999	 -0.04054	  1.01174	 -1.91911	  -1.9491	  1.01255	  1.86688	 -0.00122	  0.03034	  0.03036
1.5	      7.3	  0.05734	 -0.52129	  1.09999	 -1.94104	 -1.99838	  1.21726	  1.62306	 -0.02989	  0.06307	  0.06979
1.5	      7.5	  0.07345	 -0.82772	  1.20011	 -1.96445	  -2.0379	  1.45787	  1.71745	  -0.0608	  0.08815	  0.10708
1.5	      7.7	  0.07605	 -0.95723	  1.28189	 -1.99215	  -2.0682	  1.59985	   1.8522	  -0.0728	  0.09749	  0.12167
1.5	      7.9	  0.07208	 -1.02663	  1.24453	 -2.01814	 -2.09022	  1.61333	  1.91865	 -0.07399	   0.0897	  0.11628
1.5	      8.1	  0.06179	 -1.00839	  1.15378	 -2.04356	 -2.10535	  1.53234	  1.96817	 -0.06231	  0.07129	  0.09468
1.5	      8.3	  0.04699	 -0.94602	  0.99474	 -2.06832	 -2.11531	  1.37276	  2.02178	 -0.04446	  0.04675	  0.06451
1.5	      8.5	   0.0302	 -0.82508	  0.75708	 -2.09186	 -2.12206	  1.11979	  2.05745	 -0.02491	  0.02286	  0.03381
1.5	      8.7	   0.0157	 -0.64964	  0.47846	 -2.11202	 -2.12772	  0.80682	  2.05607	  -0.0102	  0.00751	  0.01266
1.5	      8.9	  0.00742	 -0.50296	  0.24826	 -2.12706	 -2.13448	  0.56089	  2.07859	 -0.00373	  0.00184	  0.00416
1.5	      9.1	  0.00445	 -0.41314	  0.18193	    -2.14	 -2.14445	  0.45143	  2.15941	 -0.00184	  0.00081	  0.00201
1.5	      9.3	  0.00379	 -0.33972	  0.20931	 -2.15583	 -2.15962	  0.39902	  2.06917	 -0.00129	  0.00079	  0.00151
1.5	      9.5	   0.0034	 -0.25158	  0.27596	 -2.17828	 -2.18168	  0.37342	  2.04562	 -0.00085	  0.00094	  0.00127
1.5	      9.7	  0.00354	 -0.15173	  0.35668	 -2.20848	 -2.21202	  0.38761	   2.0808	 -0.00054	  0.00126	  0.00137
1.5	      9.9	  0.00348	 -0.04137	  0.42257	 -2.24811	 -2.25159	  0.42459	  2.29754	 -0.00014	  0.00147	  0.00148
1.5	     10.1	  0.00327	 -0.01093	  0.46134	 -2.29765	 -2.30092	  0.46147	   2.5766	   -4e-05	  0.00151	  0.00151
1.5	     10.3	  0.00353	  0.05043	  0.51529	  -2.3565	 -2.36003	  0.51775	  2.78317	  0.00018	  0.00182	  0.00183
1.5	     10.5	  0.00371	  0.12236	  0.57047	 -2.42476	 -2.42847	  0.58344	  3.05957	  0.00045	  0.00211	  0.00216
1.5	     10.7	  0.00403	  0.19563	  0.62774	 -2.50132	 -2.50535	  0.65752	  3.30858	  0.00079	  0.00253	  0.00265
1.5	     10.9	  0.00451	   0.2665	  0.69319	 -2.58482	 -2.58933	  0.74266	  3.53082	   0.0012	  0.00313	  0.00335
1.5	     11.1	  0.00526	  0.35097	  0.78697	 -2.67349	 -2.67875	  0.86168	  3.79257	  0.00185	  0.00414	  0.00453
1.5	     11.3	  0.01171	  0.40768	   0.6642	 -2.75997	 -2.77168	  0.77934	  2.29936	  0.00477	  0.00778	  0.00913
1.5	     11.5	   0.1057	 -0.08752	  0.15083	 -2.76029	 -2.86599	  0.17438	  0.17125	 -0.00925	  0.01594	  0.01843
1.5	     11.7	  0.20201	 -0.18129	  0.11225	 -2.75752	 -2.95953	  0.21323	  0.15147	 -0.03662	  0.02268	  0.04307
1.5	     11.9	  0.29187	 -0.18356	  0.10506	 -2.75826	 -3.05013	  0.21149	  0.12499	 -0.05357	  0.03066	  0.06173
1.5	     12.1	  0.37742	 -0.10986	  0.08825	 -2.75839	 -3.13581	  0.14091	  0.07323	 -0.04146	  0.03331	  0.05318
1.5	     12.3	  0.45658	  0.08945	  0.06071	 -2.75824	 -3.21482	   0.1081	  0.05108	  0.04084	  0.02772	  0.04936
1.5	     12.5	  0.52795	  0.49413	  0.02866	 -2.75778	 -3.28573	  0.49496	  0.21749	  0.26088	  0.01513	  0.26132
1.5	     12.7	  0.59151	  0.87806	  0.00587	   -2.756	 -3.34751	  0.87808	  0.36452	  0.51938	  0.00348	   0.5194

1.7	      0.1	  0.00353	  0.44493	   0.0046	 -0.03745	-0.040979	  0.44495	   2.3911	  0.00157	    2e-05	  0.00157
1.7	      0.3	  0.00207	  0.24446	  0.43491	 -0.13103	-0.133102	   0.4989	  3.49869	  0.00051	   0.0009	  0.00103
1.7	      0.5	  0.00263	  0.22065	  0.50986	 -0.21851	 -0.22114	  0.55556	  3.45982	  0.00058	  0.00134	  0.00146
1.7	      0.7	  0.00338	  0.21034	  0.56156	 -0.29985	-0.303225	  0.59966	   3.2952	  0.00071	   0.0019	  0.00202
1.7	      0.9	  0.00416	  0.18634	  0.59695	 -0.37362	 -0.37778	  0.62536	  3.09446	  0.00078	  0.00249	   0.0026
1.7	      1.1	  0.00526	  0.13422	  0.61797	 -0.43834	-0.443597	  0.63238	  2.78485	  0.00071	  0.00325	  0.00332
1.7	      1.3	  0.00866	  0.01194	  0.67045	 -0.49124	  -0.4999	  0.67056	  2.30105	   0.0001	   0.0058	   0.0058
1.7	      1.5	  0.01742	 -0.31624	  0.76582	 -0.52896	-0.546379	  0.82855	  2.00436	 -0.00551	  0.01334	  0.01443
1.7	      1.7	  0.02651	   -0.595	  0.80943	 -0.55669	-0.583207	  1.00459	  1.96977	 -0.01578	  0.02146	  0.02664
1.7	      1.9	  0.02978	  -0.7383	  0.77699	 -0.58125	-0.611031	  1.07182	  1.98299	 -0.02199	  0.02314	  0.03192
1.7	      2.1	  0.02622	 -0.78188	  0.67567	 -0.60472	-0.630941	  1.03338	  2.03743	  -0.0205	  0.01772	   0.0271
1.7	      2.3	  0.01828	 -0.75025	   0.4876	 -0.62613	-0.644416	  0.89477	  2.11276	 -0.01372	  0.00891	  0.01636
1.7	      2.5	  0.01011	 -0.65305	  0.25004	 -0.64314	-0.653251	  0.69928	  2.21995	 -0.00661	  0.00253	  0.00707
1.7	      2.7	  0.00629	 -0.56717	  0.12213	 -0.65318	-0.659469	  0.58017	  2.33523	 -0.00357	  0.00077	  0.00365
1.7	      2.9	  0.00482	 -0.51119	  0.09897	  -0.6604	-0.665221	  0.52068	  2.39396	 -0.00247	  0.00048	  0.00251
1.7	      3.1	  0.00425	 -0.45588	  0.11553	 -0.66843	-0.672683	  0.47029	   2.3019	 -0.00194	  0.00049	    0.002
1.7	      3.3	  0.00387	 -0.39141	  0.16513	 -0.68007	-0.683944	  0.42481	  2.17929	 -0.00152	  0.00064	  0.00165
1.7	      3.5	   0.0036	 -0.31585	  0.23105	 -0.69731	-0.700909	  0.39134	  2.08227	 -0.00114	  0.00083	  0.00141
1.7	      3.7	  0.00353	 -0.23163	  0.30554	 -0.72167	-0.725201	  0.38341	  2.05905	 -0.00082	  0.00108	  0.00136
1.7	      3.9	  0.00372	 -0.12688	  0.38649	 -0.75436	-0.758084	  0.40678	  2.12934	 -0.00047	  0.00144	  0.00151
1.7	      4.1	  0.00337	 -0.02891	  0.43408	 -0.79703	-0.800399	  0.43504	  2.39174	  -0.0001	  0.00146	  0.00147
1.7	      4.3	  0.00339	  0.00844	     0.48	 -0.84913	-0.852523	  0.48008	  2.63309	    3e-05	  0.00163	  0.00163
1.7	      4.5	  0.00361	  0.07205	  0.53526	 -0.91074	-0.914352	  0.54009	  2.86868	  0.00026	  0.00193	  0.00195
1.7	      4.7	   0.0039	  0.14433	  0.59545	  -0.9814	-0.985305	  0.61269	   3.1318	  0.00056	  0.00232	  0.00239
1.7	      4.9	  0.00409	  0.21269	  0.64473	 -1.06026	 -1.06435	   0.6789	   3.3887	  0.00087	  0.00264	  0.00278
1.7	      5.1	  0.00428	  0.26801	  0.68508	 -1.14578	 -1.15006	  0.73564	  3.59029	  0.00115	  0.00293	  0.00315
1.7	      5.3	  0.00449	  0.31016	  0.71921	  -1.2362	 -1.24069	  0.78324	  3.73189	  0.00139	  0.00323	  0.00352
1.7	      5.5	  0.00473	  0.34074	  0.74814	  -1.3295	 -1.33423	  0.82208	  3.81675	  0.00161	  0.00354	  0.00389
1.7	      5.7	  0.00502	  0.35693	  0.76831	 -1.42352	 -1.42854	  0.84717	  3.81762	  0.00179	  0.00386	  0.00425
1.7	      5.9	  0.00538	  0.35858	  0.78562	 -1.51608	 -1.52146	  0.86359	  3.75795	  0.00193	  0.00423	  0.00465
1.7	      6.1	   0.0059	  0.35383	  0.80367	 -1.60496	 -1.61086	  0.87811	  3.65087	  0.00209	  0.00474	  0.00518
1.7	      6.3	  0.00663	  0.34084	  0.82233	 -1.68818	 -1.69481	  0.89017	  3.48954	  0.00226	  0.00545	   0.0059
1.7	      6.5	  0.00771	  0.31439	   0.8456	 -1.76393	 -1.77164	  0.90216	  3.28075	  0.00242	  0.00652	  0.00695
1.7	      6.7	  0.01011	  0.23512	  0.83538	 -1.82993	 -1.84004	  0.86783	  2.75561	  0.00238	  0.00845	  0.00877
1.7	      6.9	  0.02471	    -0.17	  0.95247	 -1.87439	  -1.8991	  0.96753	   1.9653	  -0.0042	  0.02353	   0.0239
1.7	      7.1	   0.0469	 -0.65349	  1.08482	 -1.90148	 -1.94838	  1.26645	  1.86706	 -0.03065	  0.05088	   0.0594
1.7	      7.3	  0.06434	 -0.91219	  1.15573	 -1.92356	  -1.9879	  1.47235	  1.85329	 -0.05869	  0.07436	  0.09473
1.7	      7.5	  0.06561	 -1.05125	  1.22767	 -1.95259	  -2.0182	  1.61626	  2.01464	 -0.06897	  0.08055	  0.10604
1.7	      7.7	   0.0636	 -1.09222	   1.1802	 -1.97662	 -2.04022	  1.60805	  2.03577	 -0.06947	  0.07506	  0.10228
1.7	      7.9	  0.05457	 -1.07747	  1.08068	 -2.00079	 -2.05536	  1.52604	   2.0858	 -0.05879	  0.05897	  0.08327
1.7	      8.1	  0.04051	 -1.02256	   0.9126	  -2.0248	 -2.06531	  1.37057	  2.17412	 -0.04142	  0.03697	  0.05552
1.7	      8.3	  0.02482	 -0.89742	  0.65871	 -2.04724	 -2.07206	  1.11322	  2.25588	 -0.02228	  0.01635	  0.02763
1.7	      8.5	  0.01182	 -0.67623	  0.36525	  -2.0659	 -2.07772	  0.76857	  2.25702	 -0.00799	  0.00432	  0.00908
1.7	      8.7	  0.00583	 -0.49946	  0.18714	 -2.07865	 -2.08448	  0.53337	  2.22946	 -0.00291	  0.00109	  0.00311
1.7	      8.9	  0.00415	 -0.41571	  0.15801	  -2.0903	 -2.09445	  0.44472	  2.20416	 -0.00173	  0.00066	  0.00185
1.7	      9.1	  0.00366	 -0.33721	  0.20458	 -2.10596	 -2.10962	  0.39442	  2.08222	 -0.00123	  0.00075	  0.00144
1.7	      9.3	  0.00342	 -0.25244	  0.27725	 -2.12826	 -2.13168	  0.37496	   2.0482	 -0.00086	  0.00095	  0.00128
1.7	      9.5	  0.00358	 -0.15334	  0.35872	 -2.15844	 -2.16202	  0.39012	  2.08261	 -0.00055	  0.00128	   0.0014
1.7	      9.7	  0.00351	 -0.04201	  0.42472	 -2.19808	 -2.20159	  0.42679	  2.29899	 -0.00015	  0.00149	   0.0015
1.7	      9.9	  0.00329	 -0.01116	  0.46314	 -2.24763	 -2.25092	  0.46327	  2.57841	   -4e-05	  0.00152	  0.00152
1.7	     10.1	  0.00352	  0.04993	   0.5162	 -2.30651	 -2.31003	  0.51861	  2.79029	  0.00018	  0.00182	  0.00183
1.7	     10.3	  0.00378	  0.12276	  0.57508	 -2.37469	 -2.37847	  0.58804	  3.05259	  0.00046	  0.00218	  0.00222
1.7	     10.5	  0.00403	  0.19237	  0.63127	 -2.45132	 -2.45535	  0.65993	  3.31738	  0.00078	  0.00255	  0.00266
1.7	     10.7	  0.00414	  0.24909	  0.66776	 -2.53519	 -2.53933	  0.71271	   3.5381	  0.00103	  0.00276	  0.00295
1.7	     10.9	  0.00441	  0.29555	  0.71204	 -2.62434	 -2.62875	  0.77094	  3.70703	   0.0013	  0.00314	   0.0034
1.7	     11.1	   0.0054	   0.3789	  0.62654	 -2.71628	 -2.72168	  0.73221	  3.18027	  0.00205	  0.00339	  0.00396
1.7	     11.3	   0.0562	  0.00581	  0.14752	  -2.7598	   -2.816	  0.14763	  0.19883	  0.00033	  0.00829	   0.0083
1.7	     11.5	  0.15246	 -0.15793	  0.08556	 -2.75706	 -2.90952	  0.17962	  0.14687	 -0.02408	  0.01304	  0.02738
1.7	     11.7	   0.2427	 -0.20331	  0.08828	 -2.75743	 -3.00013	  0.22165	  0.14365	 -0.04934	  0.02143	   0.0538
1.7	     11.9	  0.32745	 -0.19431	  0.09002	 -2.75836	 -3.08581	  0.21415	  0.11949	 -0.06363	  0.02948	  0.07012
1.7	     12.1	  0.40555	 -0.10592	  0.07536	 -2.75927	 -3.16482	  0.12999	  0.06517	 -0.04296	  0.03056	  0.05272
1.7	     12.3	  0.47619	  0.10848	  0.04185	 -2.75954	 -3.23573	  0.11627	   0.0538	  0.05166	  0.01993	  0.05537
1.7	     12.5	  0.53797	  0.50495	  0.00936	 -2.75954	 -3.29751	  0.50504	  0.21984	  0.27165	  0.00504	   0.2717
1.7	     12.7	   0.5931	  0.87413	 -0.00099	 -2.75649	 -3.34959	  0.87413	  0.36239	  0.51845	 -0.00059	  0.51845

1.9	      0.1	  0.00371	  0.43903	    0.005	 -0.07939	-0.083102	  0.43905	  2.30066	  0.00163	    2e-05	  0.00163
1.9	      0.3	   0.0022	  0.23216	  0.43268	 -0.16894	 -0.17114	  0.49103	  3.34297	  0.00051	  0.00095	  0.00108
1.9	      0.5	   0.0028	  0.19392	   0.5054	 -0.25043	-0.253225	  0.54133	   3.2664	  0.00054	  0.00141	  0.00152
1.9	      0.7	  0.00356	   0.1669	   0.5476	 -0.32422	 -0.32778	  0.57247	    3.062	  0.00059	  0.00195	  0.00204
1.9	      0.9	  0.00461	  0.11905	  0.57559	 -0.38899	-0.393597	  0.58777	  2.76361	  0.00055	  0.00265	  0.00271
1.9	      1.1	   0.0076	  0.01225	  0.63091	  -0.4423	  -0.4499	  0.63103	   2.3104	    9e-05	   0.0048	   0.0048
1.9	      1.3	  0.01552	 -0.29622	   0.7287	 -0.48086	-0.496379	   0.7866	  2.01595	  -0.0046	  0.01131	  0.01221
1.9	      1.5	  0.02396	 -0.57025	  0.77093	 -0.50925	-0.533207	  0.95892	  1.97804	 -0.01366	  0.01847	  0.02297
1.9	      1.7	  0.02722	 -0.71547	  0.73364	 -0.53381	-0.561031	  1.02475	  1.98305	 -0.01948	  0.01997	  0.02789
1.9	      1.9	  0.02391	 -0.76053	  0.62533	 -0.55703	-0.580941	  0.98461	  2.03304	 -0.01818	  0.01495	  0.02354
1.9	      2.1	  0.01656	 -0.72916	  0.43281	 -0.57786	-0.594416	  0.84794	  2.10408	 -0.01207	  0.00717	  0.01404
1.9	      2.3	  0.00917	  -0.6349	  0.21285	 -0.59408	-0.603251	  0.66963	  2.23225	 -0.00582	  0.00195	  0.00614
1.9	      2.5	  0.00605	 -0.56258	  0.11277	 -0.60342	-0.609469	  0.57377	  2.35446	 -0.00341	  0.00068	  0.00347
1.9	      2.7	   0.0048	 -0.51019	  0.09655	 -0.61042	-0.615221	  0.51924	  2.39374	 -0.00245	  0.00046	  0.00249
1.9	      2.9	  0.00425	  -0.4559	  0.11606	 -0.61843	-0.622683	  0.47044	  2.30385	 -0.00194	  0.00049	    0.002
1.9	      3.1	  0.00388	 -0.39181	  0.16542	 -0.63006	-0.633944	   0.4253	  2.17959	 -0.00152	  0.00064	  0.00165
1.9	      3.3	   0.0036	  -0.3159	  0.23116	 -0.64731	-0.650909	  0.39144	  2.08266	 -0.00114	  0.00083	  0.00141
1.9	      3.5	  0.00353	 -0.23159	  0.30556	 -0.67167	-0.675201	  0.38341	  2.05898	 -0.00082	  0.00108	  0.00136
1.9	      3.7	  0.00372	 -0.12686	  0.38648	 -0.70436	-0.708084	  0.40677	   2.1293	 -0.00047	  0.00144	  0.00151
1.9	      3.9	  0.00337	  -0.0289	  0.43407	 -0.74703	-0.750399	  0.43503	  2.39173	  -0.0001	  0.00146	  0.00147
1.9	      4.1	  0.00339	  0.00844	     0.48	 -0.79913	-0.802523	  0.48008	  2.63308	    3e-05	  0.00163	  0.00163
1.9	      4.3	  0.00361	  0.07205	  0.53526	 -0.86074	-0.864352	  0.54009	  2.86868	  0.00026	  0.00193	  0.00195
1.9	      4.5	   0.0039	  0.14432	  0.59538	  -0.9314	-0.935305	  0.61262	  3.13175	  0.00056	  0.00232	  0.00239
1.9	      4.7	  0.00409	  0.21273	  0.64488	 -1.01026	 -1.01435	  0.67906	  3.38873	  0.00087	  0.00264	  0.00278
1.9	      4.9	  0.00428	  0.26786	  0.68503	 -1.09579	 -1.10007	  0.73553	  3.59034	  0.00115	  0.00293	  0.00315
1.9	      5.1	  0.00449	  0.31025	  0.71911	  -1.1862	 -1.19069	  0.78318	  3.73099	  0.00139	  0.00323	  0.00352
1.9	      5.3	  0.00475	  0.34185	  0.74937	 -1.27948	 -1.28423	  0.82366	  3.81585	  0.00162	  0.00356	  0.00391
1.9	      5.5	  0.00507	  0.35951	  0.77193	 -1.37347	 -1.37854	  0.85155	  3.82013	  0.00182	  0.00391	  0.00431
1.9	      5.7	  0.00542	  0.35945	  0.78975	 -1.46604	 -1.47146	   0.8677	  3.76195	  0.00195	  0.00428	  0.00471
1.9	      5.9	  0.00584	  0.35064	  0.80137	 -1.55502	 -1.56086	  0.87472	  3.65432	  0.00205	  0.00468	  0.00511
1.9	      6.1	  0.00636	  0.32897	  0.80896	 -1.63845	 -1.64481	  0.87329	  3.49507	  0.00209	  0.00515	  0.00556
1.9	      6.3	   0.0071	  0.29123	  0.81359	 -1.71454	 -1.72164	  0.86415	  3.27494	  0.00207	  0.00577	  0.00613
1.9	      6.5	  0.00894	  0.19765	  0.79535	  -1.7811	 -1.79004	  0.81954	   2.7681	  0.00177	  0.00711	  0.00732
1.9	      6.7	  0.02165	 -0.21011	  0.92244	 -1.82745	  -1.8491	  0.94606	   2.0529	 -0.00455	  0.01997	  0.02048
1.9	      6.9	  0.04193	 -0.69352	  1.06951	 -1.85645	 -1.89838	  1.27468	  1.98755	 -0.02908	  0.04484	  0.05344
1.9	      7.1	   0.0581	 -0.95278	  1.14277	  -1.8798	  -1.9379	  1.48786	  1.97079	 -0.05536	  0.06639	  0.08644
1.9	      7.3	  0.06113	 -1.07778	  1.18492	 -1.90707	  -1.9682	  1.60176	  2.06834	 -0.06589	  0.07244	  0.09792
1.9	      7.5	  0.06051	 -1.12196	  1.14162	 -1.92971	 -1.99022	  1.60065	  2.07759	 -0.06789	  0.06908	  0.09685
1.9	      7.7	  0.05207	 -1.10616	  1.05594	 -1.95329	 -2.00536	  1.52925	  2.13972	  -0.0576	  0.05498	  0.07963
1.9	      7.9	  0.03793	 -1.03815	  0.90372	 -1.97738	 -2.01531	  1.37639	  2.25654	 -0.03937	  0.03427	   0.0522
1.9	      8.1	  0.02293	 -0.89172	  0.65038	 -1.99913	 -2.02206	   1.1037	  2.32732	 -0.02044	  0.01491	   0.0253
1.9	      8.3	  0.01108	 -0.67436	  0.34643	 -2.01664	 -2.02772	  0.75814	  2.29959	 -0.00747	  0.00384	   0.0084
1.9	      8.5	  0.00548	 -0.50519	  0.17483	   -2.029	 -2.03448	  0.53458	  2.30565	 -0.00277	  0.00096	  0.00293
1.9	      8.7	  0.00411	  -0.4148	  0.15374	 -2.04035	 -2.04446	  0.44237	   2.2032	  -0.0017	  0.00063	  0.00182
1.9	      8.9	  0.00361	 -0.33441	   0.2064	 -2.05601	 -2.05962	  0.39298	  2.08929	 -0.00121	  0.00074	  0.00142
1.9	      9.1	  0.00344	 -0.25255	  0.27876	 -2.07824	 -2.08168	  0.37615	  2.04742	 -0.00087	  0.00096	  0.00129
1.9	      9.3	  0.00359	 -0.15385	  0.35965	 -2.10843	 -2.11202	  0.39117	  2.08385	 -0.00055	  0.00129	  0.00141
1.9	      9.5	  0.00352	 -0.04231	  0.42533	 -2.14807	 -2.15159	  0.42743	  2.29993	 -0.00015	   0.0015	   0.0015
1.9	      9.7	  0.00329	 -0.01124	   0.4635	 -2.19763	 -2.20092	  0.46363	  2.57921	   -4e-05	  0.00153	  0.00153
1.9	      9.9	  0.00353	     0.05	  0.51667	  -2.2565	 -2.26003	  0.51908	  2.79065	  0.00018	  0.00182	  0.00183
1.9	     10.1	  0.00379	   0.1225	  0.57553	 -2.32468	 -2.32847	  0.58842	  3.05332	  0.00046	  0.00218	  0.00223
1.9	     10.3	  0.00405	  0.19426	  0.63167	  -2.4013	 -2.40535	  0.66086	  3.31615	  0.00079	  0.00256	  0.00268
1.9	     10.5	  0.00422	  0.25346	  0.67412	 -2.48511	 -2.48933	   0.7202	  3.54156	  0.00107	  0.00284	  0.00304
1.9	     10.7	  0.00439	  0.29736	  0.70749	 -2.57436	 -2.57875	  0.76744	  3.69606	  0.00131	  0.00311	  0.00337
1.9	     10.9	  0.00462	  0.33362	  0.73548	 -2.66706	 -2.67168	  0.80761	  3.79468	  0.00154	   0.0034	  0.00373
1.9	     11.1	    0.009	  0.26049	  0.43908	   -2.757	   -2.766	  0.51054	  1.71802	  0.00234	  0.00395	   0.0046
1.9	     11.3	  0.10238	 -0.10433	  0.06687	 -2.75715	 -2.85953	  0.12392	  0.12365	 -0.01068	  0.00685	  0.01269
1.9	     11.5	  0.19365	 -0.18368	  0.06384	 -2.75648	 -2.95013	  0.19446	  0.14109	 -0.03557	  0.01236	  0.03766
1.9	     11.7	  0.27824	 -0.21775	  0.07225	 -2.75757	 -3.03581	  0.22942	  0.13887	 -0.06059	   0.0201	  0.06383
1.9	     11.9	  0.35604	  -0.2039	  0.07343	 -2.75878	 -3.11482	  0.21672	  0.11596	 -0.07259	  0.02614	  0.07716
1.9	     12.1	  0.42524	 -0.09679	  0.05928	 -2.76049	 -3.18573	   0.1135	  0.05557	 -0.04116	  0.02521	  0.04827
1.9	     12.3	  0.48607	  0.14081	  0.02025	 -2.76144	 -3.24751	  0.14225	  0.06515	  0.06844	  0.00984	  0.06915
1.9	     12.5	  0.53895	    0.517	 -0.01095	 -2.76064	 -3.29959	  0.51711	  0.22489	  0.27864	  -0.0059	   0.2787
1.9	     12.7	   0.5856	  0.86727	 -0.00733	 -2.75625	 -3.34185	   0.8673	  0.36185	  0.50787	 -0.00429	  0.50789

2.1	      0.1	  0.00393	  0.42063	  0.00558	 -0.11721	 -0.12114	  0.42067	  2.14226	  0.00165	    2e-05	  0.00165
2.1	      0.3	  0.00237	  0.21075	  0.42923	 -0.20086	-0.203225	  0.47817	   3.1363	   0.0005	  0.00102	  0.00113
2.1	      0.5	  0.00297	  0.15539	  0.49362	 -0.27481	 -0.27778	   0.5175	  3.03045	  0.00046	  0.00147	  0.00154
2.1	      0.7	  0.00393	  0.10391	  0.52829	 -0.33966	-0.343597	  0.53841	  2.74045	  0.00041	  0.00208	  0.00212
2.1	      0.9	  0.00652	  0.01203	  0.58639	 -0.39338	  -0.3999	  0.58652	  2.31826	    8e-05	  0.00383	  0.00383
2.1	      1.1	  0.01357	 -0.27358	  0.68711	 -0.43281	-0.446379	  0.73957	  2.02722	 -0.00371	  0.00932	  0.01003
2.1	      1.3	  0.02142	 -0.54504	  0.72931	 -0.46179	-0.483207	  0.91047	  1.98619	 -0.01167	  0.01562	   0.0195
2.1	      1.5	  0.02461	 -0.69125	  0.68776	 -0.48642	-0.511031	  0.97511	  1.98462	 -0.01701	  0.01692	    0.024
2.1	      1.7	  0.02161	 -0.73846	  0.57318	 -0.50933	-0.530941	   0.9348	   2.0303	 -0.01596	  0.01239	   0.0202
2.1	      1.9	  0.01489	 -0.70743	  0.38412	 -0.52952	-0.544416	  0.80499	  2.10614	 -0.01053	  0.00572	  0.01199
2.1	      2.1	  0.00847	 -0.62079	  0.18466	 -0.54478	-0.553251	  0.64767	  2.24642	 -0.00526	  0.00156	  0.00549
2.1	      2.3	  0.00589	 -0.55965	  0.10631	 -0.55358	-0.559469	  0.56966	  2.37074	 -0.00329	  0.00063	  0.00335
2.1	      2.5	  0.00478	 -0.50958	  0.09486	 -0.56044	-0.565221	  0.51834	  2.39393	 -0.00244	  0.00045	  0.00248
2.1	      2.7	  0.00425	 -0.45596	  0.11647	 -0.56844	-0.572683	   0.4706	  2.30541	 -0.00194	  0.00049	    0.002
2.1	      2.9	  0.00389	 -0.39208	  0.16563	 -0.58006	-0.583944	  0.42563	  2.17975	 -0.00152	  0.00064	  0.00165
2.1	      3.1	   0.0036	 -0.31591	  0.23123	 -0.59731	-0.600909	  0.39149	  2.08286	 -0.00114	  0.00083	  0.00141
2.1	      3.3	  0.00353	 -0.23156	  0.30556	 -0.62167	-0.625201	  0.38339	  2.05889	 -0.00082	  0.00108	  0.00136
2.1	      3.5	  0.00372	 -0.12684	  0.38647	 -0.65436	-0.658084	  0.40676	  2.12927	 -0.00047	  0.00144	  0.00151
2.1	      3.7	  0.00337	  -0.0289	  0.43406	 -0.69703	-0.700399	  0.43503	  2.39173	  -0.0001	  0.00146	  0.00147
2.1	      3.9	  0.00339	  0.00844	     0.48	 -0.74913	-0.752523	  0.48007	  2.63308	    3e-05	  0.00163	  0.00163
2.1	      4.1	  0.00361	  0.07205	  0.53526	 -0.81074	-0.814352	  0.54008	  2.86868	  0.00026	  0.00193	  0.00195
2.1	      4.3	   0.0039	  0.14432	  0.59538	  -0.8814	-0.885305	  0.61262	  3.13175	  0.00056	  0.00232	  0.00239
2.1	      4.5	  0.00409	  0.21271	  0.64487	 -0.96026	-0.964351	  0.67905	  3.38875	  0.00087	  0.00264	  0.00278
2.1	      4.7	  0.00428	  0.26792	  0.68503	 -1.04579	 -1.05007	  0.73556	  3.59031	  0.00115	  0.00293	  0.00315
2.1	      4.9	  0.00449	  0.31019	  0.71919	  -1.1362	 -1.14069	  0.78323	  3.73093	  0.00139	  0.00323	  0.00352
2.1	      5.1	  0.00475	  0.34176	  0.74932	 -1.22948	 -1.23423	  0.82357	  3.81586	  0.00162	  0.00356	  0.00391
2.1	      5.3	  0.00507	  0.35951	  0.77197	 -1.32347	 -1.32854	  0.85158	  3.81971	  0.00182	  0.00391	  0.00431
2.1	      5.5	  0.00544	  0.36027	  0.79055	 -1.41602	 -1.42146	  0.86877	  3.76136	  0.00196	   0.0043	  0.00472
2.1	      5.7	  0.00587	  0.35184	   0.8038	 -1.50499	 -1.51086	  0.87743	  3.65509	  0.00207	  0.00472	  0.00515
2.1	      5.9	  0.00641	  0.33031	  0.81284	  -1.5884	 -1.59481	  0.87739	  3.49943	  0.00212	  0.00521	  0.00562
2.1	      6.1	  0.00708	  0.29089	  0.81333	 -1.66456	 -1.67164	  0.86378	  3.27734	  0.00206	  0.00576	  0.00612
2.1	      6.3	  0.00867	  0.19489	  0.79231	 -1.73137	 -1.74004	  0.81593	  2.79832	  0.00169	  0.00687	  0.00707
2.1	      6.5	  0.02019	 -0.19265	  0.90832	 -1.77891	  -1.7991	  0.92852	  2.08645	 -0.00389	  0.01834	  0.01875
2.1	      6.7	  0.03985	 -0.68182	  1.05324	 -1.80853	 -1.84838	  1.25467	   2.0067	 -0.02717	  0.04197	     0.05
2.1	      6.9	  0.05551	 -0.94818	  1.13166	 -1.83239	  -1.8879	  1.47638	  2.00063	 -0.05264	  0.06282	  0.08196
2.1	      7.1	  0.05955	 -1.07753	  1.16301	 -1.85865	  -1.9182	  1.58545	   2.0743	 -0.06417	  0.06926	  0.09442
2.1	      7.3	  0.05935	 -1.12295	  1.12734	 -1.88087	 -1.94022	   1.5912	  2.08534	 -0.06665	  0.06691	  0.09444
2.1	      7.5	  0.05067	 -1.10025	  1.05342	 -1.90468	 -1.95535	  1.52324	  2.16059	 -0.05575	  0.05337	  0.07718
2.1	      7.7	  0.03664	 -1.02055	  0.90301	 -1.92867	 -1.96531	   1.3627	  2.27303	 -0.03739	  0.03308	  0.04993
2.1	      7.9	    0.022	  -0.8701	  0.64297	 -1.95006	 -1.97206	  1.08189	  2.32863	 -0.01915	  0.01415	  0.02381
2.1	      8.1	  0.01067	 -0.66505	   0.3334	 -1.96705	 -1.97772	  0.74394	  2.29975	 -0.00709	  0.00356	  0.00794
2.1	      8.3	  0.00535	 -0.50262	  0.16929	 -1.97913	 -1.98448	  0.53036	  2.31583	 -0.00269	  0.00091	  0.00284
2.1	      8.5	  0.00409	 -0.41391	  0.15194	 -1.99037	 -1.99446	  0.44092	  2.20188	 -0.00169	  0.00062	   0.0018
2.1	      8.7	   0.0036	 -0.33399	  0.20635	 -2.00602	 -2.00962	  0.39259	  2.09046	  -0.0012	  0.00074	  0.00141
2.1	      8.9	  0.00345	 -0.25317	  0.27887	 -2.02823	 -2.03168	  0.37665	  2.04658	 -0.00087	  0.00096	   0.0013
2.1	      9.1	   0.0036	 -0.15425	  0.35992	 -2.05842	 -2.06202	  0.39159	  2.08449	 -0.00055	  0.00129	  0.00141
2.1	      9.3	  0.00352	 -0.04243	  0.42553	 -2.09807	 -2.10159	  0.42764	  2.30026	 -0.00015	   0.0015	  0.00151
2.1	      9.5	  0.00329	 -0.01128	   0.4636	 -2.14763	 -2.15092	  0.46374	   2.5795	   -4e-05	  0.00153	  0.00153
2.1	      9.7	  0.00353	  0.05003	  0.51674	  -2.2065	 -2.21003	  0.51916	  2.79052	  0.00018	  0.00182	  0.00183
2.1	      9.9	  0.00379	  0.12257	  0.57559	 -2.27468	 -2.27847	   0.5885	  3.05327	  0.00046	  0.00218	  0.00223
2.1	     10.1	  0.00405	  0.19429	  0.63172	  -2.3513	 -2.35535	  0.66092	  3.31635	  0.00079	  0.00256	  0.00268
2.1	     10.3	  0.00422	  0.25342	  0.67431	 -2.43511	 -2.43933	  0.72036	  3.53985	  0.00107	  0.00285	  0.00304
2.1	     10.5	  0.00442	  0.29978	  0.70881	 -2.52433	 -2.52875	  0.76959	   3.6962	  0.00132	  0.00313	   0.0034
2.1	     10.7	  0.00468	  0.33122	  0.74565	   -2.617	 -2.62168	   0.8159	  3.80728	  0.00155	  0.00349	  0.00382
2.1	     10.9	   0.0054	  0.38348	  0.65231	 -2.71059	 -2.71599	  0.75668	  3.28688	  0.00207	  0.00352	  0.00409
2.1	     11.1	  0.05096	  0.03934	  0.09665	 -2.75856	 -2.80952	  0.10435	  0.14759	    0.002	  0.00493	  0.00532
2.1	     11.3	  0.14475	 -0.12957	  0.02357	 -2.75538	 -2.90013	  0.13169	  0.11052	 -0.01875	  0.00341	  0.01906
2.1	     11.5	  0.22955	 -0.19446	  0.03021	 -2.75626	 -2.98581	  0.19679	  0.13114	 -0.04464	  0.00694	  0.04517
2.1	     11.7	  0.30726	  -0.2262	  0.03714	 -2.75756	 -3.06482	  0.22923	  0.13203	  -0.0695	  0.01141	  0.07043
2.1	     11.9	  0.37638	 -0.21196	  0.03957	 -2.75935	 -3.13573	  0.21562	  0.11221	 -0.07978	  0.01489	  0.08115
2.1	     12.1	  0.43595	 -0.08419	  0.02506	 -2.76156	 -3.19751	  0.08784	  0.04248	  -0.0367	  0.01092	   0.0383
2.1	     12.3	  0.48685	  0.17841	 -0.01079	 -2.76274	 -3.24959	  0.17874	  0.08179	  0.08686	 -0.00525	  0.08702
2.1	     12.5	  0.53159	  0.52941	 -0.03652	 -2.76026	 -3.29185	  0.53067	  0.23238	  0.28143	 -0.01941	   0.2821
2.1	     12.7	  0.56805	   0.8575	 -0.01355	 -2.75664	 -3.32469	  0.85761	   0.3633	  0.48711	  -0.0077	  0.48717

2.3	      0.1	   0.0042	  0.38654	  0.00644	 -0.14902	-0.153225	   0.3866	  1.90352	  0.00163	    3e-05	  0.00163
2.3	      0.3	  0.00261	  0.17901	  0.42486	 -0.22517	 -0.22778	  0.46103	  2.88206	  0.00047	  0.00111	   0.0012
2.3	      0.5	   0.0033	  0.09998	  0.47731	  -0.2903	-0.293597	  0.48767	  2.71186	  0.00033	  0.00157	  0.00161
2.3	      0.7	  0.00549	   0.0133	  0.54016	 -0.34441	  -0.3499	  0.54032	    2.329	    7e-05	  0.00296	  0.00296
2.3	      0.9	  0.01156	 -0.24568	  0.64074	 -0.38482	-0.396379	  0.68622	    2.038	 -0.00284	  0.00741	  0.00793
2.3	      1.1	   0.0189	 -0.51618	  0.68315	 -0.41431	-0.433207	  0.85623	  1.98841	 -0.00976	  0.01291	  0.01618
2.3	      1.3	   0.0221	 -0.66537	  0.63917	 -0.43893	-0.461031	  0.92263	  1.98138	 -0.01471	  0.01413	  0.02039
2.3	      1.5	  0.01934	 -0.71503	  0.52012	  -0.4616	-0.480941	  0.88419	  2.02999	 -0.01383	  0.01006	   0.0171
2.3	      1.7	  0.01333	 -0.68548	  0.33804	 -0.48109	-0.494416	   0.7643	  2.11351	 -0.00914	  0.00451	  0.01019
2.3	      1.9	  0.00794	 -0.61014	  0.16303	 -0.49531	-0.503251	  0.63155	  2.26337	 -0.00484	  0.00129	  0.00501
2.3	      2.1	  0.00576	  -0.5574	   0.1017	 -0.50371	-0.509469	   0.5666	   2.3829	 -0.00321	  0.00059	  0.00327
2.3	      2.3	  0.00477	 -0.50951	  0.09362	 -0.51045	-0.515221	  0.51804	  2.39508	 -0.00243	  0.00045	  0.00247
2.3	      2.5	  0.00424	 -0.45599	  0.11678	 -0.51844	-0.522683	  0.47071	   2.3067	 -0.00194	   0.0005	    0.002
2.3	      2.7	  0.00389	 -0.39223	  0.16577	 -0.53005	-0.533944	  0.42583	  2.17974	 -0.00153	  0.00064	  0.00166
2.3	      2.9	   0.0036	 -0.31591	  0.23126	 -0.54731	-0.550909	  0.39151	  2.08299	 -0.00114	  0.00083	  0.00141
2.3	      3.1	  0.00353	 -0.23154	  0.30556	 -0.57167	-0.575202	  0.38338	  2.05887	 -0.00082	  0.00108	  0.00136
2.3	      3.3	  0.00372	 -0.12683	  0.38645	 -0.60436	-0.608084	  0.40674	  2.12921	 -0.00047	  0.00144	  0.00151
2.3	      3.5	  0.00337	  -0.0289	  0.43405	 -0.64703	-0.650399	  0.43501	  2.39171	  -0.0001	  0.00146	  0.00147
2.3	      3.7	  0.00339	  0.00844	  0.47999	 -0.69913	-0.702523	  0.48006	  2.63307	    3e-05	  0.00163	  0.00163
2.3	      3.9	  0.00361	  0.07205	  0.53525	 -0.76074	-0.764352	  0.54008	  2.86867	  0.00026	  0.00193	  0.00195
2.3	      4.1	   0.0039	  0.14431	  0.59537	  -0.8314	-0.835305	  0.61261	  3.13174	  0.00056	  0.00232	  0.00239
2.3	      4.3	  0.00409	  0.21274	  0.64489	 -0.91026	-0.914351	  0.67907	  3.38878	  0.00087	  0.00264	  0.00278
2.3	      4.5	  0.00428	  0.26784	  0.68498	 -0.99578	 -1.00006	  0.73548	     3.59	  0.00115	  0.00293	  0.00315
2.3	      4.7	  0.00449	  0.31014	  0.71923	  -1.0862	 -1.09069	  0.78325	  3.73113	  0.00139	  0.00323	  0.00352
2.3	      4.9	  0.00475	  0.34179	  0.74932	 -1.17948	 -1.18423	  0.82359	  3.81585	  0.00162	  0.00356	  0.00391
2.3	      5.1	  0.00507	  0.35949	  0.77199	 -1.27347	 -1.27854	  0.85159	  3.81983	  0.00182	  0.00391	  0.00431
2.3	      5.3	  0.00544	  0.36022	  0.79041	 -1.36602	 -1.37146	  0.86862	  3.76128	  0.00196	   0.0043	  0.00472
2.3	      5.5	  0.00588	  0.35203	  0.80389	 -1.45498	 -1.46086	  0.87759	  3.65501	  0.00207	  0.00472	  0.00516
2.3	      5.7	  0.00642	  0.33095	  0.81317	 -1.53839	 -1.54481	  0.87794	  3.49841	  0.00212	  0.00522	  0.00564
2.3	      5.9	  0.00711	  0.29268	  0.81539	 -1.61453	 -1.62164	  0.86633	  3.27914	  0.00208	   0.0058	  0.00616
2.3	      6.1	  0.00861	  0.19995	  0.79618	 -1.68143	 -1.69004	   0.8209	  2.82472	  0.00172	  0.00685	  0.00707
2.3	      6.3	   0.0192	 -0.15872	   0.8988	  -1.7299	  -1.7491	  0.91271	  2.10304	 -0.00305	  0.01726	  0.01752
2.3	      6.5	  0.03831	 -0.65519	   1.0386	 -1.76007	 -1.79838	  1.22799	  2.00298	  -0.0251	  0.03979	  0.04705
2.3	      6.7	  0.05427	 -0.92868	  1.11644	 -1.78363	  -1.8379	  1.45221	  1.99028	  -0.0504	  0.06059	  0.07881
2.3	      6.9	  0.05884	 -1.06472	  1.14928	 -1.80936	  -1.8682	  1.56668	  2.06214	 -0.06265	  0.06762	  0.09218
2.3	      7.1	  0.05855	 -1.10442	  1.11694	 -1.83167	 -1.89022	  1.57077	   2.0726	 -0.06466	   0.0654	  0.09197
2.3	      7.3	  0.04973	 -1.07765	  1.04314	 -1.85562	 -1.90535	  1.49982	  2.14733	 -0.05359	  0.05187	  0.07458
2.3	      7.5	  0.03578	 -0.99853	  0.88701	 -1.87953	 -1.91531	  1.33561	  2.25443	 -0.03573	  0.03174	  0.04779
2.3	      7.7	  0.02116	 -0.85279	  0.61916	  -1.9009	 -1.92206	  1.05385	  2.31322	 -0.01804	   0.0131	   0.0223
2.3	      7.9	  0.01009	 -0.65193	   0.3115	 -1.91763	 -1.92772	  0.72252	  2.29609	 -0.00658	  0.00314	  0.00729
2.3	      8.1	  0.00519	 -0.49769	   0.1625	 -1.92929	 -1.93448	  0.52355	  2.31926	 -0.00259	  0.00084	  0.00272
2.3	      8.3	  0.00407	 -0.41297	  0.14995	 -1.94039	 -1.94446	  0.43935	  2.20011	 -0.00168	  0.00061	  0.00179
2.3	      8.5	  0.00359	 -0.33374	  0.20597	 -1.95603	 -1.95962	  0.39218	  2.09054	  -0.0012	  0.00074	  0.00141
2.3	      8.7	  0.00346	 -0.25335	  0.27891	 -1.97822	 -1.98168	   0.3768	  2.04658	 -0.00088	  0.00096	   0.0013
2.3	      8.9	   0.0036	 -0.15434	  0.36004	 -2.00842	 -2.01202	  0.39173	  2.08496	 -0.00056	   0.0013	  0.00141
2.3	      9.1	  0.00352	 -0.04247	  0.42558	 -2.04807	 -2.05159	   0.4277	  2.30041	 -0.00015	   0.0015	  0.00151
2.3	      9.3	  0.00329	 -0.01129	  0.46363	 -2.09763	 -2.10092	  0.46376	  2.57959	   -4e-05	  0.00153	  0.00153
2.3	      9.5	  0.00353	  0.05003	  0.51676	  -2.1565	 -2.16003	  0.51918	  2.79049	  0.00018	  0.00182	  0.00183
2.3	      9.7	  0.00379	   0.1226	  0.57559	 -2.22468	 -2.22847	   0.5885	  3.05314	  0.00046	  0.00218	  0.00223
2.3	      9.9	  0.00405	  0.19429	  0.63193	  -2.3013	 -2.30535	  0.66112	  3.31652	  0.00079	  0.00256	  0.00268
2.3	     10.1	  0.00422	  0.25364	  0.67406	 -2.38511	 -2.38933	   0.7202	  3.53942	  0.00107	  0.00284	  0.00304
2.3	     10.3	  0.00442	  0.29895	  0.70981	 -2.47433	 -2.47875	   0.7702	  3.69758	  0.00132	  0.00314	  0.00341
2.3	     10.5	  0.00467	  0.33451	  0.74072	 -2.56701	 -2.57168	  0.81275	  3.79715	  0.00156	  0.00346	   0.0038
2.3	     10.7	  0.00498	  0.35501	  0.76431	 -2.66102	   -2.666	  0.84274	  3.81386	  0.00177	   0.0038	  0.00419
2.3	     10.9	  0.00833	  0.31749	  0.48321	  -2.7512	 -2.75953	  0.57818	  2.02285	  0.00264	  0.00402	  0.00482
2.3	     11.1	  0.09633	 -0.00062	  0.00815	  -2.7538	 -2.85013	  0.00817	  0.00841	   -6e-05	  0.00078	  0.00079
2.3	     11.3	  0.18203	 -0.11885	 -0.01776	 -2.75378	 -2.93581	  0.12016	  0.08992	 -0.02163	 -0.00323	  0.02187
2.3	     11.5	  0.26003	 -0.19275	 -0.01844	 -2.75479	 -3.01482	  0.19363	  0.12124	 -0.05012	 -0.00479	  0.05035
2.3	     11.7	  0.32889	 -0.22923	  -0.0153	 -2.75684	 -3.08573	  0.22974	   0.1279	 -0.07539	 -0.00503	  0.07556
2.3	     11.9	  0.38821	  -0.2144	 -0.01423	  -2.7593	 -3.14751	  0.21487	   0.1101	 -0.08323	 -0.00553	  0.08341
2.3	     12.1	  0.43766	 -0.06287	 -0.03185	 -2.76193	 -3.19959	  0.07048	  0.03402	 -0.02752	 -0.01394	  0.03085
2.3	     12.3	  0.47925	  0.21365	 -0.05503	  -2.7626	 -3.24185	  0.22062	  0.10175	  0.10239	 -0.02637	  0.10573
2.3	     12.5	  0.51574	  0.53855	 -0.06515	 -2.75895	 -3.27469	  0.54248	  0.24117	  0.27775	  -0.0336	  0.27978
2.3	     12.7	    0.543	  0.83606	 -0.02117	 -2.75594	 -3.29894	  0.83632	  0.36236	  0.45398	  -0.0115	  0.45412

2.5	      0.1	   0.0046	  0.33026	  0.00786	 -0.17318	 -0.17778	  0.33035	  1.55459	  0.00152	    4e-05	  0.00152
2.5	      0.3	  0.00287	  0.12549	  0.40515	 -0.24073	-0.243597	  0.42414	  2.52818	  0.00036	  0.00116	  0.00122
2.5	      0.5	  0.00461	  0.02098	  0.49402	 -0.29529	  -0.2999	  0.49446	  2.32506	   0.0001	  0.00228	  0.00228
2.5	      0.7	  0.00962	 -0.21063	  0.59462	 -0.33676	-0.346379	  0.63083	  2.05386	 -0.00203	  0.00572	  0.00607
2.5	      0.9	  0.01634	 -0.47759	  0.63403	 -0.36687	-0.383207	  0.79378	  1.98288	  -0.0078	  0.01036	  0.01297
2.5	      1.1	  0.01972	 -0.63613	  0.58833	 -0.39131	-0.411031	  0.86648	   1.9698	 -0.01255	   0.0116	  0.01709
2.5	      1.3	  0.01715	 -0.68956	  0.46627	 -0.41379	-0.430941	  0.83241	   2.0295	 -0.01183	    0.008	  0.01427
2.5	      1.5	  0.01187	  -0.6631	  0.29339	 -0.43255	-0.444416	  0.72511	  2.12501	 -0.00787	  0.00348	  0.00861
2.5	      1.7	  0.00752	 -0.60211	  0.14698	 -0.44573	-0.453251	  0.61979	  2.28126	 -0.00453	  0.00111	  0.00466
2.5	      1.9	  0.00567	 -0.55566	  0.09836	  -0.4538	-0.459469	   0.5643	  2.39221	 -0.00315	  0.00056	   0.0032
2.5	      2.1	  0.00476	 -0.50939	  0.09268	 -0.46046	-0.465221	  0.51775	  2.39591	 -0.00242	  0.00044	  0.00246
2.5	      2.3	  0.00424	 -0.45588	  0.11698	 -0.46844	-0.472683	  0.47064	  2.30735	 -0.00193	   0.0005	    0.002
2.5	      2.5	  0.00389	 -0.39229	  0.16584	 -0.48005	-0.483944	  0.42591	  2.17958	 -0.00153	  0.00065	  0.00166
2.5	      2.7	   0.0036	 -0.31588	  0.23127	 -0.49731	-0.500909	  0.39149	  2.08303	 -0.00114	  0.00083	  0.00141
2.5	      2.9	  0.00353	 -0.23151	  0.30553	 -0.52167	-0.525201	  0.38334	  2.05875	 -0.00082	  0.00108	  0.00135
2.5	      3.1	  0.00372	 -0.12681	  0.38644	 -0.55436	-0.558084	  0.40671	   2.1292	 -0.00047	  0.00144	  0.00151
2.5	      3.3	  0.00337	 -0.02889	  0.43403	 -0.59703	-0.600399	  0.43499	  2.39169	  -0.0001	  0.00146	  0.00147
2.5	      3.5	  0.00339	  0.00845	  0.47997	 -0.64913	-0.652523	  0.48005	  2.63306	    3e-05	  0.00163	  0.00163
2.5	      3.7	  0.00361	  0.07205	  0.53524	 -0.71074	-0.714352	  0.54006	  2.86867	  0.00026	  0.00193	  0.00195
2.5	      3.9	   0.0039	  0.14431	  0.59537	  -0.7814	-0.785305	  0.61261	  3.13174	  0.00056	  0.00232	  0.00239
2.5	      4.1	  0.00409	  0.21273	  0.64486	 -0.86026	-0.864351	  0.67904	  3.38876	  0.00087	  0.00264	  0.00278
2.5	      4.3	  0.00428	  0.26785	    0.685	 -0.94579	-0.950065	  0.73551	  3.59014	  0.00115	  0.00293	  0.00315
2.5	      4.5	  0.00449	  0.31025	  0.71918	  -1.0362	 -1.04069	  0.78325	  3.73112	  0.00139	  0.00323	  0.00352
2.5	      4.7	  0.00475	   0.3418	   0.7493	 -1.12948	 -1.13423	  0.82358	   3.8159	  0.00162	  0.00356	  0.00391
2.5	      4.9	  0.00507	   0.3595	  0.77197	 -1.22347	 -1.22854	  0.85158	  3.81983	  0.00182	  0.00391	  0.00431
2.5	      5.1	  0.00544	  0.36021	   0.7904	 -1.31602	 -1.32146	  0.86861	  3.76128	  0.00196	   0.0043	  0.00472
2.5	      5.3	  0.00588	    0.352	  0.80387	 -1.40498	 -1.41086	  0.87756	  3.65513	  0.00207	  0.00472	  0.00516
2.5	      5.5	  0.00642	  0.33091	  0.81299	 -1.48839	 -1.49481	  0.87776	  3.49814	  0.00212	  0.00522	  0.00563
2.5	      5.7	  0.00711	  0.29306	  0.81563	 -1.56453	 -1.57164	  0.86668	  3.28071	  0.00208	   0.0058	  0.00617
2.5	      5.9	  0.00852	  0.20383	  0.79795	 -1.63152	 -1.64004	  0.82358	  2.84831	  0.00174	   0.0068	  0.00702
2.5	      6.1	  0.01823	 -0.12478	  0.88872	 -1.68087	  -1.6991	  0.89744	  2.12189	 -0.00228	  0.01621	  0.01636
2.5	      6.3	  0.03689	 -0.62366	  1.02435	 -1.71149	 -1.74838	  1.19927	   1.9935	 -0.02301	  0.03779	  0.04424
2.5	      6.5	  0.05286	 -0.90973	  1.10164	 -1.73504	  -1.7879	  1.42871	  1.98393	 -0.04809	  0.05824	  0.07553
2.5	      6.7	  0.05791	 -1.04736	  1.13561	 -1.76029	  -1.8182	  1.54485	   2.0497	 -0.06065	  0.06576	  0.08946
2.5	      6.9	  0.05709	 -1.08879	  1.10482	 -1.78313	 -1.84022	  1.55115	  2.07272	 -0.06216	  0.06307	  0.08855
2.5	      7.1	  0.04824	 -1.06322	  1.02582	 -1.80712	 -1.85536	  1.47742	  2.14776	 -0.05128	  0.04948	  0.07126
2.5	      7.3	  0.03444	 -0.98546	  0.86238	 -1.83087	 -1.86531	  1.30951	  2.25281	 -0.03394	   0.0297	   0.0451
2.5	      7.5	  0.02011	 -0.83834	  0.58583	 -1.85195	 -1.87206	  1.02275	   2.3028	 -0.01686	  0.01178	  0.02056
2.5	      7.7	  0.00942	 -0.63566	  0.28388	  -1.8683	 -1.87772	  0.69617	  2.28972	 -0.00599	  0.00268	  0.00656
2.5	      7.9	  0.00504	 -0.49357	  0.15539	 -1.87944	 -1.88448	  0.51745	  2.32621	 -0.00249	  0.00078	  0.00261
2.5	      8.1	  0.00405	 -0.41226	  0.14807	 -1.89041	 -1.89446	  0.43805	  2.19869	 -0.00167	   0.0006	  0.00177
2.5	      8.3	  0.00358	 -0.33369	  0.20575	 -1.90604	 -1.90962	  0.39202	  2.09104	  -0.0012	  0.00074	   0.0014
2.5	      8.5	  0.00346	 -0.25358	  0.27908	 -1.92822	 -1.93168	  0.37707	  2.04698	 -0.00088	  0.00097	   0.0013
2.5	      8.7	   0.0036	 -0.15451	  0.36025	 -1.95842	 -1.96202	  0.39199	  2.08542	 -0.00056	   0.0013	  0.00141
2.5	      8.9	  0.00353	 -0.04253	  0.42577	 -1.99806	 -2.00159	  0.42789	  2.30058	 -0.00015	   0.0015	  0.00151
2.5	      9.1	   0.0033	 -0.01131	  0.46377	 -2.04762	 -2.05092	  0.46391	  2.57975	   -4e-05	  0.00153	  0.00153
2.5	      9.3	  0.00353	  0.05003	  0.51686	  -2.1065	 -2.11003	  0.51928	  2.79053	  0.00018	  0.00182	  0.00183
2.5	      9.5	  0.00379	   0.1226	  0.57567	 -2.17468	 -2.17847	  0.58858	  3.05319	  0.00046	  0.00218	  0.00223
2.5	      9.7	  0.00405	  0.19431	  0.63194	  -2.2513	 -2.25535	  0.66114	   3.3165	  0.00079	  0.00256	  0.00268
2.5	      9.9	  0.00422	  0.25358	  0.67412	 -2.33511	 -2.33933	  0.72023	  3.53948	  0.00107	  0.00285	  0.00304
2.5	     10.1	  0.00443	  0.29917	  0.70997	 -2.42432	 -2.42875	  0.77043	  3.69771	  0.00132	  0.00314	  0.00341
2.5	     10.3	  0.00466	  0.33434	  0.73976	 -2.51702	 -2.52168	  0.81181	  3.79633	  0.00156	  0.00345	  0.00378
2.5	     10.5	  0.00498	  0.35324	  0.76986	 -2.61101	 -2.61599	  0.84703	  3.83036	  0.00176	  0.00384	  0.00422
2.5	     10.7	  0.00568	  0.38243	  0.70005	 -2.70385	 -2.70953	   0.7977	  3.38047	  0.00217	  0.00397	  0.00453
2.5	     10.9	  0.04132	  0.14186	  0.08037	 -2.75881	 -2.80013	  0.16305	  0.25609	  0.00586	  0.00332	  0.00674
2.5	     11.1	  0.13329	   0.0159	 -0.05288	 -2.75252	 -2.88581	  0.05522	  0.04829	  0.00212	 -0.00705	  0.00736
2.5	     11.3	  0.21186	 -0.09461	 -0.06815	 -2.75296	 -2.96482	   0.1166	  0.08088	 -0.02004	 -0.01444	   0.0247
2.5	     11.5	  0.28161	 -0.17635	 -0.07733	 -2.75412	 -3.03573	  0.19256	  0.11585	 -0.04966	 -0.02178	  0.05423
2.5	     11.7	   0.3415	 -0.22104	 -0.08281	 -2.75601	 -3.09751	  0.23604	  0.12896	 -0.07548	 -0.02828	  0.08061
2.5	     11.9	  0.39113	 -0.21255	 -0.08632	 -2.75846	 -3.14959	  0.22941	  0.11712	 -0.08313	 -0.03376	  0.08973
2.5	     12.1	  0.43056	 -0.04325	 -0.09885	 -2.76129	 -3.19185	   0.1079	   0.0525	 -0.01862	 -0.04256	  0.04646
2.5	     12.3	  0.46357	  0.23387	 -0.10411	 -2.76112	 -3.22469	    0.256	  0.12005	  0.10842	 -0.04826	  0.11867
2.5	     12.5	  0.49173	  0.54282	 -0.09626	 -2.75721	 -3.24894	  0.55129	    0.251	  0.26692	 -0.04733	  0.27109
2.5	     12.7	  0.51183	  0.79805	 -0.02987	 -2.75404	 -3.26587	  0.79861	   0.3564	  0.40847	 -0.01529	  0.40876

2.7	      0.1	  0.00567	  0.21644	  0.01178	 -0.18793	-0.193597	  0.21676	   0.9193	  0.00123	    7e-05	  0.00123
2.7	      0.3	  0.00479	  0.05306	  0.46218	 -0.24511	  -0.2499	  0.46521	  2.14668	  0.00025	  0.00221	  0.00223
2.7	      0.5	  0.00825	 -0.16582	  0.56496	 -0.28813	-0.296379	  0.58879	  2.06967	 -0.00137	  0.00466	  0.00486
2.7	      0.7	   0.0137	 -0.42577	  0.58448	  -0.3195	-0.333207	  0.72311	  1.97215	 -0.00583	  0.00801	  0.00991
2.7	      0.9	  0.01724	 -0.60018	  0.53165	 -0.34379	-0.361031	  0.80178	   1.9496	 -0.01035	  0.00917	  0.01382
2.7	      1.1	  0.01498	 -0.66146	  0.40688	 -0.36596	-0.380941	  0.77658	  2.02574	 -0.00991	   0.0061	  0.01163
2.7	      1.3	  0.01056	 -0.64158	  0.25004	 -0.38386	-0.394416	  0.68858	  2.13954	 -0.00677	  0.00264	  0.00727
2.7	      1.5	  0.00717	 -0.59567	  0.13355	 -0.39608	-0.403251	  0.61046	  2.30111	 -0.00427	  0.00096	  0.00438
2.7	      1.7	   0.0056	 -0.55398	   0.0957	 -0.40387	-0.409469	  0.56218	  2.39908	  -0.0031	  0.00054	  0.00315
2.7	      1.9	  0.00475	 -0.50919	  0.09191	 -0.41047	-0.415221	  0.51742	  2.39682	 -0.00242	  0.00044	  0.00246
2.7	      2.1	  0.00424	  -0.4557	  0.11707	 -0.41845	-0.422683	   0.4705	  2.30781	 -0.00193	   0.0005	  0.00199
2.7	      2.3	  0.00389	 -0.39229	  0.16586	 -0.43005	-0.433944	  0.42592	  2.17943	 -0.00153	  0.00065	  0.00166
2.7	      2.5	   0.0036	 -0.31584	  0.23124	 -0.44731	-0.450909	  0.39145	  2.08303	 -0.00114	  0.00083	  0.00141
2.7	      2.7	  0.00353	 -0.23147	   0.3055	 -0.47167	-0.475201	  0.38329	  2.05865	 -0.00082	  0.00108	  0.00135
2.7	      2.9	  0.00372	 -0.12679	   0.3864	 -0.50437	-0.508084	  0.40667	  2.12914	 -0.00047	  0.00144	  0.00151
2.7	      3.1	  0.00337	 -0.02888	    0.434	 -0.54703	-0.550399	  0.43496	  2.39166	  -0.0001	  0.00146	  0.00147
2.7	      3.3	  0.00339	  0.00845	  0.47994	 -0.59914	-0.602523	  0.48002	  2.63303	    3e-05	  0.00163	  0.00163
2.7	      3.5	  0.00361	  0.07205	  0.53522	 -0.66074	-0.664352	  0.54004	  2.86865	  0.00026	  0.00193	  0.00195
2.7	      3.7	   0.0039	  0.14431	  0.59535	  -0.7314	-0.735305	  0.61259	  3.13173	  0.00056	  0.00232	  0.00239
2.7	      3.9	  0.00409	  0.21272	  0.64485	 -0.81026	-0.814351	  0.67904	  3.38876	  0.00087	  0.00264	  0.00278
2.7	      4.1	  0.00428	  0.26785	  0.68499	 -0.89579	-0.900065	  0.73549	  3.59015	  0.00115	  0.00293	  0.00315
2.7	      4.3	  0.00449	   0.3102	  0.71918	  -0.9862	 -0.99069	  0.78323	  3.73107	  0.00139	  0.00323	  0.00352
2.7	      4.5	  0.00475	  0.34178	   0.7493	 -1.07948	 -1.08423	  0.82357	  3.81585	  0.00162	  0.00356	  0.00391
2.7	      4.7	  0.00507	  0.35949	  0.77198	 -1.17347	 -1.17854	  0.85158	  3.81984	  0.00182	  0.00391	  0.00431
2.7	      4.9	  0.00544	  0.36021	  0.79039	 -1.26602	 -1.27146	   0.8686	  3.76126	  0.00196	   0.0043	  0.00472
2.7	      5.1	  0.00588	  0.35199	  0.80389	 -1.35498	 -1.36086	  0.87758	  3.65521	  0.00207	  0.00472	  0.00516
2.7	      5.3	  0.00642	  0.33091	  0.81292	 -1.43839	 -1.44481	  0.87769	  3.49801	  0.00212	  0.00522	  0.00563
2.7	      5.5	  0.00711	  0.29324	   0.8158	 -1.51453	 -1.52164	   0.8669	  3.28244	  0.00209	   0.0058	  0.00616
2.7	      5.7	  0.00842	  0.20884	  0.79867	 -1.58162	 -1.59004	  0.82553	  2.87212	  0.00176	  0.00673	  0.00695
2.7	      5.9	  0.01732	 -0.09453	  0.87912	 -1.63178	  -1.6491	  0.88419	  2.14518	 -0.00164	  0.01522	  0.01531
2.7	      6.1	  0.03532	 -0.59189	  1.01229	 -1.66306	 -1.69838	  1.17264	    1.992	 -0.02091	  0.03576	  0.04142
2.7	      6.3	  0.05134	  -0.8896	  1.08595	 -1.68656	  -1.7379	   1.4038	  1.97799	 -0.04568	  0.05576	  0.07208
2.7	      6.5	  0.05696	 -1.02956	  1.12035	 -1.71124	  -1.7682	  1.52157	  2.03546	 -0.05865	  0.06382	  0.08667
2.7	      6.7	  0.05568	 -1.07223	  1.09102	 -1.73454	 -1.79022	   1.5297	  2.06987	  -0.0597	  0.06074	  0.08517
2.7	      6.9	  0.04683	 -1.04772	  1.00725	 -1.75853	 -1.80536	  1.45337	  2.14431	 -0.04906	  0.04717	  0.06806
2.7	      7.1	  0.03319	 -0.97138	  0.83809	 -1.78212	 -1.81531	  1.28295	  2.24847	 -0.03224	  0.02781	  0.04258
2.7	      7.3	  0.01909	  -0.8233	  0.55595	 -1.80297	 -1.82206	  0.99343	  2.29548	 -0.01572	  0.01061	  0.01897
2.7	      7.5	  0.00884	 -0.62156	  0.26019	 -1.81888	 -1.82772	  0.67382	  2.28808	  -0.0055	   0.0023	  0.00596
2.7	      7.7	  0.00491	 -0.49045	  0.14904	 -1.82957	 -1.83448	  0.51259	  2.33638	 -0.00241	  0.00073	  0.00252
2.7	      7.9	  0.00405	  -0.4124	  0.14701	  -1.8404	 -1.84445	  0.43782	  2.19679	 -0.00167	   0.0006	  0.00177
2.7	      8.1	  0.00358	 -0.33386	  0.20606	 -1.85604	 -1.85962	  0.39233	  2.09284	  -0.0012	  0.00074	  0.00141
2.7	      8.3	  0.00347	 -0.25384	  0.27944	 -1.87821	 -1.88168	  0.37752	  2.04747	 -0.00088	  0.00097	  0.00131
2.7	      8.5	  0.00361	 -0.15467	  0.36053	 -1.90841	 -1.91202	   0.3923	  2.08586	 -0.00056	   0.0013	  0.00141
2.7	      8.7	  0.00353	 -0.04259	    0.426	 -1.94806	 -1.95159	  0.42813	   2.3008	 -0.00015	   0.0015	  0.00151
2.7	      8.9	   0.0033	 -0.01133	  0.46394	 -1.99762	 -2.00092	  0.46408	  2.57996	   -4e-05	  0.00153	  0.00153
2.7	      9.1	  0.00353	  0.05002	    0.517	  -2.0565	 -2.06003	  0.51942	  2.79062	  0.00018	  0.00183	  0.00183
2.7	      9.3	  0.00379	  0.12261	   0.5758	 -2.12468	 -2.12847	  0.58871	  3.05326	  0.00046	  0.00218	  0.00223
2.7	      9.5	  0.00405	  0.19434	  0.63201	  -2.2013	 -2.20535	  0.66121	   3.3165	  0.00079	  0.00256	  0.00268
2.7	      9.7	  0.00422	  0.25356	   0.6743	 -2.28511	 -2.28933	   0.7204	  3.53968	  0.00107	  0.00285	  0.00304
2.7	      9.9	  0.00442	  0.29937	  0.70965	 -2.37433	 -2.37875	  0.77021	  3.69709	  0.00132	  0.00314	  0.00341
2.7	     10.1	  0.00467	  0.33356	  0.74118	 -2.46701	 -2.47168	  0.81278	  3.79836	  0.00156	  0.00346	  0.00379
2.7	     10.3	  0.00496	  0.35641	  0.76523	 -2.56104	   -2.566	  0.84416	  3.82537	  0.00177	   0.0038	  0.00419
2.7	     10.5	  0.00534	  0.36036	  0.78621	 -2.65418	 -2.65952	  0.86486	   3.7776	  0.00193	   0.0042	  0.00462
2.7	     10.7	  0.00737	   0.3617	  0.56485	 -2.74276	 -2.75013	  0.67073	  2.49429	  0.00267	  0.00416	  0.00494
2.7	     10.9	  0.08316	  0.11488	  -0.0159	 -2.75265	 -2.83581	  0.11598	   0.1284	  0.00955	 -0.00132	  0.00964
2.7	     11.1	  0.16258	  0.05254	 -0.08257	 -2.75224	 -2.91482	  0.09787	   0.0775	  0.00854	 -0.01342	  0.01591
2.7	     11.3	  0.23326	 -0.06181	 -0.10864	 -2.75247	 -2.98573	  0.12499	  0.08263	 -0.01442	 -0.02534	  0.02915
2.7	     11.5	  0.29395	 -0.14925	 -0.12469	 -2.75356	 -3.04751	  0.19448	  0.11453	 -0.04387	 -0.03665	  0.05717
2.7	     11.7	  0.34469	 -0.20498	 -0.14052	  -2.7549	 -3.09959	  0.24852	  0.13515	 -0.07065	 -0.04844	  0.08566
2.7	     11.9	  0.38502	 -0.20458	 -0.15294	 -2.75683	 -3.14185	  0.25543	  0.13143	 -0.07877	 -0.05888	  0.09835
2.7	     12.1	  0.41534	 -0.03183	 -0.16514	 -2.75935	 -3.17469	  0.16818	  0.08332	 -0.01322	 -0.06859	  0.06985
2.7	     12.3	  0.44097	  0.24284	 -0.16148	 -2.75797	 -3.19894	  0.29163	  0.14021	  0.10709	 -0.07121	   0.1286
2.7	     12.5	  0.46094	  0.53392	 -0.12971	 -2.75493	 -3.21587	  0.54945	  0.25839	  0.24611	 -0.05979	  0.25326
2.7	     12.7	  0.47598	  0.74198	 -0.03838	 -2.75113	 -3.22711	  0.74298	  0.34383	  0.35317	 -0.01827	  0.35364

2.9	      0.1	  0.00984	  0.03198	   0.0259	 -0.19006	  -0.1999	  0.04115	  0.13244	  0.00031	  0.00025	  0.00041
2.9	      0.3	  0.00827	  -0.1226	  0.50081	 -0.23811	-0.246379	   0.5156	  1.81063	 -0.00101	  0.00414	  0.00426
2.9	      0.5	  0.01128	 -0.36844	  0.50944	 -0.27193	-0.283207	  0.62871	  1.88997	 -0.00416	  0.00575	  0.00709
2.9	      0.7	  0.01419	 -0.55721	  0.45378	 -0.29684	-0.311031	   0.7186	   1.9258	 -0.00791	  0.00644	   0.0102
2.9	      0.9	  0.01263	 -0.62983	   0.3406	 -0.31831	-0.330941	  0.71603	  2.03408	 -0.00796	   0.0043	  0.00904
2.9	      1.1	  0.00948	 -0.62444	   0.2115	 -0.33493	-0.344416	  0.65929	  2.16151	 -0.00592	  0.00201	  0.00625
2.9	      1.3	  0.00689	 -0.59115	  0.12322	 -0.34636	-0.353251	  0.60385	  2.32186	 -0.00408	  0.00085	  0.00416
2.9	      1.5	  0.00554	 -0.55297	  0.09364	 -0.35393	-0.359469	  0.56085	  2.40653	 -0.00306	  0.00052	  0.00311
2.9	      1.7	  0.00474	 -0.50892	  0.09125	 -0.36048	-0.365221	  0.51703	  2.39768	 -0.00241	  0.00043	  0.00245
2.9	      1.9	  0.00423	 -0.45541	  0.11708	 -0.36845	-0.372683	  0.47022	  2.30798	 -0.00193	   0.0005	  0.00199
2.9	      2.1	  0.00389	  -0.3922	  0.16582	 -0.38005	-0.383944	  0.42581	  2.17917	 -0.00153	  0.00065	  0.00166
2.9	      2.3	   0.0036	 -0.31575	  0.23118	 -0.39731	-0.400909	  0.39134	  2.08292	 -0.00114	  0.00083	  0.00141
2.9	      2.5	  0.00353	  -0.2314	  0.30543	 -0.42167	-0.425201	  0.38319	  2.05848	 -0.00082	  0.00108	  0.00135
2.9	      2.7	  0.00372	 -0.12675	  0.38634	 -0.45437	-0.458084	   0.4066	  2.12904	 -0.00047	  0.00144	  0.00151
2.9	      2.9	  0.00337	 -0.02886	  0.43394	 -0.49703	-0.500399	   0.4349	  2.39159	  -0.0001	  0.00146	  0.00147
2.9	      3.1	  0.00339	  0.00846	   0.4799	 -0.54914	-0.552523	  0.47997	  2.63299	    3e-05	  0.00163	  0.00163
2.9	      3.3	  0.00361	  0.07205	  0.53518	 -0.61074	-0.614352	  0.54001	  2.86863	  0.00026	  0.00193	  0.00195
2.9	      3.5	   0.0039	  0.14431	  0.59532	  -0.6814	-0.685305	  0.61256	  3.13172	  0.00056	  0.00232	  0.00239
2.9	      3.7	  0.00409	  0.21272	  0.64483	 -0.76026	-0.764351	  0.67901	  3.38875	  0.00087	  0.00264	  0.00278
2.9	      3.9	  0.00428	  0.26785	  0.68497	 -0.84579	-0.850065	  0.73548	  3.59014	  0.00115	  0.00293	  0.00315
2.9	      4.1	  0.00449	   0.3102	  0.71917	  -0.9362	 -0.94069	  0.78322	  3.73107	  0.00139	  0.00323	  0.00352
2.9	      4.3	  0.00475	  0.34178	  0.74929	 -1.02948	 -1.03423	  0.82356	  3.81586	  0.00162	  0.00356	  0.00391
2.9	      4.5	  0.00507	  0.35949	  0.77197	 -1.12347	 -1.12854	  0.85157	  3.81984	  0.00182	  0.00391	  0.00431
2.9	      4.7	  0.00544	  0.36021	  0.79037	 -1.21602	 -1.22146	  0.86859	  3.76123	  0.00196	   0.0043	  0.00472
2.9	      4.9	  0.00588	  0.35199	  0.80392	 -1.30498	 -1.31086	   0.8776	  3.65527	  0.00207	  0.00472	  0.00516
2.9	      5.1	  0.00642	  0.33092	  0.81285	 -1.38839	 -1.39481	  0.87763	  3.49785	  0.00212	  0.00522	  0.00563
2.9	      5.3	  0.00711	  0.29345	  0.81599	 -1.46453	 -1.47164	  0.86715	  3.28393	  0.00209	   0.0058	  0.00616
2.9	      5.5	  0.00833	  0.21345	  0.79954	 -1.53171	 -1.54004	  0.82754	  2.89413	  0.00178	  0.00666	   0.0069
2.9	      5.7	  0.01645	 -0.06601	  0.86886	 -1.58265	  -1.5991	  0.87136	  2.16897	 -0.00109	  0.01429	  0.01434
2.9	      5.9	   0.0339	 -0.56068	  0.99898	 -1.61448	 -1.64838	  1.14557	  1.98638	 -0.01901	  0.03387	  0.03884
2.9	      6.1	  0.04957	 -0.86821	  1.07281	 -1.63833	  -1.6879	  1.38011	  1.97906	 -0.04304	  0.05318	  0.06842
2.9	      6.3	  0.05595	 -1.01073	  1.10328	 -1.66225	  -1.7182	  1.49626	   2.0196	 -0.05655	  0.06173	  0.08372
2.9	      6.5	  0.05416	 -1.05559	  1.07575	 -1.68606	 -1.74022	  1.50715	  2.06777	 -0.05717	  0.05826	  0.08162
2.9	      6.7	   0.0453	  -1.0318	  0.98733	 -1.71005	 -1.75535	  1.42809	  2.14237	 -0.04674	  0.04472	  0.06469
2.9	      6.9	  0.03186	 -0.95633	  0.81228	 -1.73345	 -1.76531	  1.25473	  2.24431	 -0.03047	  0.02588	  0.03998
2.9	      7.1	  0.01811	 -0.80729	   0.5267	 -1.75395	 -1.77206	  0.96392	   2.2866	 -0.01462	  0.00954	  0.01746
2.9	      7.3	  0.00835	 -0.60911	  0.23926	 -1.76937	 -1.77772	  0.65441	  2.28622	 -0.00509	    0.002	  0.00547
2.9	      7.5	  0.00479	 -0.48768	  0.14312	 -1.77969	 -1.78448	  0.50825	  2.34359	 -0.00234	  0.00069	  0.00244
2.9	      7.7	  0.00405	 -0.41235	   0.1462	  -1.7904	 -1.79445	   0.4375	  2.19574	 -0.00167	  0.00059	  0.00177
2.9	      7.9	  0.00358	 -0.33414	  0.20642	 -1.80604	 -1.80962	  0.39275	  2.09437	  -0.0012	  0.00074	  0.00141
2.9	      8.1	  0.00347	 -0.25411	  0.27976	 -1.82821	 -1.83168	  0.37794	  2.04793	 -0.00088	  0.00097	  0.00131
2.9	      8.3	  0.00361	 -0.15481	  0.36076	 -1.85841	 -1.86202	  0.39257	  2.08624	 -0.00056	   0.0013	  0.00142
2.9	      8.5	  0.00353	 -0.04263	  0.42619	 -1.89806	 -1.90159	  0.42832	    2.301	 -0.00015	  0.00151	  0.00151
2.9	      8.7	   0.0033	 -0.01135	  0.46408	 -1.94762	 -1.95092	  0.46422	  2.58014	   -4e-05	  0.00153	  0.00153
2.9	      8.9	  0.00353	  0.05003	  0.51712	  -2.0065	 -2.01003	  0.51954	  2.79069	  0.00018	  0.00183	  0.00184
2.9	      9.1	  0.00379	  0.12262	  0.57591	 -2.07468	 -2.07847	  0.58882	  3.05329	  0.00046	  0.00218	  0.00223
2.9	      9.3	  0.00405	  0.19436	  0.63214	  -2.1513	 -2.15535	  0.66134	  3.31657	  0.00079	  0.00256	  0.00268
2.9	      9.5	  0.00422	  0.25359	  0.67438	 -2.23511	 -2.23933	  0.72049	  3.53967	  0.00107	  0.00285	  0.00304
2.9	      9.7	  0.00443	  0.29937	  0.70982	 -2.32432	 -2.32875	  0.77037	  3.69731	  0.00132	  0.00314	  0.00341
2.9	      9.9	  0.00467	   0.3337	  0.74109	 -2.41701	 -2.42168	  0.81276	    3.798	  0.00156	  0.00346	  0.00379
2.9	     10.1	  0.00496	   0.3561	  0.76538	 -2.51104	   -2.516	  0.84416	  3.82579	  0.00177	   0.0038	  0.00419
2.9	     10.3	  0.00534	  0.36101	  0.78807	 -2.60419	 -2.60953	  0.86682	  3.78862	  0.00193	  0.00421	  0.00463
2.9	     10.5	   0.0059	  0.36122	  0.75947	 -2.69423	 -2.70013	    0.841	  3.49561	  0.00213	  0.00448	  0.00496
2.9	     10.7	  0.02378	  0.26584	    0.204	 -2.76203	 -2.78581	   0.3351	  0.69375	  0.00632	  0.00485	  0.00797
2.9	     10.9	  0.11238	  0.14751	 -0.08472	 -2.75244	 -2.86482	  0.17011	  0.16201	  0.01658	 -0.00952	  0.01912
2.9	     11.1	  0.18322	  0.09527	 -0.12147	 -2.75251	 -2.93573	  0.15438	  0.11515	  0.01746	 -0.02226	  0.02829
2.9	     11.3	  0.24532	 -0.03052	 -0.13744	 -2.75219	 -2.99751	  0.14079	  0.09075	 -0.00749	 -0.03372	  0.03454
2.9	     11.5	  0.29643	 -0.12034	 -0.14933	 -2.75316	 -3.04959	  0.19178	  0.11246	 -0.03567	 -0.04426	  0.05685
2.9	     11.7	  0.33829	 -0.18215	 -0.17078	 -2.75356	 -3.09185	  0.24969	  0.13706	 -0.06162	 -0.05777	  0.08447
2.9	     11.9	  0.37018	 -0.18982	 -0.19449	 -2.75451	 -3.12469	  0.27177	  0.14261	 -0.07027	   -0.072	   0.1006
2.9	     12.1	  0.39309	 -0.02321	  -0.2129	 -2.75585	 -3.14894	  0.21416	  0.10906	 -0.00912	 -0.08369	  0.08418
2.9	     12.3	  0.41242	  0.24331	 -0.21133	 -2.75345	 -3.16587	  0.32227	  0.16022	  0.10035	 -0.08716	  0.13291
2.9	     12.5	  0.42623	  0.50141	 -0.15685	 -2.75088	 -3.17711	  0.52537	  0.25693	  0.21372	 -0.06686	  0.22393
2.9	     12.7	  0.43691	  0.67215	 -0.04367	 -2.74765	 -3.18456	  0.67357	  0.32535	  0.29367	 -0.01908	  0.29429

3.1	      0.1	  0.00662	 -0.17877	  0.01482	 -0.18976	-0.196379	  0.17939	  0.70374	 -0.00118	   0.0001	  0.00119
3.1	      0.3	  0.00739	 -0.32986	  0.35151	 -0.22582	-0.233207	  0.48204	  1.79022	 -0.00244	   0.0026	  0.00356
3.1	      0.5	   0.0099	 -0.51474	   0.3325	 -0.25114	-0.261031	  0.61279	  1.96683	 -0.00509	  0.00329	  0.00606
3.1	      0.7	   0.0101	 -0.59749	  0.26579	 -0.27085	-0.280941	  0.65394	  2.07794	 -0.00603	  0.00268	   0.0066
3.1	      0.9	  0.00863	 -0.61527	  0.18107	 -0.28579	-0.294416	  0.64136	  2.20474	 -0.00531	  0.00156	  0.00553
3.1	      1.1	  0.00671	 -0.58841	  0.11639	 -0.29654	-0.303251	  0.59981	  2.33831	 -0.00395	  0.00078	  0.00402
3.1	      1.3	  0.00549	 -0.55246	  0.09215	 -0.30398	-0.309469	  0.56009	  2.41355	 -0.00303	  0.00051	  0.00307
3.1	      1.5	  0.00473	 -0.50827	  0.09071	  -0.3105	-0.315221	   0.5163	  2.39796	  -0.0024	  0.00043	  0.00244
3.1	      1.7	  0.00422	  -0.4549	  0.11698	 -0.31846	-0.322683	   0.4697	  2.30766	 -0.00192	  0.00049	  0.00198
3.1	      1.9	  0.00389	 -0.39197	  0.16569	 -0.33006	-0.333944	  0.42555	  2.17876	 -0.00152	  0.00064	  0.00165
3.1	      2.1	   0.0036	  -0.3156	  0.23104	 -0.34731	-0.350909	  0.39113	  2.08267	 -0.00113	  0.00083	  0.00141
3.1	      2.3	  0.00353	 -0.23129	  0.30531	 -0.37167	-0.375201	  0.38303	  2.05821	 -0.00082	  0.00108	  0.00135
3.1	      2.5	  0.00372	 -0.12669	  0.38623	 -0.40437	-0.408084	  0.40648	  2.12889	 -0.00047	  0.00144	  0.00151
3.1	      2.7	  0.00337	 -0.02884	  0.43384	 -0.44703	-0.450399	   0.4348	  2.39149	  -0.0001	  0.00146	  0.00147
3.1	      2.9	  0.00339	  0.00847	  0.47982	 -0.49914	-0.502523	  0.47989	  2.63293	    3e-05	  0.00162	  0.00163
3.1	      3.1	  0.00361	  0.07205	  0.53512	 -0.56074	-0.564352	  0.53995	  2.86859	  0.00026	  0.00193	  0.00195
3.1	      3.3	   0.0039	   0.1443	  0.59527	 -0.63141	-0.635305	  0.61252	   3.1317	  0.00056	  0.00232	  0.00239
3.1	      3.5	  0.00409	  0.21271	  0.64479	 -0.71026	-0.714351	  0.67897	  3.38873	  0.00087	  0.00264	  0.00278
3.1	      3.7	  0.00428	  0.26784	  0.68494	 -0.79579	-0.800065	  0.73544	  3.59013	  0.00115	  0.00293	  0.00315
3.1	      3.9	  0.00449	  0.31019	  0.71914	  -0.8862	-0.890689	  0.78318	  3.73103	  0.00139	  0.00323	  0.00352
3.1	      4.1	  0.00475	  0.34176	  0.74927	 -0.97948	-0.984229	  0.82353	  3.81584	  0.00162	  0.00356	  0.00391
3.1	      4.3	  0.00507	  0.35948	  0.77196	 -1.07347	 -1.07854	  0.85156	  3.81986	  0.00182	  0.00391	  0.00431
3.1	      4.5	  0.00544	   0.3602	  0.79035	 -1.16602	 -1.17146	  0.86857	  3.76121	  0.00196	   0.0043	  0.00472
3.1	      4.7	  0.00588	  0.35199	  0.80392	 -1.25498	 -1.26086	   0.8776	  3.65533	  0.00207	  0.00472	  0.00516
3.1	      4.9	  0.00642	  0.33092	  0.81279	 -1.33839	 -1.34481	  0.87758	  3.49772	  0.00212	  0.00522	  0.00563
3.1	      5.1	  0.00711	  0.29362	  0.81616	 -1.41453	 -1.42164	  0.86737	  3.28521	  0.00209	   0.0058	  0.00616
3.1	      5.3	  0.00826	  0.21764	  0.80061	 -1.48178	 -1.49004	  0.82967	  2.91472	   0.0018	  0.00661	  0.00685
3.1	      5.5	  0.01561	 -0.03759	  0.85878	 -1.53349	  -1.5491	   0.8596	  2.19639	 -0.00059	  0.01341	  0.01342
3.1	      5.7	  0.03245	 -0.52905	  0.98461	 -1.56593	 -1.59838	  1.11774	  1.98097	 -0.01717	  0.03195	  0.03627
3.1	      5.9	    0.048	 -0.84396	  1.05745	  -1.5899	  -1.6379	  1.35295	  1.97162	 -0.04051	  0.05076	  0.06494
3.1	      6.1	  0.05447	 -0.99122	  1.08717	 -1.61373	  -1.6682	  1.47121	   2.0127	 -0.05399	  0.05921	  0.08013
3.1	      6.3	   0.0525	 -1.03859	  1.05956	 -1.63772	 -1.69022	  1.48369	  2.06744	 -0.05452	  0.05563	  0.07789
3.1	      6.5	  0.04377	 -1.01568	  0.96687	 -1.66158	 -1.70535	   1.4023	  2.14005	 -0.04445	  0.04232	  0.06138
3.1	      6.7	  0.03052	 -0.94129	  0.78653	 -1.68479	 -1.71531	  1.22665	  2.24184	 -0.02873	    0.024	  0.03744
3.1	      6.9	  0.01708	   -0.791	  0.49889	 -1.70498	 -1.72206	  0.93518	  2.28452	 -0.01351	  0.00852	  0.01597
3.1	      7.1	  0.00796	  -0.5987	    0.223	 -1.71976	 -1.72772	  0.63888	  2.28598	 -0.00477	  0.00178	  0.00509
3.1	      7.3	  0.00474	 -0.48546	  0.13825	 -1.72974	 -1.73448	  0.50476	   2.3417	  -0.0023	  0.00065	  0.00239
3.1	      7.5	  0.00403	 -0.41185	  0.14622	 -1.74043	 -1.74446	  0.43703	  2.19826	 -0.00166	  0.00059	  0.00176
3.1	      7.7	  0.00359	 -0.33451	  0.20686	 -1.75603	 -1.75962	  0.39331	  2.09506	  -0.0012	  0.00074	  0.00141
3.1	      7.9	  0.00348	 -0.25441	  0.28008	  -1.7782	 -1.78168	  0.37838	  2.04869	 -0.00088	  0.00097	  0.00132
3.1	      8.1	  0.00361	 -0.15494	  0.36095	 -1.80841	 -1.81202	   0.3928	  2.08661	 -0.00056	   0.0013	  0.00142
3.1	      8.3	  0.00353	 -0.04266	  0.42635	 -1.84806	 -1.85159	  0.42847	  2.30116	 -0.00015	  0.00151	  0.00151
3.1	      8.5	   0.0033	 -0.01136	   0.4642	 -1.89762	 -1.90092	  0.46433	  2.58029	   -4e-05	  0.00153	  0.00153
3.1	      8.7	  0.00353	  0.05003	  0.51722	  -1.9565	 -1.96003	  0.51963	  2.79074	  0.00018	  0.00183	  0.00184
3.1	      8.9	  0.00379	  0.12264	    0.576	 -2.02468	 -2.02847	  0.58891	  3.05333	  0.00047	  0.00218	  0.00223
3.1	      9.1	  0.00405	  0.19439	  0.63223	  -2.1013	 -2.10535	  0.66144	   3.3166	  0.00079	  0.00256	  0.00268
3.1	      9.3	  0.00422	  0.25363	  0.67446	 -2.18511	 -2.18933	  0.72057	  3.53968	  0.00107	  0.00285	  0.00304
3.1	      9.5	  0.00443	   0.2994	  0.70996	 -2.27432	 -2.27875	   0.7705	  3.69747	  0.00133	  0.00314	  0.00341
3.1	      9.7	  0.00467	  0.33375	  0.74095	 -2.36701	 -2.37168	  0.81264	  3.79748	  0.00156	  0.00346	  0.00379
3.1	      9.9	  0.00497	  0.35612	  0.76641	 -2.46102	 -2.46599	  0.84511	  3.82818	  0.00177	  0.00381	   0.0042
3.1	     10.1	  0.00532	  0.36111	   0.7846	  -2.5542	 -2.55952	  0.86371	  3.78069	  0.00192	  0.00417	   0.0046
3.1	     10.3	  0.00576	   0.3548	  0.80164	 -2.64437	 -2.65013	  0.87665	  3.68798	  0.00204	  0.00462	  0.00505
3.1	     10.5	  0.00706	  0.36214	  0.66605	 -2.72875	 -2.73581	  0.75813	  2.88101	  0.00256	   0.0047	  0.00535
3.1	     10.7	   0.0576	  0.22082	  -0.0206	 -2.75722	 -2.81482	  0.22178	  0.29503	  0.01272	 -0.00119	  0.01277
3.1	     10.9	  0.13261	  0.18965	 -0.10808	 -2.75312	 -2.88573	  0.21828	  0.19138	  0.02515	 -0.01433	  0.02895
3.1	     11.1	  0.19466	  0.12398	 -0.11724	 -2.75285	 -2.94751	  0.17063	  0.12348	  0.02413	 -0.02282	  0.03321
3.1	     11.3	  0.24706	 -0.01221	 -0.11714	 -2.75253	 -2.99959	  0.11777	  0.07565	 -0.00302	 -0.02894	   0.0291
3.1	     11.5	   0.2891	 -0.10011	 -0.12031	 -2.75275	 -3.04185	  0.15651	  0.09294	 -0.02894	 -0.03478	  0.04525
3.1	     11.7	  0.32241	 -0.15364	 -0.14553	 -2.75228	 -3.07469	  0.21162	  0.11899	 -0.04953	 -0.04692	  0.06823
3.1	     11.9	   0.3472	  -0.1675	 -0.18377	 -2.75174	 -3.09894	  0.24866	  0.13473	 -0.05816	 -0.06381	  0.08633
3.1	     12.1	  0.36395	 -0.01246	  -0.2122	 -2.75192	 -3.11587	  0.21257	   0.1125	 -0.00453	 -0.07723	  0.07736
3.1	     12.3	  0.37845	  0.24233	 -0.21201	 -2.74866	 -3.12711	  0.32198	  0.16711	  0.09171	 -0.08023	  0.12186
3.1	     12.5	  0.38787	  0.45894	 -0.15314	 -2.74669	 -3.13456	  0.48382	  0.24803	  0.17801	  -0.0594	  0.18766
3.1	     12.7	  0.39542	  0.60305	 -0.04156	 -2.74489	 -3.14031	  0.60448	  0.30692	  0.23846	 -0.01643	  0.23902

3.3	      0.1	  0.00493	   -0.315	  0.00881	 -0.17827	-0.183207	  0.31512	   1.4323	 -0.00155	    4e-05	  0.00155
3.3	      0.3	  0.00693	 -0.46457	  0.23553	  -0.2041	-0.211031	  0.52086	  1.99776	 -0.00322	  0.00163	  0.00361
3.3	      0.5	   0.0084	 -0.57242	  0.21373	 -0.22254	-0.230941	  0.61102	  2.12865	 -0.00481	   0.0018	  0.00513
3.3	      0.7	  0.00791	 -0.60713	   0.1605	 -0.23651	-0.244416	  0.62799	  2.25442	  -0.0048	  0.00127	  0.00497
3.3	      0.9	  0.00656	 -0.58611	  0.11119	 -0.24669	-0.253251	  0.59657	  2.35221	 -0.00384	  0.00073	  0.00391
3.3	      1.1	  0.00544	 -0.55078	   0.0908	 -0.25403	-0.259469	  0.55822	  2.41706	 -0.00299	  0.00049	  0.00304
3.3	      1.3	   0.0047	 -0.50693	  0.09012	 -0.26052	-0.265221	  0.51488	  2.39696	 -0.00238	  0.00042	  0.00242
3.3	      1.5	  0.00421	 -0.45414	  0.11671	 -0.26847	-0.272683	   0.4689	  2.30702	 -0.00191	  0.00049	  0.00197
3.3	      1.7	  0.00388	 -0.39158	  0.16544	 -0.28006	-0.283944	  0.42509	  2.17824	 -0.00152	  0.00064	  0.00165
3.3	      1.9	  0.00359	 -0.31533	   0.2308	 -0.29732	-0.300909	  0.39077	  2.08222	 -0.00113	  0.00083	   0.0014
3.3	      2.1	  0.00353	 -0.23111	   0.3051	 -0.32167	-0.325201	  0.38275	  2.05776	 -0.00082	  0.00108	  0.00135
3.3	      2.3	  0.00371	 -0.12658	  0.38605	 -0.35437	-0.358084	  0.40627	  2.12863	 -0.00047	  0.00143	  0.00151
3.3	      2.5	  0.00337	  -0.0288	  0.43368	 -0.39703	-0.400399	  0.43464	  2.39132	  -0.0001	  0.00146	  0.00146
3.3	      2.7	  0.00338	  0.00848	  0.47969	 -0.44914	-0.452523	  0.47976	  2.63281	    3e-05	  0.00162	  0.00162
3.3	      2.9	  0.00361	  0.07205	  0.53501	 -0.51074	-0.514352	  0.53984	  2.86853	  0.00026	  0.00193	  0.00195
3.3	      3.1	   0.0039	   0.1443	  0.59519	 -0.58141	-0.585305	  0.61244	  3.13166	  0.00056	  0.00232	  0.00239
3.3	      3.3	  0.00409	   0.2127	  0.64472	 -0.66026	-0.664351	   0.6789	  3.38871	  0.00087	  0.00264	  0.00278
3.3	      3.5	  0.00428	  0.26783	  0.68488	 -0.74579	-0.750065	  0.73539	  3.59011	  0.00115	  0.00293	  0.00315
3.3	      3.7	  0.00449	  0.31017	   0.7191	  -0.8362	-0.840689	  0.78314	  3.73102	  0.00139	  0.00323	  0.00352
3.3	      3.9	  0.00475	  0.34176	  0.74923	 -0.92948	-0.934229	   0.8235	  3.81584	  0.00162	  0.00356	  0.00391
3.3	      4.1	  0.00507	  0.35947	  0.77193	 -1.02347	 -1.02854	  0.85153	  3.81986	  0.00182	  0.00391	  0.00431
3.3	      4.3	  0.00544	   0.3602	  0.79032	 -1.11602	 -1.12146	  0.86854	  3.76119	  0.00196	   0.0043	  0.00472
3.3	      4.5	  0.00588	  0.35198	  0.80392	 -1.20498	 -1.21086	   0.8776	  3.65537	  0.00207	  0.00472	  0.00516
3.3	      4.7	  0.00642	  0.33092	  0.81273	 -1.28839	 -1.29481	  0.87752	   3.4976	  0.00212	  0.00521	  0.00563
3.3	      4.9	   0.0071	  0.29377	  0.81629	 -1.36454	 -1.37164	  0.86754	   3.2863	  0.00209	   0.0058	  0.00616
3.3	      5.1	  0.00819	  0.22145	  0.80185	 -1.43185	 -1.44004	  0.83186	  2.93397	  0.00181	  0.00657	  0.00682
3.3	      5.3	   0.0148	 -0.00955	  0.84896	  -1.4843	  -1.4991	  0.84902	  2.22803	 -0.00014	  0.01257	  0.01257
3.3	      5.5	  0.03097	 -0.49625	  0.96975	 -1.51741	 -1.54838	  1.08935	  1.97624	 -0.01537	  0.03004	  0.03374
3.3	      5.7	  0.04639	 -0.81823	  1.04128	 -1.54151	  -1.5879	   1.3243	  1.96298	 -0.03796	  0.04831	  0.06144
3.3	      5.9	  0.05288	 -0.97067	  1.07048	 -1.56532	  -1.6182	  1.44503	  2.00632	 -0.05133	  0.05661	  0.07641
3.3	      6.1	  0.05093	 -1.02016	  1.04137	 -1.58929	 -1.64022	   1.4578	   2.0625	 -0.05195	  0.05303	  0.07424
3.3	      6.3	  0.04226	 -0.99863	  0.94514	 -1.61309	 -1.65535	  1.37497	  2.13541	  -0.0422	  0.03994	  0.05811
3.3	      6.5	  0.02918	 -0.92559	  0.75977	 -1.63613	 -1.66531	  1.19748	    2.238	 -0.02701	  0.02217	  0.03495
3.3	      6.7	  0.01605	 -0.77391	  0.47042	 -1.65601	 -1.67206	  0.90566	   2.2822	 -0.01242	  0.00755	  0.01454
3.3	      6.9	   0.0076	 -0.58908	  0.20795	 -1.67012	 -1.67772	  0.62471	   2.2875	 -0.00448	  0.00158	  0.00475
3.3	      7.1	  0.00468	 -0.48323	  0.13385	  -1.6798	 -1.68448	  0.50143	  2.33914	 -0.00226	  0.00063	  0.00235
3.3	      7.3	  0.00401	 -0.41129	  0.14653	 -1.69045	 -1.69446	  0.43661	  2.20058	 -0.00165	  0.00059	  0.00175
3.3	      7.5	   0.0036	   -0.335	  0.20737	 -1.70602	 -1.70962	  0.39399	  2.09581	 -0.00121	  0.00075	  0.00142
3.3	      7.7	  0.00348	 -0.25473	  0.28039	  -1.7282	 -1.73168	  0.37882	  2.04953	 -0.00089	  0.00098	  0.00132
3.3	      7.9	  0.00361	 -0.15506	  0.36112	 -1.75841	 -1.76202	    0.393	  2.08693	 -0.00056	  0.00131	  0.00142
3.3	      8.1	  0.00354	 -0.04268	  0.42648	 -1.79805	 -1.80159	  0.42861	  2.30129	 -0.00015	  0.00151	  0.00152
3.3	      8.3	   0.0033	 -0.01137	  0.46429	 -1.84762	 -1.85092	  0.46443	  2.58041	   -4e-05	  0.00153	  0.00153
3.3	      8.5	  0.00354	  0.05003	   0.5173	 -1.90649	 -1.91003	  0.51971	  2.79078	  0.00018	  0.00183	  0.00184
3.3	      8.7	  0.00379	  0.12265	  0.57607	 -1.97468	 -1.97847	  0.58899	  3.05335	  0.00047	  0.00219	  0.00223
3.3	      8.9	  0.00406	   0.1944	   0.6323	 -2.05129	 -2.05535	  0.66151	  3.31663	  0.00079	  0.00256	  0.00268
3.3	      9.1	  0.00423	  0.25365	  0.67453	  -2.1351	 -2.13933	  0.72065	  3.53972	  0.00107	  0.00285	  0.00304
3.3	      9.3	  0.00443	  0.29942	  0.71001	 -2.22432	 -2.22875	  0.77056	  3.69745	  0.00133	  0.00314	  0.00341
3.3	      9.5	  0.00467	  0.33378	  0.74107	 -2.31701	 -2.32168	  0.81277	  3.79764	  0.00156	  0.00346	  0.00379
3.3	      9.7	  0.00497	  0.35616	  0.76632	 -2.41103	   -2.416	  0.84504	  3.82782	  0.00177	  0.00381	   0.0042
3.3	      9.9	  0.00532	  0.36115	  0.78509	 -2.50421	 -2.50953	  0.86417	  3.78194	  0.00192	  0.00418	   0.0046
3.3	     10.1	  0.00575	  0.35549	  0.80159	 -2.59438	 -2.60013	  0.87688	    3.693	  0.00204	  0.00461	  0.00504
3.3	     10.3	  0.00629	  0.33626	  0.80445	 -2.67952	 -2.68581	   0.8719	  3.51028	  0.00211	  0.00506	  0.00548
3.3	     10.5	  0.00998	  0.34382	  0.53019	 -2.75484	 -2.76482	  0.63191	  2.01982	  0.00343	  0.00529	   0.0063
3.3	     10.7	  0.07809	  0.23809	 -0.00572	 -2.75764	 -2.83573	  0.23816	  0.27211	  0.01859	 -0.00045	   0.0186
3.3	     10.9	  0.14164	  0.20666	 -0.04946	 -2.75587	 -2.89751	   0.2125	  0.18027	  0.02927	 -0.00701	   0.0301
3.3	     11.1	  0.19346	  0.11928	 -0.03131	 -2.75613	 -2.94959	  0.12332	  0.08951	  0.02308	 -0.00606	  0.02386
3.3	     11.3	   0.2365	 -0.03246	  0.00765	 -2.75535	 -2.99185	  0.03335	  0.02189	 -0.00768	  0.00181	  0.00789
3.3	     11.5	  0.27021	 -0.10166	  0.02585	 -2.75448	 -3.02469	   0.1049	  0.06443	 -0.02747	  0.00699	  0.02834
3.3	     11.7	  0.29755	 -0.12718	 -0.00701	 -2.75139	 -3.04894	  0.12738	  0.07455	 -0.03784	 -0.00209	   0.0379
3.3	     11.9	  0.31748	 -0.12106	 -0.07061	 -2.74839	 -3.06587	  0.14015	  0.07941	 -0.03843	 -0.02242	  0.04449
3.3	     12.1	  0.32961	  0.01243	 -0.13946	  -2.7475	 -3.07711	  0.14001	  0.07786	   0.0041	 -0.04597	  0.04615
3.3	     12.3	  0.33964	  0.24684	 -0.15756	 -2.74492	 -3.08456	  0.29284	  0.16043	  0.08384	 -0.05351	  0.09946
3.3	     12.5	  0.34552	  0.41835	 -0.11957	 -2.74479	 -3.09031	   0.4351	  0.23633	  0.14455	 -0.04131	  0.15034
3.3	     12.7	  0.35192	   0.5421	 -0.03416	 -2.74461	 -3.09653	  0.54318	  0.29234	  0.19078	 -0.01202	  0.19115

3.5	      0.1	  0.00449	 -0.38564	   0.0072	 -0.15654	-0.161031	  0.38571	  1.83795	 -0.00173	    3e-05	  0.00173
3.5	      0.3	   0.0068	 -0.52969	  0.16161	 -0.17414	-0.180941	  0.55379	  2.14427	  -0.0036	   0.0011	  0.00377
3.5	      0.5	  0.00713	 -0.58491	  0.13894	 -0.18729	-0.194416	  0.60118	  2.27326	 -0.00417	  0.00099	  0.00429
3.5	      0.7	  0.00635	 -0.57805	  0.10577	  -0.1969	-0.203251	  0.58765	   2.3538	 -0.00367	  0.00067	  0.00373
3.5	      0.9	  0.00537	 -0.54746	  0.08914	  -0.2041	-0.209469	  0.55467	  2.41726	 -0.00294	  0.00048	  0.00298
3.5	      1.1	  0.00467	 -0.50512	  0.08928	 -0.21055	-0.215221	  0.51295	  2.39617	 -0.00236	  0.00042	   0.0024
3.5	      1.3	  0.00419	 -0.45305	  0.11624	 -0.21849	-0.222683	  0.46772	  2.30636	  -0.0019	  0.00049	  0.00196
3.5	      1.5	  0.00387	 -0.39088	  0.16502	 -0.23007	-0.233944	  0.42429	   2.1774	 -0.00151	  0.00064	  0.00164
3.5	      1.7	  0.00358	 -0.31485	   0.2304	 -0.24733	-0.250909	  0.39015	  2.08138	 -0.00113	  0.00083	   0.0014
3.5	      1.9	  0.00352	  -0.2308	  0.30476	 -0.27168	-0.275201	  0.38229	  2.05699	 -0.00081	  0.00107	  0.00135
3.5	      2.1	  0.00371	 -0.12641	  0.38575	 -0.30438	-0.308084	  0.40593	   2.1282	 -0.00047	  0.00143	  0.00151
3.5	      2.3	  0.00336	 -0.02872	   0.4334	 -0.34704	-0.350399	  0.43436	  2.39102	  -0.0001	  0.00146	  0.00146
3.5	      2.5	  0.00338	  0.00851	  0.47946	 -0.39914	-0.402523	  0.47954	  2.63262	    3e-05	  0.00162	  0.00162
3.5	      2.7	  0.00361	  0.07205	  0.53484	 -0.46074	-0.464352	  0.53967	  2.86842	  0.00026	  0.00193	  0.00195
3.5	      2.9	   0.0039	  0.14428	  0.59506	 -0.53141	-0.535305	   0.6123	   3.1316	  0.00056	  0.00232	  0.00239
3.5	      3.1	  0.00409	  0.21268	  0.64461	 -0.61026	-0.614351	  0.67879	  3.38866	  0.00087	  0.00264	  0.00278
3.5	      3.3	  0.00428	   0.2678	  0.68479	 -0.69579	-0.700065	  0.73529	  3.59008	  0.00115	  0.00293	  0.00314
3.5	      3.5	  0.00449	  0.31014	  0.71902	  -0.7862	-0.790689	  0.78306	    3.731	  0.00139	  0.00323	  0.00352
3.5	      3.7	  0.00475	  0.34174	  0.74917	 -0.87948	-0.884229	  0.82344	  3.81581	  0.00162	  0.00356	  0.00391
3.5	      3.9	  0.00507	  0.35946	   0.7719	 -0.97348	-0.978544	  0.85149	  3.81987	  0.00182	  0.00391	  0.00431
3.5	      4.1	  0.00544	  0.36019	  0.79028	 -1.06602	 -1.07146	  0.86849	  3.76114	  0.00196	   0.0043	  0.00472
3.5	      4.3	  0.00588	  0.35197	   0.8039	 -1.15498	 -1.16086	  0.87758	   3.6554	  0.00207	  0.00472	  0.00516
3.5	      4.5	  0.00642	  0.33092	  0.81266	 -1.23839	 -1.24481	  0.87746	  3.49749	  0.00212	  0.00521	  0.00563
3.5	      4.7	   0.0071	  0.29389	  0.81639	 -1.31454	 -1.32164	  0.86767	  3.28722	  0.00209	   0.0058	  0.00616
3.5	      4.9	  0.00814	  0.22488	  0.80326	  -1.3819	 -1.39004	  0.83414	  2.95189	  0.00183	  0.00654	  0.00679
3.5	      5.1	  0.01401	  0.01851	  0.83938	 -1.43509	  -1.4491	  0.83959	  2.26498	  0.00026	  0.01176	  0.01176
3.5	      5.3	  0.02944	 -0.46257	  0.95455	 -1.46894	 -1.49838	  1.06072	  1.97393	 -0.01362	   0.0281	  0.03122
3.5	      5.5	  0.04472	 -0.79146	  1.02435	 -1.49318	  -1.5379	  1.29449	  1.95443	 -0.03539	  0.04581	  0.05789
3.5	      5.7	  0.05121	 -0.94949	  1.05286	 -1.51699	  -1.5682	  1.41776	  2.00026	 -0.04862	  0.05392	  0.07261
3.5	      5.9	  0.04926	  -1.0013	  1.02202	 -1.54096	 -1.59022	  1.43078	  2.05817	 -0.04933	  0.05035	  0.07048
3.5	      6.1	  0.04066	 -0.98082	  0.92223	  -1.5647	 -1.60536	   1.3463	   2.1318	 -0.03988	  0.03749	  0.05473
3.5	      6.3	  0.02779	 -0.90875	  0.73132	 -1.58752	 -1.61531	  1.16647	  2.23393	 -0.02526	  0.02033	  0.03242
3.5	      6.5	  0.01504	 -0.75577	  0.44102	 -1.60702	 -1.62206	  0.87504	  2.27776	 -0.01137	  0.00663	  0.01316
3.5	      6.7	  0.00726	  -0.5798	  0.19362	 -1.62046	 -1.62772	  0.61128	  2.28985	 -0.00421	  0.00141	  0.00444
3.5	      6.9	  0.00464	 -0.48124	  0.12975	 -1.62984	 -1.63448	  0.49842	  2.33717	 -0.00223	   0.0006	  0.00231
3.5	      7.1	    0.004	 -0.41078	  0.14676	 -1.64046	 -1.64446	  0.43621	  2.20274	 -0.00164	  0.00059	  0.00174
3.5	      7.3	  0.00361	 -0.33548	  0.20779	 -1.65601	 -1.65962	  0.39462	  2.09637	 -0.00121	  0.00075	  0.00143
3.5	      7.5	  0.00349	   -0.255	  0.28064	 -1.67819	 -1.68168	  0.37919	  2.05031	 -0.00089	  0.00098	  0.00132
3.5	      7.7	  0.00362	 -0.15514	  0.36125	  -1.7084	 -1.71202	  0.39316	  2.08722	 -0.00056	  0.00131	  0.00142
3.5	      7.9	  0.00354	 -0.04269	  0.42658	 -1.74805	 -1.75159	  0.42871	   2.3014	 -0.00015	  0.00151	  0.00152
3.5	      8.1	   0.0033	 -0.01137	  0.46437	 -1.79762	 -1.80092	  0.46451	  2.58051	   -4e-05	  0.00153	  0.00153
3.5	      8.3	  0.00354	  0.05003	  0.51737	 -1.85649	 -1.86003	  0.51978	  2.79081	  0.00018	  0.00183	  0.00184
3.5	      8.5	  0.00379	  0.12266	  0.57614	 -1.92468	 -1.92847	  0.58905	  3.05337	  0.00047	  0.00219	  0.00223
3.5	      8.7	  0.00406	  0.19442	  0.63236	 -2.00129	 -2.00535	  0.66157	  3.31666	  0.00079	  0.00256	  0.00268
3.5	      8.9	  0.00423	  0.25367	  0.67459	  -2.0851	 -2.08933	   0.7207	  3.53974	  0.00107	  0.00285	  0.00305
3.5	      9.1	  0.00443	  0.29944	  0.71006	 -2.17432	 -2.17875	  0.77062	  3.69747	  0.00133	  0.00314	  0.00341
3.5	      9.3	  0.00467	  0.33381	  0.74112	 -2.26701	 -2.27168	  0.81283	  3.79769	  0.00156	  0.00346	   0.0038
3.5	      9.5	  0.00497	  0.35613	  0.76631	 -2.36102	 -2.36599	  0.84503	  3.82765	  0.00177	  0.00381	   0.0042
3.5	      9.7	  0.00532	  0.36113	  0.78546	 -2.45421	 -2.45953	   0.8645	  3.78268	  0.00192	  0.00418	   0.0046
3.5	      9.9	  0.00574	  0.35552	  0.80018	 -2.54439	 -2.55013	   0.8756	  3.68982	  0.00204	  0.00459	  0.00503
3.5	     10.1	  0.00626	   0.3384	  0.81157	 -2.62955	 -2.63581	  0.87929	  3.54903	  0.00212	  0.00508	   0.0055
3.5	     10.3	  0.00704	  0.30382	  0.79006	 -2.70778	 -2.71482	  0.84647	  3.22124	  0.00214	  0.00556	  0.00596
3.5	     10.5	  0.01821	  0.30469	   0.3613	 -2.76752	 -2.78573	  0.47262	  1.11818	  0.00555	  0.00658	  0.00861
3.5	     10.7	  0.08697	  0.25515	 -0.01524	 -2.76054	 -2.84751	   0.2556	  0.27673	  0.02219	 -0.00133	  0.02223
3.5	     10.9	  0.14202	  0.15762	  0.02045	 -2.75757	 -2.89959	  0.15894	  0.13466	  0.02239	   0.0029	  0.02257
3.5	     11.1	  0.18503	  0.01852	  0.12381	 -2.75682	 -2.94185	  0.12519	  0.09292	  0.00343	  0.02291	  0.02316
3.5	     11.3	  0.21979	 -0.11279	  0.22904	  -2.7549	 -2.97469	   0.2553	  0.17387	 -0.02479	  0.05034	  0.05611
3.5	     11.5	  0.24505	 -0.13332	  0.25034	 -2.75389	 -2.99894	  0.28363	  0.18293	 -0.03267	  0.06135	   0.0695
3.5	     11.7	  0.26577	 -0.10032	  0.19863	  -2.7501	 -3.01587	  0.22253	  0.13781	 -0.02666	  0.05279	  0.05914
3.5	     11.9	  0.28051	 -0.03737	  0.09778	  -2.7466	 -3.02711	  0.10468	   0.0631	 -0.01048	  0.02743	  0.02936
3.5	     12.1	  0.28954	  0.07653	 -0.02219	 -2.74502	 -3.03456	  0.07968	  0.04728	  0.02216	 -0.00642	  0.02307
3.5	     12.3	  0.29684	  0.27089	 -0.08148	 -2.74347	 -3.04031	  0.28287	  0.16577	  0.08041	 -0.02419	  0.08397
3.5	     12.5	  0.30459	   0.4156	 -0.06771	 -2.74194	 -3.04653	  0.42107	  0.24359	  0.12659	 -0.02062	  0.12826
3.5	     12.7	    0.312	  0.51372	 -0.01998	 -2.74339	 -3.05539	  0.51411	  0.29386	  0.16028	 -0.00623	   0.1604

3.7	      0.1	  0.00424	 -0.42939	  0.00664	  -0.1267	-0.130941	  0.42944	  2.10456	 -0.00182	    3e-05	  0.00182
3.7	      0.3	  0.00625	 -0.54861	  0.11153	 -0.13816	-0.144416	  0.55983	  2.26026	 -0.00343	   0.0007	   0.0035
3.7	      0.5	  0.00601	 -0.56524	  0.09734	 -0.14724	-0.153251	  0.57356	  2.36181	  -0.0034	  0.00059	  0.00345
3.7	      0.7	  0.00527	 -0.54296	  0.08648	  -0.1542	-0.159469	  0.54981	  2.41757	 -0.00286	  0.00046	   0.0029
3.7	      0.9	  0.00462	 -0.50218	  0.08795	 -0.16061	-0.165221	  0.50982	  2.39586	 -0.00232	  0.00041	  0.00235
3.7	      1.1	  0.00416	 -0.45119	  0.11545	 -0.16852	-0.172683	  0.46573	  2.30483	 -0.00188	  0.00048	  0.00194
3.7	      1.3	  0.00385	 -0.38965	  0.16434	 -0.18009	-0.183944	  0.42289	  2.17588	  -0.0015	  0.00063	  0.00163
3.7	      1.5	  0.00357	 -0.31404	  0.22973	 -0.19734	-0.200909	   0.3891	  2.07992	 -0.00112	  0.00082	  0.00139
3.7	      1.7	  0.00351	 -0.23027	  0.30418	 -0.22169	-0.225201	  0.38151	  2.05569	 -0.00081	  0.00107	  0.00134
3.7	      1.9	   0.0037	 -0.12611	  0.38524	 -0.25438	-0.258084	  0.40535	  2.12748	 -0.00047	  0.00143	   0.0015
3.7	      2.1	  0.00336	  -0.0286	  0.43294	 -0.29704	-0.300399	  0.43388	  2.39052	  -0.0001	  0.00145	  0.00146
3.7	      2.3	  0.00338	  0.00856	  0.47909	 -0.34915	-0.352523	  0.47916	  2.63229	    3e-05	  0.00162	  0.00162
3.7	      2.5	   0.0036	  0.07206	  0.53454	 -0.41075	-0.414352	  0.53937	  2.86824	  0.00026	  0.00193	  0.00194
3.7	      2.7	  0.00389	  0.14426	  0.59483	 -0.48141	-0.485305	  0.61207	  3.13149	  0.00056	  0.00232	  0.00238
3.7	      2.9	  0.00409	  0.21264	  0.64442	 -0.56026	-0.564351	   0.6786	  3.38859	  0.00087	  0.00263	  0.00277
3.7	      3.1	  0.00427	  0.26776	  0.68463	 -0.64579	-0.650065	  0.73513	  3.59003	  0.00114	  0.00293	  0.00314
3.7	      3.3	  0.00449	  0.31011	   0.7189	  -0.7362	 -0.74069	  0.78294	  3.73099	  0.00139	  0.00323	  0.00351
3.7	      3.5	  0.00475	  0.34171	  0.74907	 -0.82948	-0.834229	  0.82333	  3.81576	  0.00162	  0.00355	  0.00391
3.7	      3.7	  0.00506	  0.35941	  0.77182	 -0.92348	-0.928544	   0.8514	  3.81983	  0.00182	  0.00391	  0.00431
3.7	      3.9	  0.00543	  0.36015	  0.79021	 -1.01603	 -1.02146	  0.86841	  3.76109	  0.00196	  0.00429	  0.00472
3.7	      4.1	  0.00587	  0.35194	  0.80387	 -1.10499	 -1.11086	  0.87754	  3.65541	  0.00207	  0.00472	  0.00516
3.7	      4.3	  0.00642	  0.33091	  0.81259	 -1.18839	 -1.19481	  0.87739	  3.49739	  0.00212	  0.00521	  0.00563
3.7	      4.5	   0.0071	  0.29401	  0.81646	 -1.26454	 -1.27164	  0.86778	  3.28805	  0.00209	   0.0058	  0.00616
3.7	      4.7	  0.00809	  0.22805	  0.80466	 -1.33195	 -1.34004	  0.83635	  2.96873	  0.00185	  0.00651	  0.00677
3.7	      4.9	  0.01323	  0.04634	  0.82938	 -1.38587	  -1.3991	  0.83067	  2.30571	  0.00061	  0.01097	  0.01099
3.7	      5.1	  0.02793	 -0.42596	  0.93866	 -1.42045	 -1.44838	  1.03079	   1.9692	  -0.0119	  0.02622	  0.02879
3.7	      5.3	  0.04293	 -0.76398	  1.00702	 -1.44497	  -1.4879	  1.26402	  1.94787	 -0.03279	  0.04323	  0.05426
3.7	      5.5	  0.04945	 -0.92782	  1.03419	 -1.46875	  -1.5182	  1.38939	   1.9948	 -0.04588	  0.05114	  0.06871
3.7	      5.7	  0.04753	 -0.98197	  1.00139	 -1.49269	 -1.54022	  1.40252	  2.05392	 -0.04667	   0.0476	  0.06666
3.7	      5.9	    0.039	 -0.96254	  0.89789	 -1.51636	 -1.55536	  1.31632	  2.12823	 -0.03753	  0.03501	  0.05133
3.7	      6.1	  0.02636	 -0.89124	  0.70121	 -1.53895	 -1.56531	  1.13402	  2.22984	  -0.0235	  0.01849	   0.0299
3.7	      6.3	  0.01406	 -0.73736	  0.41082	   -1.558	 -1.57206	  0.84408	  2.27302	 -0.01037	  0.00577	  0.01187
3.7	      6.5	  0.00694	 -0.57088	  0.18003	 -1.57078	 -1.57772	   0.5986	  2.29364	 -0.00396	  0.00125	  0.00416
3.7	      6.7	  0.00459	 -0.47938	  0.12593	 -1.57989	 -1.58448	  0.49565	  2.33515	  -0.0022	  0.00058	  0.00228
3.7	      6.9	  0.00398	 -0.41031	  0.14688	 -1.59047	 -1.59445	  0.43581	  2.20421	 -0.00164	  0.00059	  0.00174
3.7	      7.1	  0.00362	 -0.33585	  0.20823	   -1.606	 -1.60962	  0.39516	  2.09714	 -0.00122	  0.00075	  0.00143
3.7	      7.3	  0.00349	 -0.25522	   0.2809	 -1.62819	 -1.63168	  0.37953	  2.05093	 -0.00089	  0.00098	  0.00132
3.7	      7.5	  0.00362	 -0.15521	  0.36138	  -1.6584	 -1.66202	   0.3933	  2.08746	 -0.00056	  0.00131	  0.00142
3.7	      7.7	  0.00354	  -0.0427	  0.42668	 -1.69805	 -1.70159	  0.42881	  2.30149	 -0.00015	  0.00151	  0.00152
3.7	      7.9	   0.0033	 -0.01137	  0.46444	 -1.74762	 -1.75092	  0.46458	   2.5806	   -4e-05	  0.00153	  0.00153
3.7	      8.1	  0.00354	  0.05004	  0.51743	 -1.80649	 -1.81003	  0.51984	  2.79084	  0.00018	  0.00183	  0.00184
3.7	      8.3	  0.00379	  0.12267	  0.57619	 -1.87468	 -1.87847	  0.58911	  3.05339	  0.00047	  0.00219	  0.00224
3.7	      8.5	  0.00406	  0.19443	  0.63241	 -1.95129	 -1.95535	  0.66162	  3.31668	  0.00079	  0.00257	  0.00268
3.7	      8.7	  0.00423	  0.25369	  0.67464	  -2.0351	 -2.03933	  0.72076	  3.53976	  0.00107	  0.00285	  0.00305
3.7	      8.9	  0.00443	  0.29946	  0.71011	 -2.12432	 -2.12875	  0.77067	  3.69749	  0.00133	  0.00314	  0.00341
3.7	      9.1	  0.00467	  0.33382	  0.74117	 -2.21701	 -2.22168	  0.81288	  3.79767	  0.00156	  0.00346	   0.0038
3.7	      9.3	  0.00497	  0.35621	  0.76637	 -2.31103	   -2.316	  0.84511	  3.82773	  0.00177	  0.00381	   0.0042
3.7	      9.5	  0.00532	  0.36119	  0.78536	  -2.4042	 -2.40952	  0.86444	  3.78242	  0.00192	  0.00418	   0.0046
3.7	      9.7	  0.00574	  0.35553	   0.8006	 -2.49439	 -2.50013	  0.87599	  3.69089	  0.00204	   0.0046	  0.00503
3.7	      9.9	  0.00625	  0.33837	  0.81059	 -2.57956	 -2.58581	  0.87838	  3.54736	  0.00211	  0.00507	  0.00549
3.7	     10.1	  0.00689	  0.30649	  0.81555	 -2.65793	 -2.66482	  0.87124	  3.35098	  0.00211	  0.00562	    0.006
3.7	     10.3	  0.00802	  0.25674	  0.76174	 -2.72771	 -2.73573	  0.80384	  2.86609	  0.00206	  0.00611	  0.00645
3.7	     10.5	  0.02766	   0.1296	  0.43953	 -2.76985	 -2.79751	  0.45824	  0.87967	  0.00359	  0.01216	  0.01268
3.7	     10.7	  0.08765	  0.15724	  0.12376	 -2.76194	 -2.84959	   0.2001	   0.2158	  0.01378	  0.01085	  0.01754
3.7	     10.9	  0.13409	  0.02017	  0.20757	 -2.75776	 -2.89185	  0.20854	  0.18183	   0.0027	  0.02783	  0.02796
3.7	     11.1	  0.17052	 -0.19198	  0.35982	 -2.75417	 -2.92469	  0.40784	  0.31533	 -0.03274	  0.06136	  0.06954
3.7	     11.3	  0.19196	 -0.22295	  0.41732	 -2.75698	 -2.94894	  0.47314	  0.34478	  -0.0428	  0.08011	  0.09082
3.7	     11.5	  0.20956	 -0.17513	  0.38246	 -2.75631	 -2.96587	  0.42065	  0.29338	  -0.0367	  0.08015	  0.08815
3.7	     11.7	  0.22517	 -0.06291	  0.29886	 -2.75194	 -2.97711	  0.30541	  0.20549	 -0.01417	  0.06729	  0.06877
3.7	     11.9	  0.23525	  0.08114	  0.18264	 -2.74931	 -2.98456	  0.19986	  0.13156	  0.01909	  0.04297	  0.04702
3.7	     12.1	  0.24217	  0.18844	  0.05094	 -2.74814	 -2.99031	   0.1952	  0.12664	  0.04564	  0.01234	  0.04727
3.7	     12.3	  0.24997	  0.33162	 -0.02025	 -2.74656	 -2.99653	  0.33224	  0.21216	   0.0829	 -0.00506	  0.08305
3.7	     12.5	  0.26046	  0.45395	 -0.02454	 -2.74493	 -3.00539	  0.45462	  0.28441	  0.11824	 -0.00639	  0.11841
3.7	     12.7	  0.27325	  0.53714	 -0.00802	 -2.74564	 -3.01889	   0.5372	  0.32811	  0.14677	 -0.00219	  0.14679

3.9	      0.1	  0.00408	 -0.45572	  0.00725	 -0.09034	-0.094416	  0.45578	   2.2788	 -0.00186	    3e-05	  0.00186
3.9	      0.3	   0.0055	 -0.53961	  0.08299	 -0.09775	-0.103251	  0.54595	  2.34933	 -0.00297	  0.00046	  0.00301
3.9	      0.5	  0.00508	  -0.5322	  0.08218	 -0.10439	-0.109469	  0.53851	  2.41329	  -0.0027	  0.00042	  0.00273
3.9	      0.7	  0.00453	 -0.49736	  0.08565	 -0.11069	-0.115221	  0.50468	  2.39329	 -0.00225	  0.00039	  0.00229
3.9	      0.9	  0.00411	 -0.44817	  0.11435	 -0.11857	-0.122683	  0.46253	  2.30284	 -0.00184	  0.00047	   0.0019
3.9	      1.1	  0.00382	  -0.3876	  0.16325	 -0.13013	-0.133944	  0.42058	  2.17337	 -0.00148	  0.00062	  0.00161
3.9	      1.3	  0.00354	 -0.31266	  0.22858	 -0.14737	-0.150909	  0.38731	  2.07744	 -0.00111	  0.00081	  0.00137
3.9	      1.5	  0.00349	 -0.22937	  0.30318	 -0.17171	-0.175201	  0.38017	  2.05345	  -0.0008	  0.00106	  0.00133
3.9	      1.7	  0.00369	  -0.1256	  0.38436	  -0.2044	-0.208084	  0.40436	  2.12624	 -0.00046	  0.00142	  0.00149
3.9	      1.9	  0.00335	 -0.02839	  0.43214	 -0.24705	-0.250399	  0.43307	  2.38967	  -0.0001	  0.00145	  0.00145
3.9	      2.1	  0.00337	  0.00865	  0.47844	 -0.29915	-0.302523	  0.47852	  2.63174	    3e-05	  0.00161	  0.00161
3.9	      2.3	   0.0036	  0.07207	  0.53403	 -0.36075	-0.364352	  0.53887	  2.86794	  0.00026	  0.00192	  0.00194
3.9	      2.5	  0.00389	  0.14422	  0.59444	 -0.43142	-0.435305	  0.61168	  3.13131	  0.00056	  0.00231	  0.00238
3.9	      2.7	  0.00408	  0.21258	   0.6441	 -0.51027	-0.514351	  0.67827	  3.38847	  0.00087	  0.00263	  0.00277
3.9	      2.9	  0.00427	  0.26769	  0.68437	 -0.59579	-0.600065	  0.73486	  3.58994	  0.00114	  0.00292	  0.00314
3.9	      3.1	  0.00449	  0.31005	  0.71869	  -0.6862	 -0.69069	  0.78272	  3.73093	  0.00139	  0.00322	  0.00351
3.9	      3.3	  0.00474	  0.34164	   0.7489	 -0.77949	-0.784229	  0.82315	  3.81571	  0.00162	  0.00355	   0.0039
3.9	      3.5	  0.00506	  0.35936	  0.77168	 -0.87348	-0.878544	  0.85125	  3.81975	  0.00182	  0.00391	  0.00431
3.9	      3.7	  0.00543	  0.36011	   0.7901	 -0.96602	-0.971456	   0.8683	  3.76108	  0.00196	  0.00429	  0.00472
3.9	      3.9	  0.00587	  0.35191	   0.8038	 -1.05499	 -1.06086	  0.87746	  3.65544	  0.00207	  0.00472	  0.00515
3.9	      4.1	  0.00641	  0.33088	  0.81249	  -1.1384	 -1.14481	  0.87728	  3.49727	  0.00212	  0.00521	  0.00563
3.9	      4.3	   0.0071	   0.2941	  0.81651	 -1.21454	 -1.22164	  0.86786	  3.28881	  0.00209	   0.0058	  0.00616
3.9	      4.5	  0.00804	  0.23117	  0.80597	   -1.282	 -1.29004	  0.83846	  2.98499	  0.00186	  0.00648	  0.00674
3.9	      4.7	  0.01247	  0.07378	  0.81913	 -1.33663	  -1.3491	  0.82245	   2.3517	  0.00092	  0.01021	  0.01025
3.9	      4.9	   0.0264	 -0.38602	  0.92088	 -1.37198	 -1.39838	  0.99851	  1.96209	 -0.01019	  0.02431	  0.02636
3.9	      5.1	  0.04115	 -0.73492	   0.9882	 -1.39675	  -1.4379	  1.23152	  1.93821	 -0.03024	  0.04067	  0.05068
3.9	      5.3	  0.04764	 -0.90525	  1.01469	 -1.42056	  -1.4682	   1.3598	  1.98904	 -0.04313	  0.04834	  0.06478
3.9	      5.5	  0.04574	 -0.96204	  0.97959	 -1.44448	 -1.49022	    1.373	  2.04963	 -0.04401	  0.04481	   0.0628
3.9	      5.7	  0.03727	 -0.94363	  0.87219	 -1.46808	 -1.50535	  1.28497	  2.12507	 -0.03517	  0.03251	  0.04789
3.9	      5.9	  0.02492	  -0.8729	  0.66962	 -1.49039	 -1.51531	  1.10016	  2.22506	 -0.02175	  0.01669	  0.02742
3.9	      6.1	  0.01311	 -0.72013	  0.38006	 -1.50895	 -1.52206	  0.81427	  2.27076	 -0.00944	  0.00498	  0.01067
3.9	      6.3	  0.00664	 -0.56276	  0.16725	 -1.52108	 -1.52772	  0.58709	  2.30068	 -0.00374	  0.00111	   0.0039
3.9	      6.5	  0.00455	 -0.47751	  0.12237	 -1.52993	 -1.53448	  0.49294	  2.33315	 -0.00217	  0.00056	  0.00224
3.9	      6.7	  0.00397	 -0.40996	  0.14703	 -1.54048	 -1.54445	  0.43553	  2.20582	 -0.00163	  0.00058	  0.00173
3.9	      6.9	  0.00363	  -0.3362	  0.20857	 -1.55599	 -1.55962	  0.39565	  2.09779	 -0.00122	  0.00076	  0.00143
3.9	      7.1	  0.00349	 -0.25541	  0.28109	 -1.57819	 -1.58168	   0.3798	  2.05145	 -0.00089	  0.00098	  0.00133
3.9	      7.3	  0.00362	 -0.15526	  0.36147	  -1.6084	 -1.61202	   0.3934	  2.08762	 -0.00056	  0.00131	  0.00142
3.9	      7.5	  0.00354	 -0.04269	  0.42674	 -1.64805	 -1.65159	  0.42887	  2.30155	 -0.00015	  0.00151	  0.00152
3.9	      7.7	   0.0033	 -0.01137	  0.46449	 -1.69762	 -1.70092	  0.46463	  2.58065	   -4e-05	  0.00153	  0.00154
3.9	      7.9	  0.00354	  0.05004	  0.51747	 -1.75649	 -1.76003	  0.51988	  2.79086	  0.00018	  0.00183	  0.00184
3.9	      8.1	  0.00379	  0.12267	  0.57624	 -1.82468	 -1.82847	  0.58915	  3.05341	  0.00047	  0.00219	  0.00224
3.9	      8.3	  0.00406	  0.19444	  0.63245	 -1.90129	 -1.90535	  0.66167	   3.3167	  0.00079	  0.00257	  0.00268
3.9	      8.5	  0.00423	   0.2537	  0.67468	  -1.9851	 -1.98933	   0.7208	  3.53978	  0.00107	  0.00285	  0.00305
3.9	      8.7	  0.00443	  0.29948	  0.71015	 -2.07432	 -2.07875	  0.77072	  3.69751	  0.00133	  0.00315	  0.00341
3.9	      8.9	  0.00467	  0.33385	   0.7412	 -2.16701	 -2.17168	  0.81292	  3.79769	  0.00156	  0.00346	   0.0038
3.9	      9.1	  0.00497	  0.35618	  0.76644	 -2.26103	   -2.266	  0.84516	   3.8278	  0.00177	  0.00381	   0.0042
3.9	      9.3	  0.00532	  0.36118	  0.78541	 -2.35421	 -2.35953	  0.86448	  3.78235	  0.00192	  0.00418	   0.0046
3.9	      9.5	  0.00574	  0.35556	  0.80064	 -2.44439	 -2.45013	  0.87604	  3.69087	  0.00204	   0.0046	  0.00503
3.9	      9.7	  0.00625	  0.33841	  0.81052	 -2.52956	 -2.53581	  0.87833	  3.54716	  0.00212	  0.00507	  0.00549
3.9	      9.9	  0.00689	  0.30643	  0.81633	 -2.60793	 -2.61482	  0.87195	  3.35453	  0.00211	  0.00562	  0.00601
3.9	     10.1	   0.0077	  0.25322	  0.81093	 -2.67803	 -2.68573	  0.84954	  3.09052	  0.00195	  0.00625	  0.00654
3.9	     10.3	  0.01072	  0.14123	  0.78785	 -2.73679	 -2.74751	  0.80041	  2.46835	  0.00151	  0.00844	  0.00858
3.9	     10.5	  0.02589	 -0.32665	  0.83127	  -2.7737	 -2.79959	  0.89315	   1.7722	 -0.00846	  0.02152	  0.02312
3.9	     10.7	  0.06564	 -0.30814	  0.78695	 -2.77621	 -2.84185	  0.84513	  1.05318	 -0.02023	  0.05166	  0.05547
3.9	     10.9	  0.11942	  -0.2789	   0.6008	 -2.75527	 -2.87469	  0.66238	  0.61199	 -0.03331	  0.07175	   0.0791
3.9	     11.1	  0.15281	 -0.34674	  0.51142	 -2.74613	 -2.89894	  0.61788	  0.50466	 -0.05299	  0.07815	  0.09442
3.9	     11.3	  0.15947	  -0.2784	  0.44064	  -2.7564	 -2.91587	  0.52122	  0.41673	 -0.04439	  0.07027	  0.08312
3.9	     11.5	  0.17209	 -0.14815	  0.29783	 -2.75502	 -2.92711	  0.33265	  0.25602	  -0.0255	  0.05125	  0.05725
3.9	     11.7	  0.17881	  0.01791	  0.15501	 -2.75575	 -2.93456	  0.15604	  0.11782	   0.0032	  0.02772	   0.0279
3.9	     11.9	  0.18769	  0.20007	  0.06828	 -2.75262	 -2.94031	  0.21141	   0.1558	  0.03755	  0.01282	  0.03968
3.9	     12.1	  0.19569	  0.30193	  0.01677	 -2.75084	 -2.94653	  0.30239	  0.21825	  0.05908	  0.00328	  0.05918
3.9	     12.3	  0.20542	  0.40222	 -0.01295	 -2.74997	 -2.95539	  0.40243	  0.28349	  0.08262	 -0.00266	  0.08267
3.9	     12.5	  0.21967	  0.51117	  -0.0103	 -2.74922	 -2.96889	  0.51127	  0.34828	  0.11229	 -0.00226	  0.11231
3.9	     12.7	  0.23864	  0.58754	 -0.00222	  -2.7502	 -2.98884	  0.58754	    0.384	  0.14021	 -0.00053	  0.14021

4.1	      0.1	  0.00394	 -0.46541	  0.00817	 -0.04931	-0.053251	  0.46548	  2.36634	 -0.00184	    3e-05	  0.00184
4.1	      0.3	  0.00466	 -0.50793	  0.07035	 -0.05481	-0.059469	  0.51278	   2.3995	 -0.00236	  0.00033	  0.00239
4.1	      0.5	  0.00438	 -0.48728	  0.08242	 -0.06084	-0.065221	   0.4942	  2.38512	 -0.00213	  0.00036	  0.00216
4.1	      0.7	  0.00404	 -0.44326	  0.11293	 -0.06865	-0.072683	  0.45742	  2.29853	 -0.00179	  0.00046	  0.00185
4.1	      0.9	  0.00376	 -0.38409	  0.16156	 -0.08018	-0.083944	  0.41668	  2.16956	 -0.00144	  0.00061	  0.00157
4.1	      1.1	   0.0035	 -0.31025	  0.22661	 -0.09741	-0.100909	  0.38419	  2.07302	 -0.00109	  0.00079	  0.00135
4.1	      1.3	  0.00346	  -0.2278	  0.30146	 -0.12174	-0.125201	  0.37785	  2.04956	 -0.00079	  0.00104	  0.00131
4.1	      1.5	  0.00366	 -0.12473	  0.38287	 -0.15442	-0.158084	  0.40267	  2.12405	 -0.00046	   0.0014	  0.00148
4.1	      1.7	  0.00333	 -0.02804	  0.43079	 -0.19707	-0.200399	   0.4317	  2.38821	   -9e-05	  0.00143	  0.00144
4.1	      1.9	  0.00336	  0.00879	  0.47736	 -0.24917	-0.252523	  0.47744	   2.6308	    3e-05	   0.0016	   0.0016
4.1	      2.1	  0.00359	  0.07208	  0.53317	 -0.31076	-0.314352	  0.53802	  2.86742	  0.00026	  0.00191	  0.00193
4.1	      2.3	  0.00388	  0.14416	  0.59377	 -0.38142	-0.385305	  0.61102	  3.13101	  0.00056	  0.00231	  0.00237
4.1	      2.5	  0.00408	  0.21248	  0.64355	 -0.46027	-0.464351	  0.67772	  3.38826	  0.00087	  0.00262	  0.00276
4.1	      2.7	  0.00427	  0.26757	  0.68392	  -0.5458	-0.550065	   0.7344	   3.5898	  0.00114	  0.00292	  0.00313
4.1	      2.9	  0.00448	  0.30992	  0.71832	 -0.63621	-0.640689	  0.78233	  3.73078	  0.00139	  0.00322	  0.00351
4.1	      3.1	  0.00474	  0.34153	  0.74862	 -0.72949	-0.734229	  0.82285	  3.81564	  0.00162	  0.00355	   0.0039
4.1	      3.3	  0.00506	  0.35928	  0.77146	 -0.82348	-0.828544	  0.85101	  3.81969	  0.00182	   0.0039	  0.00431
4.1	      3.5	  0.00543	  0.36003	  0.78992	 -0.91603	-0.921456	   0.8681	  3.76099	  0.00196	  0.00429	  0.00471
4.1	      3.7	  0.00587	  0.35185	  0.80367	 -1.00499	 -1.01086	  0.87732	  3.65541	  0.00207	  0.00472	  0.00515
4.1	      3.9	  0.00641	  0.33084	  0.81234	  -1.0884	 -1.09481	  0.87713	  3.49715	  0.00212	  0.00521	  0.00562
4.1	      4.1	   0.0071	   0.2941	  0.81652	 -1.16454	 -1.17164	  0.86787	  3.28939	  0.00209	  0.00579	  0.00616
4.1	      4.3	    0.008	  0.23359	   0.8079	 -1.23204	 -1.24004	    0.841	  3.00175	  0.00187	  0.00646	  0.00673
4.1	      4.5	  0.01168	  0.10143	  0.80897	 -1.28742	  -1.2991	   0.8153	  2.40868	  0.00118	  0.00945	  0.00952
4.1	      4.7	  0.02473	 -0.34057	  0.90105	 -1.32365	 -1.34838	  0.96326	   1.9555	 -0.00842	  0.02229	  0.02383
4.1	      4.9	  0.03931	 -0.70341	  0.96733	 -1.34859	  -1.3879	  1.19604	  1.92603	 -0.02765	  0.03803	  0.04702
4.1	      5.1	   0.0458	 -0.88164	  0.99328	  -1.3724	  -1.4182	  1.32812	  1.98143	 -0.04038	  0.04549	  0.06082
4.1	      5.3	   0.0439	 -0.94142	  0.95603	 -1.39632	 -1.44022	  1.34174	  2.04451	 -0.04133	  0.04197	  0.05891
4.1	      5.5	   0.0355	 -0.92406	  0.84483	 -1.41985	 -1.45535	  1.25205	  2.12171	  -0.0328	  0.02999	  0.04444
4.1	      5.7	  0.02346	 -0.85381	   0.6364	 -1.44185	 -1.46531	  1.06489	  2.21986	 -0.02003	  0.01493	  0.02498
4.1	      5.9	  0.01219	 -0.70293	  0.34886	 -1.45987	 -1.47206	  0.78474	  2.26933	 -0.00857	  0.00425	  0.00957
4.1	      6.1	  0.00635	 -0.55525	  0.15532	 -1.47137	 -1.47772	  0.57657	   2.3102	 -0.00353	  0.00099	  0.00366
4.1	      6.3	  0.00451	 -0.47571	  0.11902	 -1.47997	 -1.48448	  0.49037	  2.33165	 -0.00214	  0.00054	  0.00221
4.1	      6.5	  0.00396	 -0.40959	  0.14719	  -1.4905	 -1.49446	  0.43524	  2.20765	 -0.00162	  0.00058	  0.00172
4.1	      6.7	  0.00363	 -0.33653	  0.20879	 -1.50599	 -1.50962	  0.39603	  2.09802	 -0.00122	  0.00076	  0.00144
4.1	      6.9	   0.0035	 -0.25555	   0.2812	 -1.52818	 -1.53168	  0.37997	  2.05192	 -0.00089	  0.00098	  0.00133
4.1	      7.1	  0.00362	 -0.15528	  0.36151	  -1.5584	 -1.56202	  0.39344	  2.08772	 -0.00056	  0.00131	  0.00142
4.1	      7.3	  0.00354	 -0.04268	  0.42676	 -1.59805	 -1.60159	  0.42889	  2.30158	 -0.00015	  0.00151	  0.00152
4.1	      7.5	   0.0033	 -0.01137	   0.4645	 -1.64762	 -1.65092	  0.46464	  2.58067	   -4e-05	  0.00153	  0.00154
4.1	      7.7	  0.00354	  0.05004	  0.51749	 -1.70649	 -1.71003	   0.5199	  2.79087	  0.00018	  0.00183	  0.00184
4.1	      7.9	   0.0038	  0.12268	  0.57625	 -1.77467	 -1.77847	  0.58917	  3.05342	  0.00047	  0.00219	  0.00224
4.1	      8.1	  0.00406	  0.19445	  0.63247	 -1.85129	 -1.85535	  0.66169	  3.31671	  0.00079	  0.00257	  0.00268
4.1	      8.3	  0.00423	  0.25371	  0.67471	  -1.9351	 -1.93933	  0.72083	  3.53979	  0.00107	  0.00285	  0.00305
4.1	      8.5	  0.00443	  0.29949	  0.71018	 -2.02432	 -2.02875	  0.77075	  3.69752	  0.00133	  0.00315	  0.00341
4.1	      8.7	  0.00467	  0.33385	  0.74124	 -2.11701	 -2.12168	  0.81295	  3.79771	  0.00156	  0.00346	   0.0038
4.1	      8.9	  0.00497	  0.35623	  0.76643	 -2.21102	 -2.21599	  0.84517	  3.82771	  0.00177	  0.00381	   0.0042
4.1	      9.1	  0.00533	   0.3612	  0.78545	 -2.30419	 -2.30952	  0.86452	  3.78249	  0.00192	  0.00418	   0.0046
4.1	      9.3	  0.00574	  0.35556	  0.80068	 -2.39439	 -2.40013	  0.87608	  3.69095	  0.00204	   0.0046	  0.00503
4.1	      9.5	  0.00625	  0.33841	  0.81054	 -2.47956	 -2.48581	  0.87835	  3.54713	  0.00212	  0.00507	  0.00549
4.1	      9.7	  0.00689	  0.30648	  0.81639	 -2.55793	 -2.56482	  0.87202	  3.35482	  0.00211	  0.00562	  0.00601
4.1	      9.9	  0.00769	  0.25432	  0.81202	 -2.62804	 -2.63573	  0.85091	  3.09895	  0.00195	  0.00624	  0.00654
4.1	     10.1	  0.01018	     0.15	  0.79534	 -2.68733	 -2.69751	  0.80936	   2.5607	  0.00153	   0.0081	  0.00824
4.1	     10.3	  0.02211	  -0.2439	  0.88171	 -2.72748	 -2.74959	  0.91482	  1.96436	 -0.00539	  0.01949	  0.02023
4.1	     10.5	  0.03858	 -0.65733	  0.98479	 -2.75327	 -2.79185	  1.18402	  1.92467	 -0.02536	  0.03799	  0.04568
4.1	     10.7	  0.04479	  -0.8234	  0.97471	  -2.7799	 -2.82469	  1.27595	  1.92499	 -0.03688	  0.04365	  0.05714
4.1	     10.9	  0.06127	 -0.72395	   0.8314	 -2.78767	 -2.84894	  1.10242	  1.42194	 -0.04436	  0.05094	  0.06755
4.1	     11.1	  0.10695	  -0.4788	  0.39515	 -2.75892	 -2.86587	   0.6208	  0.60606	 -0.05121	  0.04226	   0.0664
4.1	     11.3	  0.11773	 -0.18753	  0.07179	 -2.75938	 -2.87711	   0.2008	  0.18685	 -0.02208	  0.00845	  0.02364
4.1	     11.5	  0.12332	 -0.03719	 -0.08033	 -2.76124	 -2.88456	  0.08852	  0.08048	 -0.00459	 -0.00991	  0.01092
4.1	     11.7	  0.13142	  0.09013	 -0.12668	 -2.75889	 -2.89031	  0.15547	  0.13693	  0.01184	 -0.01665	  0.02043
4.1	     11.9	   0.1405	  0.25962	 -0.09305	 -2.75603	 -2.89653	   0.2758	  0.23492	  0.03648	 -0.01307	  0.03875
4.1	     12.1	  0.15079	   0.3722	  -0.0449	  -2.7546	 -2.90539	   0.3749	  0.30824	  0.05612	 -0.00677	  0.05653
4.1	     12.3	  0.16462	  0.46968	 -0.00832	 -2.75427	 -2.91889	  0.46975	  0.36965	  0.07732	 -0.00137	  0.07733
4.1	     12.5	  0.18318	   0.5803	  0.01184	 -2.75566	 -2.93884	  0.58042	  0.43298	   0.1063	  0.00217	  0.10632
4.1	     12.7	  0.20862	  0.65709	  0.00514	 -2.75808	  -2.9667	  0.65711	  0.45933	  0.13708	  0.00107	  0.13709

4.3	      0.1	  0.00353	 -0.44756	   0.0062	 -0.00594	-0.009469	  0.44761	  2.40665	 -0.00158	    2e-05	  0.00158
4.3	      0.3	  0.00405	  -0.4673	  0.06896	 -0.01117	-0.015221	  0.47236	  2.36893	 -0.00189	  0.00028	  0.00191
4.3	      0.5	  0.00387	 -0.43254	  0.10912	 -0.01881	-0.022683	   0.4461	  2.28935	 -0.00167	  0.00042	  0.00173
4.3	      0.7	  0.00366	  -0.3774	  0.15829	 -0.03029	-0.033944	  0.40925	  2.16084	 -0.00138	  0.00058	   0.0015
4.3	      0.9	  0.00342	 -0.30579	  0.22303	 -0.04748	-0.050909	  0.37848	  2.06499	 -0.00105	  0.00076	   0.0013
4.3	      1.1	  0.00341	 -0.22506	  0.29839	 -0.07179	-0.075201	  0.37375	  2.04253	 -0.00077	  0.00102	  0.00128
4.3	      1.3	  0.00362	 -0.12327	   0.3803	 -0.10446	-0.108084	  0.39978	  2.12024	 -0.00045	  0.00138	  0.00145
4.3	      1.5	   0.0033	 -0.02745	  0.42844	  -0.1471	-0.150399	  0.42932	  2.38575	   -9e-05	  0.00141	  0.00142
4.3	      1.7	  0.00333	  0.00902	  0.47547	 -0.19919	-0.202523	  0.47555	  2.62917	    3e-05	  0.00159	  0.00159
4.3	      1.9	  0.00357	   0.0721	  0.53169	 -0.26078	-0.264352	  0.53655	  2.86651	  0.00026	   0.0019	  0.00192
4.3	      2.1	  0.00387	  0.14405	  0.59264	 -0.33144	-0.335305	  0.60989	  3.13048	  0.00056	  0.00229	  0.00236
4.3	      2.3	  0.00407	   0.2123	  0.64262	 -0.41028	-0.414351	  0.67678	  3.38791	  0.00086	  0.00261	  0.00275
4.3	      2.5	  0.00426	  0.26737	  0.68316	 -0.49581	-0.500065	  0.73362	  3.58955	  0.00114	  0.00291	  0.00312
4.3	      2.7	  0.00448	  0.30973	  0.71772	 -0.58621	-0.590689	   0.7817	   3.7306	  0.00139	  0.00321	   0.0035
4.3	      2.9	  0.00474	  0.34137	  0.74814	 -0.67949	-0.684229	  0.82234	  3.81551	  0.00162	  0.00354	  0.00389
4.3	      3.1	  0.00506	  0.35913	  0.77108	 -0.77349	-0.778544	  0.85061	  3.81959	  0.00182	   0.0039	   0.0043
4.3	      3.3	  0.00543	  0.35991	   0.7896	 -0.86603	-0.871456	  0.86776	  3.76084	  0.00195	  0.00429	  0.00471
4.3	      3.5	  0.00587	  0.35175	  0.80343	 -0.95499	-0.960856	  0.87706	  3.65536	  0.00206	  0.00471	  0.00515
4.3	      3.7	  0.00641	  0.33076	  0.81214	  -1.0384	 -1.04481	  0.87691	  3.49705	  0.00212	  0.00521	  0.00562
4.3	      3.9	  0.00709	  0.29411	   0.8164	 -1.11455	 -1.12164	  0.86776	  3.28964	  0.00209	  0.00579	  0.00616
4.3	      4.1	  0.00798	   0.2351	  0.81052	 -1.18206	 -1.19004	  0.84393	  3.01608	  0.00188	  0.00647	  0.00674
4.3	      4.3	    0.011	  0.12337	  0.79877	  -1.2381	  -1.2491	  0.80824	  2.46037	  0.00136	  0.00879	  0.00889
4.3	      4.5	  0.02301	 -0.28348	  0.88027	 -1.27537	 -1.29838	  0.92479	  1.94636	 -0.00652	  0.02026	  0.02128
4.3	      4.7	  0.03739	 -0.66693	  0.94514	 -1.30051	  -1.3379	  1.15676	  1.90989	 -0.02494	  0.03534	  0.04326
4.3	      4.9	  0.04393	 -0.85596	  0.96968	 -1.32427	  -1.3682	  1.29343	   1.9703	  -0.0376	   0.0426	  0.05682
4.3	      5.1	  0.04204	 -0.91997	  0.93043	 -1.34818	 -1.39022	  1.30845	   2.0374	 -0.03868	  0.03912	  0.05501
4.3	      5.3	  0.03369	 -0.90388	  0.81567	 -1.37166	 -1.40535	  1.21751	  2.11795	 -0.03045	  0.02748	  0.04101
4.3	      5.5	  0.02197	 -0.83408	  0.60159	 -1.39334	 -1.41531	  1.02839	  2.21494	 -0.01833	  0.01322	   0.0226
4.3	      5.7	   0.0113	   -0.685	  0.31751	 -1.41076	 -1.42206	  0.75501	  2.26786	 -0.00774	  0.00359	  0.00853
4.3	      5.9	  0.00608	 -0.54838	  0.14427	 -1.42164	 -1.42772	  0.56704	  2.32212	 -0.00333	  0.00088	  0.00345
4.3	      6.1	  0.00447	 -0.47385	  0.11588	 -1.43001	 -1.43448	  0.48781	  2.33024	 -0.00212	  0.00052	  0.00218
4.3	      6.3	  0.00395	  -0.4091	  0.14716	 -1.44051	 -1.44446	  0.43476	  2.20873	 -0.00162	  0.00058	  0.00172
4.3	      6.5	  0.00364	 -0.33669	  0.20896	 -1.45598	 -1.45962	  0.39626	  2.09825	 -0.00122	  0.00076	  0.00144
4.3	      6.7	   0.0035	 -0.25562	  0.28128	 -1.47818	 -1.48168	  0.38008	  2.05221	 -0.00089	  0.00098	  0.00133
4.3	      6.9	  0.00362	 -0.15527	  0.36152	  -1.5084	 -1.51202	  0.39345	  2.08775	 -0.00056	  0.00131	  0.00142
4.3	      7.1	  0.00354	 -0.04266	  0.42675	 -1.54805	 -1.55159	  0.42888	  2.30157	 -0.00015	  0.00151	  0.00152
4.3	      7.3	   0.0033	 -0.01136	   0.4645	 -1.59762	 -1.60092	  0.46464	  2.58067	   -4e-05	  0.00153	  0.00154
4.3	      7.5	  0.00354	  0.05004	  0.51748	 -1.65649	 -1.66003	   0.5199	  2.79086	  0.00018	  0.00183	  0.00184
4.3	      7.7	   0.0038	  0.12268	  0.57626	 -1.72467	 -1.72847	  0.58917	  3.05342	  0.00047	  0.00219	  0.00224
4.3	      7.9	  0.00406	  0.19445	  0.63248	 -1.80129	 -1.80535	   0.6617	  3.31672	  0.00079	  0.00257	  0.00268
4.3	      8.1	  0.00423	  0.25371	  0.67471	  -1.8851	 -1.88933	  0.72084	  3.53979	  0.00107	  0.00285	  0.00305
4.3	      8.3	  0.00443	  0.29949	  0.71019	 -1.97432	 -1.97875	  0.77076	  3.69752	  0.00133	  0.00315	  0.00341
4.3	      8.5	  0.00467	  0.33386	  0.74125	 -2.06701	 -2.07168	  0.81297	  3.79769	  0.00156	  0.00346	   0.0038
4.3	      8.7	  0.00497	  0.35624	  0.76649	 -2.16103	   -2.166	  0.84523	  3.82787	  0.00177	  0.00381	   0.0042
4.3	      8.9	  0.00533	  0.36123	  0.78546	  -2.2542	 -2.25953	  0.86454	  3.78239	  0.00192	  0.00418	   0.0046
4.3	      9.1	  0.00574	  0.35559	  0.80069	 -2.34439	 -2.35013	   0.8761	  3.69093	  0.00204	   0.0046	  0.00503
4.3	      9.3	  0.00625	  0.33843	  0.81054	 -2.42956	 -2.43581	  0.87836	  3.54712	  0.00212	  0.00507	  0.00549
4.3	      9.5	  0.00689	  0.30652	  0.81643	 -2.50793	 -2.51482	  0.87208	  3.35506	  0.00211	  0.00562	  0.00601
4.3	      9.7	  0.00767	  0.25555	  0.81262	 -2.57806	 -2.58573	  0.85185	  3.10517	  0.00196	  0.00623	  0.00654
4.3	      9.9	  0.00982	  0.15983	  0.79444	 -2.63769	 -2.64751	  0.81036	   2.6105	  0.00157	   0.0078	  0.00796
4.3	     10.1	  0.02039	 -0.19741	  0.86554	  -2.6792	 -2.69959	  0.88777	  1.98476	 -0.00403	  0.01765	  0.01811
4.3	     10.3	  0.03578	 -0.61772	  0.94441	 -2.70607	 -2.74185	  1.12849	  1.90468	  -0.0221	  0.03379	  0.04038
4.3	     10.5	  0.04484	 -0.83473	  0.98394	 -2.72985	 -2.77469	  1.29031	  1.94556	 -0.03743	  0.04412	  0.05785
4.3	     10.7	  0.04307	  -0.9282	  0.97174	 -2.75587	 -2.79894	  1.34381	  2.06746	 -0.03997	  0.04185	  0.05787
4.3	     10.9	  0.03667	 -0.89453	  0.86052	  -2.7792	 -2.81587	  1.24124	  2.06943	 -0.03281	  0.03156	  0.04552
4.3	     11.1	  0.04711	 -0.67809	  0.37409	    -2.78	 -2.82711	  0.77443	  1.13919	 -0.03194	  0.01762	  0.03648
4.3	     11.3	  0.07079	 -0.09354	 -0.14666	 -2.76377	 -2.83456	  0.17395	  0.20874	 -0.00662	 -0.01038	  0.01231
4.3	     11.5	   0.0787	  0.01158	 -0.23908	 -2.76161	 -2.84031	  0.23936	  0.27242	  0.00091	 -0.01882	  0.01884
4.3	     11.7	  0.08733	  0.09323	 -0.21421	  -2.7592	 -2.84653	  0.23361	   0.2524	  0.00814	 -0.01871	   0.0204
4.3	     11.9	  0.09769	   0.2568	 -0.13742	  -2.7577	 -2.85539	  0.29126	  0.29752	  0.02509	 -0.01342	  0.02845
4.3	     12.1	  0.11197	  0.39128	 -0.04937	 -2.75692	 -2.86889	  0.39439	   0.3763	  0.04381	 -0.00553	  0.04416
4.3	     12.3	  0.13048	   0.5138	  0.01167	 -2.75836	 -2.88884	  0.51393	  0.45426	  0.06704	  0.00152	  0.06706
4.3	     12.5	  0.15515	  0.64842	  0.03788	 -2.76155	  -2.9167	  0.64953	   0.5265	   0.1006	  0.00588	  0.10077
4.3	     12.7	  0.18925	  0.72865	  0.01217	 -2.76433	 -2.95358	  0.72876	  0.53485	   0.1379	   0.0023	  0.13792

4.5	      0.1	  0.00322	 -0.42222	  0.00417	    0.038	 0.034779	  0.42224	   2.3744	 -0.00136	    1e-05	  0.00136
4.5	      0.3	   0.0036	 -0.41383	  0.08997	  0.03092	 0.027317	   0.4235	  2.25332	 -0.00149	  0.00032	  0.00152
4.5	      0.5	  0.00345	 -0.36517	  0.14977	   0.0195	 0.016056	  0.39469	   2.1465	 -0.00126	  0.00052	  0.00136
4.5	      0.7	  0.00328	 -0.29758	  0.21625	  0.00237	-0.000909	  0.36785	  2.04969	 -0.00098	  0.00071	  0.00121
4.5	      0.9	  0.00331	 -0.21996	   0.2927	 -0.02189	-0.025201	  0.36614	  2.03066	 -0.00073	  0.00097	  0.00121
4.5	      1.1	  0.00356	 -0.12074	  0.37581	 -0.05453	-0.058084	  0.39473	  2.11307	 -0.00043	  0.00134	   0.0014
4.5	      1.3	  0.00325	 -0.02647	  0.42438	 -0.09715	-0.100399	  0.42521	  2.38154	   -9e-05	  0.00138	  0.00138
4.5	      1.5	   0.0033	  0.00942	  0.47217	 -0.14923	-0.152523	  0.47227	   2.6264	    3e-05	  0.00156	  0.00156
4.5	      1.7	  0.00354	  0.07214	  0.52909	 -0.21081	-0.214352	  0.53398	  2.86495	  0.00026	  0.00187	  0.00189
4.5	      1.9	  0.00385	  0.14385	  0.59064	 -0.28146	-0.285305	  0.60791	  3.12956	  0.00055	  0.00227	  0.00234
4.5	      2.1	  0.00405	  0.21199	  0.64098	  -0.3603	-0.364351	  0.67513	  3.38729	  0.00086	   0.0026	  0.00273
4.5	      2.3	  0.00424	  0.26702	  0.68183	 -0.44582	-0.450065	  0.73225	  3.58911	  0.00113	  0.00289	  0.00311
4.5	      2.5	  0.00446	  0.30939	  0.71667	 -0.53623	-0.540689	   0.7806	  3.73027	  0.00138	   0.0032	  0.00348
4.5	      2.7	  0.00473	  0.34106	  0.74731	  -0.6295	-0.634229	  0.82146	  3.81526	  0.00161	  0.00353	  0.00388
4.5	      2.9	  0.00505	  0.35887	  0.77043	  -0.7235	-0.728544	  0.84992	   3.8194	  0.00181	  0.00389	  0.00429
4.5	      3.1	  0.00542	  0.35971	  0.78908	 -0.81604	-0.821456	   0.8672	  3.76067	  0.00195	  0.00428	   0.0047
4.5	      3.3	  0.00586	  0.35158	  0.80302	 -0.90499	-0.910856	  0.87661	  3.65518	  0.00206	  0.00471	  0.00514
4.5	      3.5	   0.0064	  0.33064	  0.81179	  -0.9884	-0.994808	  0.87654	  3.49688	  0.00212	   0.0052	  0.00561
4.5	      3.7	  0.00709	  0.29405	  0.81619	 -1.06455	 -1.07164	  0.86754	   3.2899	  0.00208	  0.00579	  0.00615
4.5	      3.9	  0.00796	  0.23656	  0.81102	 -1.13208	 -1.14004	  0.84482	  3.02419	  0.00188	  0.00645	  0.00672
4.5	      4.1	  0.01054	  0.13657	  0.79601	 -1.18856	  -1.1991	  0.80764	  2.51198	  0.00144	  0.00839	  0.00851
4.5	      4.3	  0.02118	 -0.22528	  0.85818	  -1.2272	 -1.24838	  0.88726	  1.94641	 -0.00477	  0.01818	  0.01879
4.5	      4.5	   0.0353	 -0.62222	  0.92185	  -1.2526	  -1.2879	  1.11219	   1.8901	 -0.02196	  0.03254	  0.03926
4.5	      4.7	  0.04201	 -0.82707	  0.94178	 -1.27619	  -1.3182	  1.25339	  1.95243	 -0.03474	  0.03956	  0.05265
4.5	      4.9	  0.04015	 -0.89747	  0.90108	 -1.30007	 -1.34022	  1.27177	  2.02647	 -0.03603	  0.03618	  0.05106
4.5	      5.1	  0.03187	  -0.8833	  0.78341	 -1.32349	 -1.35536	  1.18066	  2.11169	 -0.02815	  0.02496	  0.03762
4.5	      5.3	  0.02048	 -0.81409	  0.56417	 -1.34483	 -1.36531	  0.99047	   2.2095	 -0.01668	  0.01156	  0.02029
4.5	      5.5	  0.01043	 -0.66656	  0.28591	 -1.36163	 -1.37206	  0.72529	  2.26793	 -0.00695	  0.00298	  0.00756
4.5	      5.7	  0.00583	 -0.54164	  0.13413	 -1.37189	 -1.37772	    0.558	  2.33418	 -0.00316	  0.00078	  0.00325
4.5	      5.9	  0.00443	 -0.47196	  0.11294	 -1.38005	 -1.38448	  0.48529	   2.3291	 -0.00209	   0.0005	  0.00215
4.5	      6.1	  0.00393	 -0.40841	  0.14702	 -1.39053	 -1.39446	  0.43406	  2.20948	 -0.00161	  0.00058	  0.00171
4.5	      6.3	  0.00364	 -0.33669	  0.20901	 -1.40598	 -1.40962	  0.39629	  2.09821	 -0.00122	  0.00076	  0.00144
4.5	      6.5	   0.0035	 -0.25561	  0.28127	 -1.42818	 -1.43168	  0.38006	  2.05229	 -0.00089	  0.00098	  0.00133
4.5	      6.7	  0.00362	 -0.15523	  0.36146	  -1.4584	 -1.46202	  0.39338	  2.08765	 -0.00056	  0.00131	  0.00142
4.5	      6.9	  0.00354	 -0.04263	  0.42668	 -1.49805	 -1.50159	   0.4288	   2.3015	 -0.00015	  0.00151	  0.00152
4.5	      7.1	   0.0033	 -0.01135	  0.46444	 -1.54762	 -1.55092	  0.46458	  2.58061	   -4e-05	  0.00153	  0.00153
4.5	      7.3	  0.00354	  0.05005	  0.51744	 -1.60649	 -1.61003	  0.51986	  2.79084	  0.00018	  0.00183	  0.00184
4.5	      7.5	  0.00379	  0.12268	  0.57623	 -1.67468	 -1.67847	  0.58914	   3.0534	  0.00047	  0.00219	  0.00224
4.5	      7.7	  0.00406	  0.19445	  0.63246	 -1.75129	 -1.75535	  0.66168	  3.31671	  0.00079	  0.00257	  0.00268
4.5	      7.9	  0.00423	  0.25371	   0.6747	  -1.8351	 -1.83933	  0.72083	  3.53979	  0.00107	  0.00285	  0.00305
4.5	      8.1	  0.00443	  0.29949	  0.71019	 -1.92432	 -1.92875	  0.77076	  3.69752	  0.00133	  0.00315	  0.00341
4.5	      8.3	  0.00467	  0.33387	  0.74125	 -2.01701	 -2.02168	  0.81297	  3.79771	  0.00156	  0.00346	   0.0038
4.5	      8.5	  0.00497	  0.35619	  0.76648	 -2.11102	 -2.11599	  0.84521	  3.82778	  0.00177	  0.00381	   0.0042
4.5	      8.7	  0.00533	   0.3612	  0.78548	  -2.2042	 -2.20953	  0.86455	  3.78242	  0.00192	  0.00418	   0.0046
4.5	      8.9	  0.00574	  0.35558	  0.80072	 -2.29439	 -2.30013	  0.87613	  3.69092	  0.00204	   0.0046	  0.00503
4.5	      9.1	  0.00625	  0.33844	  0.81057	 -2.37956	 -2.38581	  0.87839	  3.54711	  0.00212	  0.00507	  0.00549
4.5	      9.3	  0.00689	  0.30655	  0.81649	 -2.45793	 -2.46482	  0.87214	  3.35526	  0.00211	  0.00562	  0.00601
4.5	      9.5	  0.00766	  0.25638	  0.81337	 -2.52807	 -2.53573	  0.85282	  3.11097	  0.00196	  0.00623	  0.00653
4.5	      9.7	  0.00944	  0.17004	  0.79407	 -2.58807	 -2.59751	  0.81207	   2.6684	  0.00161	   0.0075	  0.00767
4.5	      9.9	  0.01838	 -0.13818	  0.84106	 -2.63121	 -2.64959	  0.85234	  2.00727	 -0.00254	  0.01546	  0.01567
4.5	     10.1	  0.03351	 -0.57221	  0.91101	 -2.65834	 -2.69185	  1.07581	  1.87641	 -0.01917	  0.03053	  0.03605
4.5	     10.3	  0.04271	 -0.81224	  0.95265	 -2.68198	 -2.72469	  1.25191	  1.93411	 -0.03469	  0.04069	  0.05347
4.5	     10.5	  0.04226	 -0.90234	  0.92896	 -2.70668	 -2.74894	  1.29506	  2.01124	 -0.03814	  0.03926	  0.05474
4.5	     10.7	  0.03602	 -0.91115	  0.83163	 -2.72985	 -2.76587	  1.23362	   2.0753	 -0.03282	  0.02995	  0.04443
4.5	     10.9	  0.02446	 -0.86743	  0.64739	 -2.75265	 -2.77711	  1.08238	  2.20972	 -0.02122	  0.01583	  0.02647
4.5	     11.1	  0.01373	 -0.66036	  0.37931	 -2.77083	 -2.78456	  0.76155	  2.07477	 -0.00907	  0.00521	  0.01046
4.5	     11.3	  0.02228	 -0.26519	  -0.0127	 -2.76803	 -2.79031	  0.26549	  0.56786	 -0.00591	 -0.00028	  0.00592
4.5	     11.5	   0.0346	 -0.02998	 -0.20699	 -2.76193	 -2.79653	  0.20915	  0.35899	 -0.00104	 -0.00716	  0.00724
4.5	     11.7	  0.04798	  0.06356	 -0.16123	 -2.75741	 -2.80539	  0.17331	   0.2526	  0.00305	 -0.00774	  0.00832
4.5	     11.9	  0.06248	  0.22538	 -0.08005	 -2.75641	 -2.81889	  0.23917	   0.3055	  0.01408	   -0.005	  0.01494
4.5	     12.1	   0.0788	  0.40036	  0.01824	 -2.76004	 -2.83884	  0.40078	  0.45584	  0.03155	  0.00144	  0.03158
4.5	     12.3	  0.10137	  0.57995	  0.07722	 -2.76533	  -2.8667	  0.58506	   0.5867	  0.05879	  0.00783	  0.05931
4.5	     12.5	  0.13043	   0.7575	  0.08318	 -2.77315	 -2.90358	  0.76205	   0.6737	   0.0988	  0.01085	  0.09939
4.5	     12.7	  0.17295	  0.83066	   0.0251	 -2.77716	 -2.95011	  0.83104	  0.63801	  0.14366	  0.00434	  0.14373

4.7	      0.1	  0.00309	 -0.39135	  0.00412	  0.08041	 0.077317	  0.39137	  2.24739	 -0.00121	    1e-05	  0.00121
4.7	      0.3	  0.00309	 -0.34576	   0.1242	  0.06915	 0.066056	  0.36739	  2.10916	 -0.00107	  0.00038	  0.00114
4.7	      0.5	  0.00303	 -0.28324	  0.20173	  0.05212	 0.049091	  0.34774	  2.01808	 -0.00086	  0.00061	  0.00105
4.7	      0.7	  0.00313	 -0.21057	  0.28217	  0.02793	 0.024799	  0.35208	  2.00878	 -0.00066	  0.00088	   0.0011
4.7	      0.9	  0.00344	 -0.11621	  0.36796	 -0.00464	-0.008084	  0.38587	  2.10002	  -0.0004	  0.00127	  0.00133
4.7	      1.1	  0.00316	 -0.02479	  0.41733	 -0.04724	-0.050399	  0.41807	  2.37419	   -8e-05	  0.00132	  0.00132
4.7	      1.3	  0.00323	   0.0101	  0.46644	 -0.09929	-0.102523	  0.46655	  2.62162	    3e-05	  0.00151	  0.00151
4.7	      1.5	  0.00349	  0.07219	  0.52457	 -0.16086	-0.164352	  0.52952	  2.86217	  0.00025	  0.00183	  0.00185
4.7	      1.7	  0.00381	  0.14351	  0.58719	  -0.2315	-0.235305	  0.60447	  3.12794	  0.00055	  0.00224	   0.0023
4.7	      1.9	  0.00402	  0.21146	  0.63815	 -0.31033	-0.314351	  0.67227	   3.3862	  0.00085	  0.00256	   0.0027
4.7	      2.1	  0.00422	   0.2664	  0.67953	 -0.39585	-0.400065	  0.72988	  3.58834	  0.00112	  0.00287	  0.00308
4.7	      2.3	  0.00444	   0.3088	  0.71483	 -0.48625	-0.490689	  0.77868	   3.7297	  0.00137	  0.00318	  0.00346
4.7	      2.5	  0.00471	  0.34054	  0.74586	 -0.57952	-0.584229	  0.81992	  3.81481	   0.0016	  0.00351	  0.00386
4.7	      2.7	  0.00503	  0.35843	   0.7693	 -0.67351	-0.678544	   0.8487	  3.81907	   0.0018	  0.00387	  0.00427
4.7	      2.9	  0.00541	  0.35935	  0.78817	 -0.76605	-0.771456	  0.86623	  3.76038	  0.00194	  0.00426	  0.00469
4.7	      3.1	  0.00585	  0.35129	  0.80231	   -0.855	-0.860856	  0.87584	  3.65492	  0.00206	   0.0047	  0.00513
4.7	      3.3	   0.0064	  0.33042	   0.8112	 -0.93841	-0.944808	  0.87591	  3.49659	  0.00211	  0.00519	   0.0056
4.7	      3.5	  0.00708	  0.29391	  0.81578	 -1.01456	 -1.02164	  0.86711	  3.28995	  0.00208	  0.00578	  0.00614
4.7	      3.7	  0.00793	  0.23746	  0.81145	 -1.08211	 -1.09004	  0.84548	    3.031	  0.00188	  0.00644	  0.00671
4.7	      3.9	  0.01009	  0.14791	  0.79606	 -1.13901	  -1.1491	  0.80968	  2.57317	  0.00149	  0.00803	  0.00817
4.7	      4.1	  0.01891	 -0.16191	  0.83667	 -1.17947	 -1.19838	  0.85219	  1.97848	 -0.00306	  0.01582	  0.01612
4.7	      4.3	  0.03272	 -0.56926	  0.89377	 -1.20518	  -1.2379	  1.05966	  1.87046	 -0.01862	  0.02924	  0.03467
4.7	      4.5	  0.03982	 -0.79698	  0.90689	 -1.22838	  -1.2682	  1.20732	  1.93174	 -0.03173	  0.03611	  0.04807
4.7	      4.7	  0.03803	 -0.87487	  0.86676	 -1.25219	 -1.29022	  1.23153	   2.0163	 -0.03327	  0.03296	  0.04683
4.7	      4.9	  0.02997	 -0.86319	  0.74771	 -1.27539	 -1.30536	    1.142	  2.10603	 -0.02587	  0.02241	  0.03423
4.7	      5.1	  0.01903	 -0.79481	  0.52489	 -1.29628	 -1.31531	  0.95249	  2.20458	 -0.01512	  0.00999	  0.01812
4.7	      5.3	  0.00961	 -0.64849	  0.25557	 -1.31245	 -1.32206	  0.69704	  2.27051	 -0.00623	  0.00246	   0.0067
4.7	      5.5	  0.00559	 -0.53499	  0.12517	 -1.32213	 -1.32772	  0.54944	  2.34625	 -0.00299	   0.0007	  0.00307
4.7	      5.7	  0.00438	 -0.46982	  0.11021	  -1.3301	 -1.33448	  0.48257	  2.32748	 -0.00206	  0.00048	  0.00211
4.7	      5.9	  0.00392	 -0.40743	  0.14665	 -1.34053	 -1.34445	  0.43302	  2.20927	  -0.0016	  0.00057	   0.0017
4.7	      6.1	  0.00363	  -0.3364	  0.20894	 -1.35599	 -1.35962	    0.396	  2.09802	 -0.00122	  0.00076	  0.00144
4.7	      6.3	  0.00349	 -0.25544	  0.28112	 -1.37819	 -1.38168	  0.37984	  2.05195	 -0.00089	  0.00098	  0.00133
4.7	      6.5	  0.00362	  -0.1551	  0.36128	  -1.4084	 -1.41202	  0.39316	  2.08731	 -0.00056	  0.00131	  0.00142
4.7	      6.7	  0.00354	 -0.04256	   0.4265	 -1.44805	 -1.45159	  0.42862	  2.30131	 -0.00015	  0.00151	  0.00152
4.7	      6.9	   0.0033	 -0.01132	   0.4643	 -1.49762	 -1.50092	  0.46444	  2.58046	   -4e-05	  0.00153	  0.00153
4.7	      7.1	  0.00354	  0.05006	  0.51734	 -1.55649	 -1.56003	  0.51975	  2.79077	  0.00018	  0.00183	  0.00184
4.7	      7.3	  0.00379	  0.12268	  0.57615	 -1.62468	 -1.62847	  0.58906	  3.05337	  0.00047	  0.00219	  0.00223
4.7	      7.5	  0.00406	  0.19445	   0.6324	 -1.70129	 -1.70535	  0.66162	  3.31669	  0.00079	  0.00257	  0.00268
4.7	      7.7	  0.00423	  0.25371	  0.67466	  -1.7851	 -1.78933	  0.72078	  3.53978	  0.00107	  0.00285	  0.00305
4.7	      7.9	  0.00443	  0.29949	  0.71016	 -1.87432	 -1.87875	  0.77072	  3.69751	  0.00133	  0.00315	  0.00341
4.7	      8.1	  0.00467	  0.33386	  0.74124	 -1.96701	 -1.97168	  0.81295	   3.7977	  0.00156	  0.00346	   0.0038
4.7	      8.3	  0.00497	  0.35625	  0.76645	 -2.06103	   -2.066	   0.8452	  3.82777	  0.00177	  0.00381	   0.0042
4.7	      8.5	  0.00533	  0.36124	  0.78545	 -2.15419	 -2.15952	  0.86454	  3.78246	  0.00192	  0.00418	   0.0046
4.7	      8.7	  0.00574	  0.35558	  0.80071	 -2.24439	 -2.25013	  0.87612	  3.69099	  0.00204	   0.0046	  0.00503
4.7	      8.9	  0.00625	  0.33843	  0.81055	 -2.32956	 -2.33581	  0.87836	  3.54709	  0.00212	  0.00507	  0.00549
4.7	      9.1	  0.00689	  0.30655	  0.81651	 -2.40793	 -2.41482	  0.87216	  3.35535	  0.00211	  0.00562	  0.00601
4.7	      9.3	  0.00765	  0.25675	  0.81395	 -2.47808	 -2.48573	  0.85348	  3.11475	  0.00197	  0.00623	  0.00653
4.7	      9.5	  0.00917	  0.17604	   0.7985	 -2.53834	 -2.54751	  0.81767	  2.72693	  0.00161	  0.00732	  0.00749
4.7	      9.7	  0.01586	 -0.05434	  0.81552	 -2.58373	 -2.59959	  0.81733	  2.07234	 -0.00086	  0.01293	  0.01296
4.7	      9.9	  0.03072	 -0.51173	  0.86989	 -2.61113	 -2.64185	  1.00924	  1.83857	 -0.01572	  0.02672	    0.031
4.7	     10.1	  0.04057	 -0.78168	  0.91473	 -2.63412	 -2.67469	  1.20323	  1.90732	 -0.03171	  0.03711	  0.04881
4.7	     10.3	  0.04008	 -0.88517	  0.89507	 -2.65886	 -2.69894	  1.25884	  2.00769	 -0.03547	  0.03587	  0.05045
4.7	     10.5	  0.03386	 -0.89746	  0.80015	 -2.68201	 -2.71587	  1.20237	  2.08623	 -0.03039	  0.02709	  0.04071
4.7	     10.7	  0.02291	 -0.84349	  0.61285	  -2.7042	 -2.72711	  1.04263	   2.1995	 -0.01932	  0.01404	  0.02388
4.7	     10.9	  0.01211	 -0.70215	  0.34017	 -2.72245	 -2.73456	  0.78021	  2.26379	  -0.0085	  0.00412	  0.00945
4.7	     11.1	  0.00647	 -0.56213	  0.14877	 -2.73384	 -2.74031	  0.58148	  2.30865	 -0.00364	  0.00096	  0.00376
4.7	     11.3	  0.00483	 -0.44694	    0.118	  -2.7417	 -2.74653	  0.46225	  2.12338	 -0.00216	  0.00057	  0.00223
4.7	     11.5	  0.00458	  -0.3218	  0.15351	 -2.75081	 -2.75539	  0.35654	   1.6822	 -0.00147	   0.0007	  0.00163
4.7	     11.7	  0.00773	 -0.12274	  0.13898	 -2.76116	 -2.76889	  0.18542	  0.67343	 -0.00095	  0.00107	  0.00143
4.7	     11.9	  0.02923	  0.16157	  0.08584	 -2.75961	 -2.78884	  0.18296	  0.34165	  0.00472	  0.00251	  0.00535
4.7	     12.1	  0.05103	  0.40887	  0.13976	 -2.76567	  -2.8167	  0.43209	  0.61073	  0.02086	  0.00713	  0.02205
4.7	     12.3	  0.07836	  0.63235	  0.17726	 -2.77522	 -2.85358	  0.65673	  0.74904	  0.04955	  0.01389	  0.05146
4.7	     12.5	     0.12	  0.77948	  0.11664	 -2.78011	 -2.90011	  0.78816	  0.72641	  0.09354	    0.014	  0.09458
4.7	     12.7	  0.17519	   0.8885	  0.02898	 -2.78127	 -2.95646	  0.88898	  0.67811	  0.15566	  0.00508	  0.15574

4.9	      0.1	  0.00295	 -0.34714	  0.00412	    0.119	 0.116056	  0.34717	  2.04122	 -0.00102	    1e-05	  0.00102
4.9	      0.3	  0.00266	 -0.26963	  0.16958	  0.10175	 0.099091	  0.31852	   1.9734	 -0.00072	  0.00045	  0.00085
4.9	      0.5	  0.00282	 -0.19583	  0.26248	  0.07761	 0.074799	  0.32748	   1.9705	 -0.00055	  0.00074	  0.00092
4.9	      0.7	  0.00323	 -0.10764	  0.35367	  0.04515	 0.041916	  0.36969	  2.07685	 -0.00035	  0.00114	  0.00119
4.9	      0.9	    0.003	 -0.02182	  0.40476	  0.00261	-0.000399	  0.40535	   2.3609	   -7e-05	  0.00122	  0.00122
4.9	      1.1	  0.00311	  0.01125	  0.45626	 -0.04941	-0.052523	  0.45639	  2.61299	    3e-05	  0.00142	  0.00142
4.9	      1.3	   0.0034	  0.07226	  0.51663	 -0.11095	-0.114352	  0.52165	  2.85714	  0.00025	  0.00176	  0.00177
4.9	      1.5	  0.00374	  0.14291	  0.58118	 -0.18157	-0.185305	  0.59849	  3.12506	  0.00053	  0.00217	  0.00224
4.9	      1.7	  0.00396	  0.21052	  0.63327	 -0.26039	-0.264351	  0.66734	  3.38431	  0.00083	  0.00251	  0.00265
4.9	      1.9	  0.00417	  0.26534	  0.67557	 -0.34589	-0.350065	  0.72581	  3.58701	  0.00111	  0.00282	  0.00303
4.9	      2.1	  0.00441	  0.30778	  0.71169	 -0.43628	 -0.44069	  0.77539	  3.72876	  0.00136	  0.00314	  0.00342
4.9	      2.3	  0.00468	  0.33964	  0.74336	 -0.52955	-0.534229	  0.81728	  3.81404	  0.00159	  0.00348	  0.00383
4.9	      2.5	  0.00501	  0.35767	  0.76736	 -0.62353	-0.628544	  0.84663	  3.81852	  0.00179	  0.00385	  0.00424
4.9	      2.7	  0.00539	  0.35873	  0.78661	 -0.71607	-0.721456	  0.86455	  3.75989	  0.00193	  0.00424	  0.00466
4.9	      2.9	  0.00584	  0.35078	  0.80107	 -0.80502	-0.810856	  0.87451	  3.65443	  0.00205	  0.00468	   0.0051
4.9	      3.1	  0.00638	  0.33003	  0.81021	 -0.88843	-0.894808	  0.87485	  3.49616	  0.00211	  0.00517	  0.00558
4.9	      3.3	  0.00707	  0.29363	  0.81502	 -0.96457	-0.971643	   0.8663	  3.28969	  0.00208	  0.00576	  0.00612
4.9	      3.5	  0.00791	   0.2377	  0.81142	 -1.03213	 -1.04004	  0.84552	   3.0351	  0.00188	  0.00642	  0.00669
4.9	      3.7	  0.00977	  0.15455	  0.79991	 -1.08933	  -1.0991	  0.81471	  2.63133	  0.00151	  0.00782	  0.00796
4.9	      3.9	  0.01638	 -0.08358	  0.81538	   -1.132	 -1.14838	  0.81965	  2.04447	 -0.00137	  0.01336	  0.01343
4.9	      4.1	  0.02977	 -0.50061	  0.86168	 -1.15813	  -1.1879	  0.99654	  1.84402	  -0.0149	  0.02565	  0.02967
4.9	      4.3	  0.03738	 -0.76125	  0.87076	 -1.18082	  -1.2182	   1.1566	  1.90987	 -0.02846	  0.03255	  0.04324
4.9	      4.5	  0.03585	 -0.85194	  0.83245	 -1.20437	 -1.24022	  1.19112	  2.00851	 -0.03054	  0.02984	   0.0427
4.9	      4.7	  0.02817	 -0.84432	  0.71374	 -1.22718	 -1.25535	  1.10558	  2.10306	 -0.02379	  0.02011	  0.03115
4.9	      4.9	  0.01769	 -0.77781	   0.4905	 -1.24762	 -1.26531	  0.91955	  2.20739	 -0.01376	  0.00868	  0.01627
4.9	      5.1	   0.0089	 -0.63209	  0.23045	 -1.26316	 -1.27206	  0.67279	  2.27755	 -0.00562	  0.00205	  0.00598
4.9	      5.3	  0.00538	 -0.52831	  0.11771	 -1.27234	 -1.27772	  0.54127	  2.35701	 -0.00284	  0.00063	  0.00291
4.9	      5.5	  0.00433	 -0.46697	  0.10767	 -1.28015	 -1.28448	  0.47922	  2.32524	 -0.00202	  0.00047	  0.00207
4.9	      5.7	  0.00389	 -0.40608	  0.14607	 -1.29056	 -1.29445	  0.43155	  2.20864	 -0.00158	  0.00057	  0.00168
4.9	      5.9	  0.00362	 -0.33579	  0.20851	   -1.306	 -1.30962	  0.39526	  2.09713	 -0.00122	  0.00076	  0.00143
4.9	      6.1	  0.00349	 -0.25505	  0.28069	 -1.32819	 -1.33168	  0.37926	  2.05107	 -0.00089	  0.00098	  0.00132
4.9	      6.3	  0.00361	 -0.15483	  0.36088	 -1.35841	 -1.36202	  0.39269	  2.08659	 -0.00056	   0.0013	  0.00142
4.9	      6.5	  0.00353	 -0.04243	  0.42611	 -1.39806	 -1.40159	  0.42822	  2.30093	 -0.00015	   0.0015	  0.00151
4.9	      6.7	   0.0033	 -0.01128	    0.464	 -1.44762	 -1.45092	  0.46414	  2.58012	   -4e-05	  0.00153	  0.00153
4.9	      6.9	  0.00353	  0.05007	  0.51711	  -1.5065	 -1.51003	  0.51952	  2.79063	  0.00018	  0.00183	  0.00184
4.9	      7.1	  0.00379	  0.12267	  0.57597	 -1.57468	 -1.57847	  0.58889	   3.0533	  0.00047	  0.00218	  0.00223
4.9	      7.3	  0.00405	  0.19443	  0.63226	  -1.6513	 -1.65535	  0.66148	  3.31663	  0.00079	  0.00256	  0.00268
4.9	      7.5	  0.00423	  0.25368	  0.67455	  -1.7351	 -1.73933	  0.72067	  3.53974	  0.00107	  0.00285	  0.00305
4.9	      7.7	  0.00443	  0.29946	  0.71007	 -1.82432	 -1.82875	  0.77064	  3.69749	  0.00133	  0.00314	  0.00341
4.9	      7.9	  0.00467	  0.33384	  0.74116	 -1.91701	 -1.92168	  0.81288	  3.79769	  0.00156	  0.00346	   0.0038
4.9	      8.1	  0.00497	  0.35619	  0.76644	 -2.01103	   -2.016	  0.84516	  3.82781	  0.00177	  0.00381	   0.0042
4.9	      8.3	  0.00533	   0.3612	  0.78543	  -2.1042	 -2.10953	   0.8645	  3.78235	  0.00192	  0.00418	   0.0046
4.9	      8.5	  0.00574	  0.35558	   0.8007	 -2.19439	 -2.20013	   0.8761	  3.69093	  0.00204	   0.0046	  0.00503
4.9	      8.7	  0.00625	  0.33844	  0.81054	 -2.27956	 -2.28581	  0.87836	  3.54709	  0.00212	  0.00507	  0.00549
4.9	      8.9	  0.00689	  0.30656	   0.8165	 -2.35793	 -2.36482	  0.87216	   3.3554	  0.00211	  0.00562	  0.00601
4.9	      9.1	  0.00765	  0.25686	  0.81422	 -2.42808	 -2.43573	  0.85378	  3.11648	  0.00197	  0.00623	  0.00653
4.9	      9.3	  0.00903	  0.17804	  0.80428	 -2.48848	 -2.49751	  0.82376	  2.76738	  0.00161	  0.00726	  0.00744
4.9	      9.5	  0.01373	  0.01777	  0.80413	 -2.53586	 -2.54959	  0.80433	  2.19173	  0.00024	  0.01104	  0.01104
4.9	      9.7	  0.02657	 -0.41705	  0.83834	 -2.56528	 -2.59185	  0.93635	  1.83403	 -0.01108	  0.02227	  0.02488
4.9	      9.9	   0.0386	 -0.73436	  0.86913	 -2.58609	 -2.62469	  1.13783	  1.84897	 -0.02835	  0.03355	  0.04392
4.9	     10.1	  0.03811	 -0.86585	  0.86052	 -2.61083	 -2.64894	  1.22073	  1.99649	   -0.033	  0.03279	  0.04652
4.9	     10.3	  0.03225	 -0.88747	  0.76943	 -2.63362	 -2.66587	  1.17458	  2.08819	 -0.02862	  0.02482	  0.03788
4.9	     10.5	  0.02161	 -0.83332	  0.58321	  -2.6555	 -2.67711	  1.01713	  2.20902	 -0.01801	   0.0126	  0.02198
4.9	     10.7	  0.01134	 -0.68947	  0.31577	 -2.67322	 -2.68456	  0.75834	  2.27344	 -0.00782	  0.00358	   0.0086
4.9	     10.9	  0.00623	 -0.55688	  0.14035	 -2.68408	 -2.69031	  0.57429	  2.32226	 -0.00347	  0.00087	  0.00358
4.9	     11.1	  0.00454	 -0.48554	  0.10822	 -2.69199	 -2.69653	  0.49746	  2.35621	 -0.00221	  0.00049	  0.00226
4.9	     11.3	  0.00406	 -0.43017	  0.13119	 -2.70133	 -2.70539	  0.44973	  2.25458	 -0.00174	  0.00053	  0.00182
4.9	     11.5	  0.00381	 -0.36928	  0.18632	 -2.71508	 -2.71889	  0.41363	  2.13848	 -0.00141	  0.00071	  0.00158
4.9	     11.7	  0.00365	 -0.29295	  0.26056	 -2.73519	 -2.73884	  0.39206	  2.07205	 -0.00107	  0.00095	  0.00143
4.9	     11.9	  0.00462	 -0.09745	   0.3368	 -2.76208	  -2.7667	  0.35062	  1.64633	 -0.00045	  0.00156	  0.00162
4.9	     12.1	  0.02163	   0.4235	  0.27085	 -2.78195	 -2.80358	  0.50271	  1.09137	  0.00916	  0.00586	  0.01087
4.9	     12.3	  0.06752	  0.51965	    0.231	 -2.78259	 -2.85011	  0.56868	  0.69875	  0.03509	   0.0156	   0.0384
4.9	     12.5	  0.12611	  0.71755	  0.14549	 -2.78035	 -2.90646	  0.73216	  0.65825	  0.09049	  0.01835	  0.09233
4.9	     12.7	  0.18904	  0.87502	   0.0384	 -2.78328	 -2.97232	  0.87586	  0.64316	  0.16542	  0.00726	  0.16557

5.1	      0.1	  0.00281	 -0.29219	  0.00428	   0.1519	 0.149091	  0.29222	  1.75979	 -0.00082	    1e-05	  0.00082
5.1	      0.3	  0.00235	  -0.1859	  0.22251	  0.12715	 0.124799	  0.28995	  1.91064	 -0.00044	  0.00052	  0.00068
5.1	      0.5	  0.00284	 -0.09504	    0.327	  0.09476	 0.091916	  0.34053	  2.04049	 -0.00027	  0.00093	  0.00097
5.1	      0.7	  0.00274	 -0.01733	  0.38242	  0.05234	 0.049601	  0.38281	  2.33578	   -5e-05	  0.00105	  0.00105
5.1	      0.9	  0.00291	  0.01291	  0.43859	  0.00039	-0.002523	  0.43878	  2.59763	    4e-05	  0.00128	  0.00128
5.1	      1.1	  0.00324	  0.07222	  0.50298	 -0.06111	-0.064352	  0.50814	  2.84824	  0.00023	  0.00163	  0.00165
5.1	      1.3	  0.00362	   0.1418	  0.57083	 -0.13168	-0.135305	  0.58818	  3.11994	  0.00051	  0.00207	  0.00213
5.1	      1.5	  0.00387	  0.20882	  0.62467	 -0.21048	-0.214351	  0.65865	  3.38087	  0.00081	  0.00242	  0.00255
5.1	      1.7	   0.0041	  0.26346	  0.66858	 -0.29597	-0.300065	  0.71862	  3.58442	  0.00108	  0.00274	  0.00294
5.1	      1.9	  0.00435	  0.30597	  0.70615	 -0.38634	-0.390689	  0.76959	  3.72683	  0.00133	  0.00307	  0.00335
5.1	      2.1	  0.00463	  0.33808	  0.73903	  -0.4796	-0.484229	  0.81269	  3.81271	  0.00157	  0.00342	  0.00376
5.1	      2.3	  0.00497	  0.35627	  0.76397	 -0.57357	-0.578544	  0.84296	  3.81745	  0.00177	   0.0038	  0.00419
5.1	      2.5	  0.00536	  0.35764	  0.78388	  -0.6661	-0.671456	  0.86161	  3.75899	  0.00192	   0.0042	  0.00461
5.1	      2.7	  0.00581	   0.3499	  0.79893	 -0.75505	-0.760856	  0.87219	  3.65358	  0.00203	  0.00464	  0.00507
5.1	      2.9	  0.00636	  0.32935	  0.80848	 -0.83845	-0.844808	  0.87299	  3.49533	  0.00209	  0.00514	  0.00555
5.1	      3.1	  0.00705	  0.29312	   0.8137	 -0.91459	-0.921643	  0.86488	  3.28914	  0.00207	  0.00574	   0.0061
5.1	      3.3	  0.00789	  0.23749	   0.8106	 -0.98216	-0.990043	  0.84467	   3.0365	  0.00187	  0.00639	  0.00666
5.1	      3.5	  0.00961	  0.15674	  0.80413	 -1.03949	  -1.0491	  0.81927	  2.66885	  0.00151	  0.00772	  0.00787
5.1	      3.7	  0.01441	 -0.02089	  0.80626	 -1.08397	 -1.09838	  0.80653	  2.14499	  -0.0003	  0.01162	  0.01162
5.1	      3.9	  0.02584	 -0.40343	  0.83396	 -1.11206	  -1.1379	  0.92641	  1.84013	 -0.01042	  0.02155	  0.02394
5.1	      4.1	  0.03519	 -0.70496	  0.83178	 -1.13301	  -1.1682	  1.09034	  1.85567	 -0.02481	  0.02927	  0.03837
5.1	      4.3	  0.03377	 -0.82536	  0.79973	 -1.15645	 -1.19022	  1.14925	  1.99666	 -0.02787	  0.02701	  0.03881
5.1	      4.5	  0.02663	 -0.82523	  0.68204	 -1.17872	 -1.20535	   1.0706	  2.09476	 -0.02197	  0.01816	  0.02851
5.1	      4.7	  0.01649	 -0.76204	  0.46128	 -1.19882	 -1.21531	  0.89078	  2.21443	 -0.01257	  0.00761	  0.01469
5.1	      4.9	  0.00826	 -0.61607	  0.21025	  -1.2138	 -1.22206	  0.65096	  2.28635	 -0.00509	  0.00174	  0.00538
5.1	      5.1	  0.00516	 -0.52004	  0.11115	 -1.22256	 -1.22772	  0.53179	  2.36419	 -0.00268	  0.00057	  0.00274
5.1	      5.3	  0.00426	 -0.46285	  0.10494	 -1.23022	 -1.23448	   0.4746	  2.32199	 -0.00197	  0.00045	  0.00202
5.1	      5.5	  0.00385	 -0.40392	  0.14502	 -1.24061	 -1.24446	  0.42916	  2.20749	 -0.00156	  0.00056	  0.00165
5.1	      5.7	   0.0036	 -0.33464	   0.2075	 -1.25602	 -1.25962	  0.39375	  2.09495	 -0.00121	  0.00075	  0.00142
5.1	      5.9	  0.00347	 -0.25429	  0.27982	 -1.27821	 -1.28168	   0.3781	  2.04942	 -0.00088	  0.00097	  0.00131
5.1	      6.1	   0.0036	 -0.15433	  0.36014	 -1.30842	 -1.31202	  0.39181	  2.08528	 -0.00056	   0.0013	  0.00141
5.1	      6.3	  0.00352	 -0.04221	  0.42542	 -1.34807	 -1.35159	   0.4275	  2.30023	 -0.00015	   0.0015	  0.00151
5.1	      6.5	  0.00329	 -0.01119	  0.46347	 -1.39763	 -1.40092	   0.4636	  2.57952	   -4e-05	  0.00153	  0.00153
5.1	      6.7	  0.00353	  0.05009	  0.51668	  -1.4565	 -1.46003	  0.51911	  2.79038	  0.00018	  0.00182	  0.00183
5.1	      6.9	  0.00379	  0.12265	  0.57563	 -1.52468	 -1.52847	  0.58855	  3.05317	  0.00046	  0.00218	  0.00223
5.1	      7.1	  0.00405	  0.19438	  0.63198	  -1.6013	 -1.60535	   0.6612	  3.31652	  0.00079	  0.00256	  0.00268
5.1	      7.3	  0.00422	  0.25363	  0.67433	 -1.68511	 -1.68933	  0.72045	  3.53967	  0.00107	  0.00285	  0.00304
5.1	      7.5	  0.00443	  0.29941	   0.7099	 -1.77432	 -1.77875	  0.77046	  3.69743	  0.00133	  0.00314	  0.00341
5.1	      7.7	  0.00467	  0.33379	  0.74105	 -1.86701	 -1.87168	  0.81275	  3.79766	  0.00156	  0.00346	  0.00379
5.1	      7.9	  0.00497	   0.3562	   0.7663	 -1.96102	 -1.96599	  0.84504	  3.82769	  0.00177	  0.00381	   0.0042
5.1	      8.1	  0.00532	  0.36118	  0.78537	  -2.0542	 -2.05952	  0.86444	  3.78246	  0.00192	  0.00418	   0.0046
5.1	      8.3	  0.00574	  0.35555	  0.80065	 -2.14439	 -2.15013	  0.87605	  3.69096	  0.00204	   0.0046	  0.00503
5.1	      8.5	  0.00625	  0.33842	   0.8105	 -2.22956	 -2.23581	  0.87832	  3.54706	  0.00212	  0.00507	  0.00549
5.1	      8.7	  0.00689	  0.30655	  0.81649	 -2.30793	 -2.31482	  0.87214	  3.35539	  0.00211	  0.00562	  0.00601
5.1	      8.9	  0.00765	  0.25692	  0.81431	 -2.37808	 -2.38573	  0.85388	  3.11711	  0.00197	  0.00623	  0.00653
5.1	      9.1	  0.00899	  0.17864	  0.80836	 -2.43852	 -2.44751	  0.82786	  2.78843	  0.00161	  0.00726	  0.00744
5.1	      9.3	  0.01264	  0.05229	  0.80369	 -2.48695	 -2.49959	  0.80539	  2.28709	  0.00066	  0.01016	  0.01018
5.1	      9.5	  0.02285	 -0.29663	  0.82353	   -2.519	 -2.54185	  0.87532	  1.84881	 -0.00678	  0.01882	     0.02
5.1	      9.7	  0.03471	 -0.66741	  0.84339	 -2.53998	 -2.57469	  1.07552	  1.84314	 -0.02317	  0.02927	  0.03733
5.1	      9.9	  0.03663	 -0.83601	  0.82579	 -2.56231	 -2.59894	  1.17509	  1.96031	 -0.03062	  0.03025	  0.04304
5.1	     10.1	  0.03112	 -0.87537	  0.73649	 -2.58475	 -2.61587	  1.14398	  2.07061	 -0.02724	  0.02292	   0.0356
5.1	     10.3	  0.02058	 -0.82216	  0.55529	 -2.60653	 -2.62711	  0.99212	  2.20804	 -0.01692	  0.01143	  0.02042
5.1	     10.5	  0.01071	 -0.67761	  0.29621	 -2.62385	 -2.63456	  0.73952	  2.28128	 -0.00726	  0.00317	  0.00792
5.1	     10.7	  0.00599	 -0.54922	  0.13288	 -2.63432	 -2.64031	  0.56507	  2.33075	 -0.00329	   0.0008	  0.00339
5.1	     10.9	  0.00448	 -0.48185	  0.10537	 -2.64205	 -2.64653	  0.49323	  2.35389	 -0.00216	  0.00047	  0.00221
5.1	     11.1	  0.00398	 -0.42324	  0.13136	 -2.65141	 -2.65539	  0.44316	  2.24307	 -0.00168	  0.00052	  0.00176
5.1	     11.3	  0.00367	 -0.35564	  0.18853	 -2.66522	 -2.66889	  0.40252	  2.12139	 -0.00131	  0.00069	  0.00148
5.1	     11.5	  0.00346	   -0.276	  0.25863	 -2.68538	 -2.68884	  0.37825	  2.05219	 -0.00096	   0.0009	  0.00131
5.1	     11.7	  0.00351	 -0.18318	  0.33565	 -2.71319	  -2.7167	  0.38238	  2.06165	 -0.00064	  0.00118	  0.00134
5.1	     11.9	  0.00362	 -0.08425	  0.40999	 -2.74996	 -2.75358	  0.41856	  2.22072	 -0.00031	  0.00148	  0.00152
5.1	     12.1	  0.01651	  0.14347	  0.19329	  -2.7836	 -2.80011	  0.24072	  0.59822	  0.00237	  0.00319	  0.00397
5.1	     12.3	  0.08598	  0.11992	  0.16059	 -2.77048	 -2.85646	  0.20042	  0.21823	  0.01031	  0.01381	  0.01723
5.1	     12.5	  0.15286	  0.50083	  0.14875	 -2.76946	 -2.92232	  0.52245	  0.42664	  0.07656	  0.02274	  0.07986
5.1	     12.7	    0.224	  0.79466	  0.05202	 -2.77292	 -2.99692	  0.79636	  0.53722	    0.178	  0.01165	  0.17839

5.3	      0.1	  0.00268	 -0.22445	  0.00476	  0.17748	 0.174799	   0.2245	  1.38334	  -0.0006	    1e-05	   0.0006
5.3	      0.3	  0.00223	 -0.09123	  0.27645	  0.14415	 0.141916	  0.29111	   1.9671	  -0.0002	  0.00062	  0.00065
5.3	      0.5	  0.00232	 -0.01301	  0.34528	  0.10192	 0.099601	  0.34553	  2.29108	   -3e-05	   0.0008	   0.0008
5.3	      0.7	  0.00261	  0.01418	  0.41122	  0.05009	 0.047477	  0.41147	  2.57084	    4e-05	  0.00107	  0.00107
5.3	      0.9	  0.00302	  0.07155	  0.48241	 -0.01133	-0.014352	  0.48768	  2.83357	  0.00022	  0.00146	  0.00147
5.3	      1.1	  0.00345	  0.13972	  0.55515	 -0.08186	-0.085305	  0.57246	  3.11185	  0.00048	  0.00192	  0.00197
5.3	      1.3	  0.00373	  0.20595	  0.61151	 -0.16063	-0.164351	  0.64526	   3.3752	  0.00077	  0.00228	   0.0024
5.3	      1.5	  0.00398	  0.26031	  0.65767	 -0.24609	-0.250065	  0.70731	  3.58003	  0.00104	  0.00262	  0.00281
5.3	      1.7	  0.00425	  0.30293	  0.69726	 -0.33644	-0.340689	  0.76023	   3.7236	  0.00129	  0.00296	  0.00323
5.3	      1.9	  0.00455	  0.33545	  0.73186	 -0.42968	-0.434229	  0.80508	  3.81035	  0.00153	  0.00333	  0.00366
5.3	      2.1	   0.0049	  0.35387	  0.75823	 -0.52364	-0.528544	  0.83674	  3.81548	  0.00173	  0.00372	   0.0041
5.3	      2.3	   0.0053	  0.35584	  0.77925	 -0.61616	-0.621456	  0.85665	  3.75739	  0.00189	  0.00413	  0.00454
5.3	      2.5	  0.00576	   0.3484	  0.79526	 -0.70509	-0.710856	  0.86823	  3.65207	  0.00201	  0.00458	    0.005
5.3	      2.7	  0.00632	  0.32817	  0.80551	 -0.78849	-0.794808	  0.86979	  3.49386	  0.00207	  0.00509	  0.00549
5.3	      2.9	  0.00701	  0.29221	  0.81139	 -0.86463	-0.871643	  0.86241	  3.28799	  0.00205	  0.00569	  0.00605
5.3	      3.1	  0.00785	  0.23684	  0.80876	 -0.93219	-0.940043	  0.84273	  3.03606	  0.00186	  0.00635	  0.00662
5.3	      3.3	  0.00952	  0.15701	  0.80525	 -0.98959	-0.999103	  0.82042	  2.68505	  0.00149	  0.00766	  0.00781
5.3	      3.5	  0.01342	  0.00652	  0.80908	 -1.03496	 -1.04838	   0.8091	  2.22959	    9e-05	  0.01086	  0.01086
5.3	      3.7	  0.02201	 -0.29921	  0.81964	 -1.06589	  -1.0879	  0.87254	  1.87772	 -0.00659	  0.01804	  0.01921
5.3	      3.9	  0.03161	 -0.62181	  0.81309	 -1.08659	  -1.1182	  1.02361	  1.83819	 -0.01965	   0.0257	  0.03236
5.3	      4.1	  0.03191	 -0.78417	     0.77	 -1.10831	 -1.14022	  1.09901	  1.96442	 -0.02502	  0.02457	  0.03506
5.3	      4.3	   0.0253	 -0.80942	  0.64804	 -1.13005	 -1.15535	  1.03688	  2.08126	 -0.02048	   0.0164	  0.02623
5.3	      4.5	  0.01552	   -0.748	  0.43056	 -1.14979	 -1.16531	  0.86307	  2.21218	 -0.01161	  0.00668	  0.01339
5.3	      4.7	  0.00766	  -0.5986	  0.19227	  -1.1644	 -1.17206	  0.62872	  2.29398	 -0.00458	  0.00147	  0.00481
5.3	      4.9	  0.00491	 -0.50881	  0.10484	 -1.17281	 -1.17772	   0.5195	  2.36713	  -0.0025	  0.00051	  0.00255
5.3	      5.1	  0.00415	 -0.45604	  0.10164	 -1.18033	 -1.18448	  0.46723	  2.31669	 -0.00189	  0.00042	  0.00194
5.3	      5.3	  0.00379	 -0.40015	  0.14295	 -1.19067	 -1.19446	  0.42492	  2.20355	 -0.00152	  0.00054	  0.00161
5.3	      5.5	  0.00356	 -0.33246	  0.20572	 -1.20606	 -1.20962	  0.39097	  2.09126	 -0.00118	  0.00073	  0.00139
5.3	      5.7	  0.00344	 -0.25292	  0.27834	 -1.22824	 -1.23168	  0.37608	  2.04641	 -0.00087	  0.00096	  0.00129
5.3	      5.9	  0.00358	  -0.1535	  0.35888	 -1.25844	 -1.26202	  0.39033	  2.08302	 -0.00055	  0.00128	   0.0014
5.3	      6.1	   0.0035	 -0.04185	  0.42424	 -1.29809	 -1.30159	   0.4263	  2.29904	 -0.00015	  0.00149	  0.00149
5.3	      6.3	  0.00328	 -0.01106	  0.46256	 -1.34764	 -1.35092	  0.46269	  2.57849	   -4e-05	  0.00152	  0.00152
5.3	      6.5	  0.00352	  0.05012	  0.51597	 -1.40651	 -1.41003	   0.5184	  2.78996	  0.00018	  0.00182	  0.00182
5.3	      6.7	  0.00378	  0.12262	  0.57506	 -1.47469	 -1.47847	  0.58798	  3.05296	  0.00046	  0.00217	  0.00222
5.3	      6.9	  0.00405	  0.19431	  0.63151	  -1.5513	 -1.55535	  0.66073	  3.31635	  0.00079	  0.00256	  0.00267
5.3	      7.1	  0.00422	  0.25353	  0.67393	 -1.63511	 -1.63933	  0.72004	  3.53952	  0.00107	  0.00284	  0.00304
5.3	      7.3	  0.00442	  0.29931	  0.70958	 -1.72433	 -1.72875	  0.77013	  3.69732	  0.00132	  0.00314	  0.00341
5.3	      7.5	  0.00467	  0.33372	  0.74078	 -1.81701	 -1.82168	  0.81248	  3.79756	  0.00156	  0.00346	  0.00379
5.3	      7.7	  0.00497	  0.35607	  0.76614	 -1.91102	 -1.91599	  0.84484	  3.82768	  0.00177	   0.0038	   0.0042
5.3	      7.9	  0.00532	  0.36112	  0.78521	 -2.00421	 -2.00953	  0.86427	  3.78235	  0.00192	  0.00418	   0.0046
5.3	      8.1	  0.00574	  0.35552	  0.80053	 -2.09439	 -2.10013	  0.87592	  3.69088	  0.00204	   0.0046	  0.00503
5.3	      8.3	  0.00625	  0.33839	   0.8104	 -2.17956	 -2.18581	  0.87822	  3.54702	  0.00211	  0.00506	  0.00549
5.3	      8.5	  0.00689	  0.30651	  0.81642	 -2.25793	 -2.26482	  0.87206	  3.35535	  0.00211	  0.00562	    0.006
5.3	      8.7	  0.00765	  0.25684	  0.81432	 -2.32808	 -2.33573	  0.85386	  3.11726	  0.00196	  0.00623	  0.00653
5.3	      8.9	  0.00896	  0.17876	  0.80877	 -2.38855	 -2.39751	  0.82829	  2.79368	   0.0016	  0.00725	  0.00742
5.3	      9.1	  0.01216	  0.06531	  0.81066	 -2.43743	 -2.44959	  0.81329	  2.35505	  0.00079	  0.00986	  0.00989
5.3	      9.3	  0.01975	 -0.21282	  0.82436	  -2.4721	 -2.49185	  0.85138	  1.93439	  -0.0042	  0.01628	  0.01681
5.3	      9.5	  0.03016	 -0.56101	  0.82506	 -2.49453	 -2.52469	  0.99773	  1.83428	 -0.01692	  0.02488	  0.03009
5.3	      9.7	  0.03497	 -0.78542	  0.78911	 -2.51397	 -2.54894	  1.11336	  1.90078	 -0.02747	   0.0276	  0.03894
5.3	      9.9	  0.03018	 -0.85326	  0.70774	 -2.53569	 -2.56587	  1.10859	  2.03741	 -0.02575	  0.02136	  0.03346
5.3	     10.1	  0.02003	 -0.80887	  0.53494	 -2.55708	 -2.57711	  0.96976	  2.18745	 -0.01621	  0.01072	  0.01943
5.3	     10.3	  0.01026	 -0.66842	  0.28558	  -2.5743	 -2.58456	  0.72687	  2.29118	 -0.00686	  0.00293	  0.00746
5.3	     10.5	  0.00578	 -0.54108	   0.1277	 -2.58453	 -2.59031	  0.55594	  2.33562	 -0.00312	  0.00074	  0.00321
5.3	     10.7	  0.00437	 -0.47571	  0.10257	 -2.59216	 -2.59653	  0.48664	  2.34992	 -0.00208	  0.00045	  0.00213
5.3	     10.9	  0.00392	  -0.4198	  0.12979	 -2.60147	 -2.60539	   0.4394	  2.23997	 -0.00165	  0.00051	  0.00172
5.3	     11.1	  0.00364	 -0.35388	  0.18696	 -2.61525	 -2.61889	  0.40023	    2.119	 -0.00129	  0.00068	  0.00146
5.3	     11.3	  0.00346	 -0.27647	  0.25719	 -2.63538	 -2.63884	  0.37761	  2.04884	 -0.00096	  0.00089	  0.00131
5.3	     11.5	  0.00351	 -0.18377	  0.33534	 -2.66319	  -2.6667	   0.3824	  2.05965	 -0.00065	  0.00118	  0.00134
5.3	     11.7	  0.00362	 -0.07882	  0.41281	 -2.69996	 -2.70358	  0.42027	  2.23086	 -0.00029	  0.00149	  0.00152
5.3	     11.9	  0.00337	 -0.01356	  0.41781	 -2.74674	 -2.75011	  0.41803	  2.29815	   -5e-05	  0.00141	  0.00141
5.3	     12.1	  0.02633	 -0.21985	  0.02642	 -2.78013	 -2.80646	  0.22143	  0.43573	 -0.00579	   0.0007	  0.00583
5.3	     12.3	  0.10072	 -0.15721	  0.00303	  -2.7716	 -2.87232	  0.15724	  0.15819	 -0.01583	  0.00031	  0.01584
5.3	     12.5	  0.17825	   0.3109	  0.07776	 -2.76867	 -2.94692	  0.32048	  0.24235	  0.05542	  0.01386	  0.05713
5.3	     12.7	  0.25669	  0.75101	  0.03778	 -2.77235	 -3.02904	  0.75196	  0.47387	  0.19278	   0.0097	  0.19302

5.5	      0.1	  0.00265	 -0.12029	  0.00611	  0.19456	 0.191916	  0.12044	   0.7473	 -0.00032	    2e-05	  0.00032
5.5	      0.3	  0.00179	 -0.01511	  0.28827	  0.15139	 0.149601	  0.28867	  2.17706	   -3e-05	  0.00052	  0.00052
5.5	      0.5	   0.0022	  0.01353	  0.37203	  0.09968	 0.097477	  0.37228	  2.53193	    3e-05	  0.00082	  0.00082
5.5	      0.7	   0.0027	  0.06989	  0.45276	  0.03835	 0.035648	  0.45812	  2.81329	  0.00019	  0.00122	  0.00124
5.5	      0.9	   0.0032	  0.13653	  0.53228	  -0.0321	-0.035305	  0.54951	  3.09969	  0.00044	  0.00171	  0.00176
5.5	      1.1	  0.00353	  0.20163	  0.59281	 -0.11082	-0.114351	  0.62617	  3.36662	  0.00071	  0.00209	  0.00221
5.5	      1.3	  0.00381	   0.2556	  0.64215	 -0.19625	-0.200065	  0.69116	  3.57367	  0.00097	  0.00245	  0.00264
5.5	      1.5	  0.00411	  0.29839	   0.6845	 -0.28658	-0.290689	  0.74671	  3.71899	  0.00123	  0.00281	  0.00307
5.5	      1.7	  0.00443	  0.33141	  0.72133	  -0.3798	-0.384229	  0.79382	  3.80692	  0.00147	   0.0032	  0.00352
5.5	      1.9	   0.0048	  0.35014	  0.74958	 -0.47374	-0.478544	  0.82732	  3.81252	  0.00168	   0.0036	  0.00397
5.5	      2.1	  0.00521	  0.35294	  0.77205	 -0.56625	-0.571456	  0.84889	  3.75486	  0.00184	  0.00402	  0.00442
5.5	      2.3	  0.00569	  0.34594	  0.78941	 -0.65517	-0.660856	  0.86188	  3.64962	  0.00197	  0.00449	   0.0049
5.5	      2.5	  0.00625	  0.32619	  0.80067	 -0.73856	-0.744808	  0.86456	  3.49137	  0.00204	    0.005	   0.0054
5.5	      2.7	  0.00695	  0.29061	  0.80761	 -0.81469	-0.821643	   0.8583	  3.28594	  0.00202	  0.00562	  0.00597
5.5	      2.9	   0.0078	   0.2353	  0.80533	 -0.88224	-0.890043	    0.839	   3.0326	  0.00184	  0.00628	  0.00655
5.5	      3.1	  0.00946	  0.15582	  0.80433	 -0.93964	-0.949103	  0.81928	  2.68967	  0.00147	  0.00761	  0.00775
5.5	      3.3	  0.01298	  0.01588	  0.81312	  -0.9854	-0.998379	  0.81327	  2.27928	  0.00021	  0.01055	  0.01055
5.5	      3.5	  0.01937	 -0.23345	  0.82216	 -1.01853	  -1.0379	  0.85466	   1.9608	 -0.00452	  0.01592	  0.01655
5.5	      3.7	  0.02678	 -0.51859	  0.80595	 -1.04142	  -1.0682	  0.95838	  1.86984	 -0.01389	  0.02158	  0.02566
5.5	      3.9	  0.02975	 -0.71402	  0.74075	 -1.06047	 -1.09022	  1.02885	  1.90436	 -0.02124	  0.02204	  0.03061
5.5	      4.1	  0.02439	 -0.78718	  0.61504	 -1.08097	 -1.10536	  0.99897	   2.0421	  -0.0192	    0.015	  0.02437
5.5	      4.3	  0.01473	 -0.73171	  0.40766	 -1.10058	 -1.11531	  0.83761	  2.20336	 -0.01078	  0.00601	  0.01234
5.5	      4.5	  0.00724	 -0.58543	  0.18217	 -1.11482	 -1.12206	  0.61312	  2.30054	 -0.00424	  0.00132	  0.00444
5.5	      4.7	  0.00463	 -0.49432	  0.10011	 -1.12309	 -1.12772	  0.50436	  2.36617	 -0.00229	  0.00046	  0.00234
5.5	      4.9	  0.00397	 -0.44537	  0.09771	 -1.13051	 -1.13448	  0.45596	  2.30901	 -0.00177	  0.00039	  0.00181
5.5	      5.1	  0.00368	 -0.39316	  0.13946	 -1.14078	 -1.14446	  0.41716	  2.19572	 -0.00145	  0.00051	  0.00153
5.5	      5.3	   0.0035	 -0.32859	  0.20251	 -1.15612	 -1.15962	  0.38598	  2.08383	 -0.00115	  0.00071	  0.00135
5.5	      5.5	   0.0034	 -0.25062	  0.27568	 -1.17828	 -1.18168	  0.37257	  2.04088	 -0.00085	  0.00094	  0.00127
5.5	      5.7	  0.00355	  -0.1521	  0.35671	 -1.20847	 -1.21202	  0.38778	  2.07916	 -0.00054	  0.00126	  0.00138
5.5	      5.9	  0.00348	 -0.04124	  0.42221	 -1.24811	 -1.25159	  0.42422	  2.29698	 -0.00014	  0.00147	  0.00147
5.5	      6.1	  0.00326	 -0.01083	    0.461	 -1.29766	 -1.30092	  0.46113	  2.57672	   -4e-05	  0.00151	  0.00151
5.5	      6.3	   0.0035	  0.05018	  0.51475	 -1.35653	 -1.36003	  0.51719	  2.78924	  0.00018	   0.0018	  0.00181
5.5	      6.5	  0.00377	  0.12254	  0.57406	  -1.4247	 -1.42847	    0.587	   3.0525	  0.00046	  0.00216	  0.00221
5.5	      6.7	  0.00404	  0.19414	   0.6306	 -1.50131	 -1.50535	  0.65981	  3.31589	  0.00078	  0.00255	  0.00266
5.5	      6.9	  0.00421	   0.2534	  0.67322	 -1.58512	 -1.58933	  0.71933	  3.53918	  0.00107	  0.00283	  0.00303
5.5	      7.1	  0.00442	   0.2992	  0.70908	 -1.67433	 -1.67875	  0.76962	  3.69721	  0.00132	  0.00313	   0.0034
5.5	      7.3	  0.00466	  0.33358	  0.74042	 -1.76702	 -1.77168	  0.81209	  3.79753	  0.00156	  0.00345	  0.00379
5.5	      7.5	  0.00496	  0.35598	  0.76584	 -1.86104	   -1.866	  0.84453	  3.82761	  0.00177	   0.0038	  0.00419
5.5	      7.7	  0.00532	  0.36104	  0.78496	  -1.9542	 -1.95952	  0.86401	  3.78232	  0.00192	  0.00418	   0.0046
5.5	      7.9	  0.00574	  0.35543	  0.80035	 -2.04439	 -2.05013	  0.87572	  3.69091	  0.00204	  0.00459	  0.00503
5.5	      8.1	  0.00625	  0.33832	  0.81025	 -2.12956	 -2.13581	  0.87805	  3.54692	  0.00211	  0.00506	  0.00549
5.5	      8.3	  0.00688	  0.30641	  0.81631	 -2.20794	 -2.21482	  0.87193	  3.35518	  0.00211	  0.00562	    0.006
5.5	      8.5	  0.00765	  0.25647	  0.81428	 -2.27808	 -2.28573	  0.85371	  3.11654	  0.00196	  0.00623	  0.00653
5.5	      8.7	  0.00897	   0.1781	  0.80974	 -2.33854	 -2.34751	  0.82909	  2.79439	   0.0016	  0.00727	  0.00744
5.5	      8.9	  0.01202	  0.06758	  0.81639	 -2.38757	 -2.39959	  0.81918	  2.38592	  0.00081	  0.00981	  0.00984
5.5	      9.1	  0.01793	 -0.16527	  0.83383	 -2.42392	 -2.44185	  0.85005	  2.02708	 -0.00296	  0.01495	  0.01524
5.5	      9.3	  0.02566	 -0.45327	  0.82397	 -2.44903	 -2.47469	  0.94041	  1.87427	 -0.01163	  0.02115	  0.02413
5.5	      9.5	  0.03159	 -0.69524	  0.77999	 -2.46735	 -2.49894	  1.04487	  1.87699	 -0.02196	  0.02464	  0.03301
5.5	      9.7	  0.02844	 -0.81162	  0.68804	 -2.48743	 -2.51587	  1.06401	  2.01423	 -0.02309	  0.01957	  0.03027
5.5	      9.9	  0.01962	 -0.78764	  0.51075	 -2.50749	 -2.52711	  0.93874	  2.13962	 -0.01546	  0.01002	  0.01842
5.5	     10.1	  0.01009	 -0.66545	   0.2753	 -2.52447	 -2.53456	  0.72015	  2.28879	 -0.00672	  0.00278	  0.00727
5.5	     10.3	  0.00554	 -0.53137	  0.12525	 -2.53477	 -2.54031	  0.54594	  2.34085	 -0.00295	  0.00069	  0.00303
5.5	     10.5	  0.00423	 -0.46686	  0.09961	  -2.5423	 -2.54653	  0.47737	  2.34368	 -0.00197	  0.00042	  0.00202
5.5	     10.7	  0.00382	 -0.41341	  0.12713	 -2.55157	 -2.55539	  0.43251	  2.23413	 -0.00158	  0.00049	  0.00165
5.5	     10.9	  0.00358	 -0.35031	  0.18433	 -2.56531	 -2.56889	  0.39584	  2.11245	 -0.00125	  0.00066	  0.00142
5.5	     11.1	  0.00342	 -0.27407	  0.25479	 -2.58542	 -2.58884	  0.37421	  2.04379	 -0.00094	  0.00087	  0.00128
5.5	     11.3	  0.00347	 -0.18203	  0.33344	 -2.61323	  -2.6167	  0.37989	  2.05761	 -0.00063	  0.00116	  0.00132
5.5	     11.5	  0.00356	 -0.07641	  0.40738	 -2.65002	 -2.65358	  0.41448	  2.21776	 -0.00027	  0.00145	  0.00148
5.5	     11.7	  0.00332	 -0.02145	  0.45542	 -2.69679	 -2.70011	  0.45593	  2.52638	   -7e-05	  0.00151	  0.00151
5.5	     11.9	  0.00392	   0.0527	  0.37964	 -2.75254	 -2.75646	  0.38329	  1.95401	  0.00021	  0.00149	   0.0015
5.5	     12.1	  0.05103	  -0.2611	 -0.00667	 -2.77129	 -2.82232	  0.26119	  0.36916	 -0.01332	 -0.00034	  0.01333
5.5	     12.3	  0.12619	 -0.21843	 -0.03117	 -2.77073	 -2.89692	  0.22064	   0.1983	 -0.02756	 -0.00393	  0.02784
5.5	     12.5	  0.21003	  0.17405	  0.00816	 -2.76901	 -2.97904	  0.17424	  0.12139	  0.03656	  0.00171	   0.0366
5.5	     12.7	  0.29563	  0.67791	  0.01406	 -2.77147	  -3.0671	  0.67805	  0.39816	  0.20041	  0.00416	  0.20045

5.7	      0.1	  0.00211	  0.00341	  0.00696	  0.20171	 0.199601	  0.00775	  0.05386	    1e-05	    1e-05	    2e-05
5.7	      0.3	  0.00178	  0.01482	  0.32336	  0.14925	 0.147477	   0.3237	  2.45129	    3e-05	  0.00057	  0.00058
5.7	      0.5	  0.00227	  0.06643	  0.41173	  0.08792	 0.085648	  0.41705	  2.79486	  0.00015	  0.00093	  0.00095
5.7	      0.7	  0.00283	  0.13088	   0.4971	  0.01753	 0.014695	  0.51405	  3.08357	  0.00037	  0.00141	  0.00146
5.7	      0.9	  0.00323	  0.19484	  0.56436	 -0.06112	-0.064351	  0.59705	  3.35255	  0.00063	  0.00182	  0.00193
5.7	      1.1	  0.00357	   0.2484	  0.61893	 -0.14649	-0.150065	  0.66691	  3.56308	  0.00089	  0.00221	  0.00238
5.7	      1.3	  0.00391	  0.29147	  0.66557	 -0.23678	-0.240689	  0.72659	  3.71129	  0.00114	   0.0026	  0.00284
5.7	      1.5	  0.00426	  0.32537	  0.70588	 -0.32997	-0.334229	  0.77726	  3.80131	  0.00139	  0.00301	  0.00331
5.7	      1.7	  0.00465	  0.34466	  0.73693	 -0.42389	-0.428544	  0.81355	  3.80784	   0.0016	  0.00343	  0.00379
5.7	      1.9	  0.00508	  0.34858	  0.76153	 -0.51637	-0.521456	  0.83752	  3.75095	  0.00177	  0.00387	  0.00426
5.7	      2.1	  0.00557	  0.34218	  0.78073	 -0.60528	-0.610856	  0.85242	  3.64568	  0.00191	  0.00435	  0.00475
5.7	      2.3	  0.00615	  0.32306	  0.79333	 -0.68866	-0.694808	  0.85659	   3.4872	  0.00199	  0.00488	  0.00527
5.7	      2.5	  0.00687	  0.28782	  0.80183	 -0.76478	-0.771643	  0.85192	  3.28218	  0.00198	  0.00551	  0.00585
5.7	      2.7	  0.00774	  0.23113	  0.80067	  -0.8323	-0.840043	  0.83337	  3.02439	  0.00179	   0.0062	  0.00645
5.7	      2.9	  0.00948	  0.14987	  0.80334	 -0.88962	-0.899103	   0.8172	  2.67971	  0.00142	  0.00762	  0.00775
5.7	      3.1	  0.01286	    0.015	  0.81922	 -0.93552	-0.948379	  0.81936	  2.30683	  0.00019	  0.01054	  0.01054
5.7	      3.3	  0.01781	 -0.19621	   0.8298	 -0.97009	-0.987904	  0.85269	  2.04001	 -0.00349	  0.01478	  0.01519
5.7	      3.5	    0.023	 -0.42085	  0.80912	  -0.9952	  -1.0182	  0.91203	  1.92004	 -0.00968	  0.01861	  0.02098
5.7	      3.7	  0.02553	 -0.61833	  0.74126	 -1.01469	 -1.04022	  0.96529	  1.92902	 -0.01578	  0.01892	  0.02464
5.7	      3.9	  0.02158	 -0.72581	  0.59809	 -1.03378	 -1.05536	  0.94048	  2.04406	 -0.01566	  0.01291	   0.0203
5.7	      4.1	  0.01437	 -0.70237	  0.39117	 -1.05094	 -1.06531	  0.80395	  2.14127	 -0.01009	  0.00562	  0.01155
5.7	      4.3	  0.00698	  -0.5771	  0.17988	 -1.06508	 -1.07206	  0.60448	  2.31009	 -0.00403	  0.00126	  0.00422
5.7	      4.5	  0.00441	 -0.48151	  0.09935	 -1.07331	 -1.07772	  0.49166	  2.36407	 -0.00212	  0.00044	  0.00217
5.7	      4.7	  0.00372	 -0.42861	  0.09433	 -1.08076	 -1.08448	  0.43887	  2.29851	 -0.00159	  0.00035	  0.00163
5.7	      4.9	  0.00349	 -0.38085	  0.13412	 -1.09096	 -1.09445	  0.40378	  2.18085	 -0.00133	  0.00047	  0.00141
5.7	      5.1	  0.00337	 -0.32097	   0.1969	 -1.10625	 -1.10962	  0.37655	  2.07067	 -0.00108	  0.00066	  0.00127
5.7	      5.3	  0.00332	 -0.24664	  0.27067	 -1.12836	 -1.13168	  0.36618	  2.02853	 -0.00082	   0.0009	  0.00122
5.7	      5.5	  0.00349	  -0.1499	  0.35265	 -1.15853	 -1.16202	  0.38318	  2.07125	 -0.00052	  0.00123	  0.00134
5.7	      5.7	  0.00343	 -0.04027	  0.41868	 -1.19816	 -1.20159	  0.42061	  2.29326	 -0.00014	  0.00144	  0.00144
5.7	      5.9	  0.00323	 -0.01046	  0.45832	 -1.24769	 -1.25092	  0.45844	  2.57367	   -3e-05	  0.00148	  0.00148
5.7	      6.1	  0.00348	  0.05027	  0.51265	 -1.30655	 -1.31003	  0.51511	    2.788	  0.00017	  0.00178	  0.00179
5.7	      6.3	  0.00375	  0.12246	  0.57249	 -1.37472	 -1.37847	  0.58544	  3.05177	  0.00046	  0.00215	   0.0022
5.7	      6.5	  0.00403	  0.19415	  0.62996	 -1.45132	 -1.45535	   0.6592	  3.31581	  0.00078	  0.00254	  0.00266
5.7	      6.7	   0.0042	  0.25322	  0.67272	 -1.53513	 -1.53933	   0.7188	   3.5398	  0.00106	  0.00283	  0.00302
5.7	      6.9	  0.00441	  0.29853	  0.70826	 -1.62434	 -1.62875	  0.76861	  3.69701	  0.00132	  0.00312	  0.00339
5.7	      7.1	  0.00465	  0.33298	  0.73943	 -1.71703	 -1.72168	  0.81095	  3.79683	  0.00155	  0.00344	  0.00377
5.7	      7.3	  0.00495	   0.3557	    0.765	 -1.81105	   -1.816	  0.84365	  3.82691	  0.00176	  0.00379	  0.00418
5.7	      7.5	  0.00531	  0.36078	  0.78434	 -1.90421	 -1.90952	  0.86334	  3.78165	  0.00192	  0.00417	  0.00459
5.7	      7.7	  0.00573	  0.35522	   0.7999	  -1.9944	 -2.00013	  0.87523	  3.69029	  0.00204	  0.00459	  0.00502
5.7	      7.9	  0.00624	  0.33808	   0.8098	 -2.07957	 -2.08581	  0.87754	  3.54578	  0.00211	  0.00506	  0.00548
5.7	      8.1	  0.00688	  0.30592	   0.8161	 -2.15794	 -2.16482	  0.87155	  3.35385	  0.00211	  0.00562	    0.006
5.7	      8.3	  0.00766	  0.25391	  0.81447	 -2.22807	 -2.23573	  0.85313	   3.1112	  0.00195	  0.00624	  0.00654
5.7	      8.5	  0.00906	  0.17467	  0.81198	 -2.28845	 -2.29751	  0.83055	  2.78527	  0.00158	  0.00736	  0.00753
5.7	      8.7	   0.0122	  0.05937	  0.82568	 -2.33739	 -2.34959	  0.82781	  2.39271	  0.00072	  0.01007	   0.0101
5.7	      8.9	  0.01703	 -0.14213	  0.85131	 -2.37482	 -2.39185	   0.8631	  2.11152	 -0.00242	   0.0145	   0.0147
5.7	      9.1	   0.0224	 -0.37395	  0.83863	 -2.40229	 -2.42469	  0.91822	  1.95863	 -0.00838	  0.01879	  0.02057
5.7	      9.3	  0.02679	 -0.58488	  0.79368	 -2.42215	 -2.44894	  0.98591	  1.92302	 -0.01567	  0.02127	  0.02642
5.7	      9.5	   0.0254	 -0.73072	  0.68399	 -2.44047	 -2.46587	  1.00089	  2.00525	 -0.01856	  0.01737	  0.02542
5.7	      9.7	  0.01921	 -0.76299	   0.4988	  -2.4579	 -2.47711	  0.91157	  2.09991	 -0.01466	  0.00958	  0.01751
5.7	      9.9	  0.01025	 -0.67075	   0.2822	 -2.47431	 -2.48456	   0.7277	  2.29524	 -0.00687	  0.00289	  0.00746
5.7	     10.1	  0.00554	  -0.5336	  0.13124	 -2.48477	 -2.49031	   0.5495	  2.35788	 -0.00295	  0.00073	  0.00304
5.7	     10.3	  0.00402	 -0.45328	  0.09956	 -2.49251	 -2.49653	  0.46409	   2.3368	 -0.00182	   0.0004	  0.00187
5.7	     10.5	  0.00367	 -0.40322	  0.12345	 -2.50172	 -2.50539	  0.42169	  2.22347	 -0.00148	  0.00045	  0.00155
5.7	     10.7	  0.00346	  -0.3433	  0.17977	 -2.51543	 -2.51889	  0.38752	  2.10211	 -0.00119	  0.00062	  0.00134
5.7	     10.9	  0.00335	 -0.27024	  0.25049	 -2.53549	 -2.53884	  0.36847	  2.03343	  -0.0009	  0.00084	  0.00123
5.7	     11.1	  0.00341	 -0.17945	  0.32942	 -2.56329	  -2.5667	  0.37513	  2.05065	 -0.00061	  0.00112	  0.00128
5.7	     11.3	  0.00353	 -0.07482	   0.4056	 -2.60005	 -2.60358	  0.41245	  2.21676	 -0.00026	  0.00143	  0.00146
5.7	     11.5	  0.00323	 -0.02114	  0.44526	 -2.64688	 -2.65011	  0.44576	  2.50583	   -7e-05	  0.00144	  0.00144
5.7	     11.7	  0.00347	  0.03601	  0.50633	 -2.70299	 -2.70646	  0.50761	  2.75077	  0.00012	  0.00176	  0.00176
5.7	     11.9	  0.00567	  0.13006	   0.2897	 -2.76665	 -2.77232	  0.31755	    1.347	  0.00074	  0.00164	   0.0018
5.7	     12.1	  0.08027	 -0.19221	 -0.04027	 -2.76665	 -2.84692	  0.19639	  0.22131	 -0.01543	 -0.00323	  0.01576
5.7	     12.3	  0.16088	 -0.17933	 -0.08635	 -2.76816	 -2.92904	  0.19903	  0.15843	 -0.02885	 -0.01389	  0.03202
5.7	     12.5	  0.25154	  0.10037	  -0.0815	 -2.76556	  -3.0171	   0.1293	  0.08231	  0.02525	  -0.0205	  0.03252
5.7	     12.7	  0.34694	  0.52232	 -0.02052	  -2.7623	 -3.10924	  0.52272	  0.28334	  0.18121	 -0.00712	  0.18135

5.9	      0.1	  0.00254	  0.05267	  0.00714	  0.20002	 0.197477	  0.05315	  0.33662	  0.00013	    2e-05	  0.00014
5.9	      0.3	  0.00187	  0.07115	  0.36234	  0.13752	 0.135648	  0.36926	  2.72296	  0.00013	  0.00068	  0.00069
5.9	      0.5	  0.00235	  0.12279	  0.44975	  0.06704	 0.064695	  0.46621	  3.07114	  0.00029	  0.00106	   0.0011
5.9	      0.7	  0.00284	  0.18299	  0.52461	 -0.01151	-0.014351	  0.55561	  3.32963	  0.00052	  0.00149	  0.00158
5.9	      0.9	  0.00324	  0.23654	  0.58555	 -0.09683	-0.100065	  0.63152	   3.5446	  0.00077	  0.00189	  0.00204
5.9	      1.1	  0.00363	  0.28206	  0.63878	 -0.18705	-0.190689	  0.69828	  3.69828	  0.00103	  0.00232	  0.00254
5.9	      1.3	  0.00404	  0.31818	  0.68451	 -0.28019	-0.284229	  0.75484	  3.79196	  0.00129	  0.00277	  0.00305
5.9	      1.5	  0.00446	  0.33718	  0.71938	 -0.37409	-0.378544	  0.79448	  3.79914	   0.0015	  0.00321	  0.00354
5.9	      1.7	  0.00491	  0.34196	  0.74686	 -0.46655	-0.471456	  0.82142	  3.74296	  0.00168	  0.00367	  0.00403
5.9	      1.9	  0.00542	  0.33593	   0.7685	 -0.55543	-0.560856	  0.83871	  3.63659	  0.00182	  0.00417	  0.00455
5.9	      2.1	  0.00602	    0.317	  0.78356	 -0.63879	-0.644808	  0.84525	  3.47807	  0.00191	  0.00472	  0.00509
5.9	      2.3	  0.00676	  0.28038	  0.79426	 -0.71488	-0.721643	   0.8423	  3.27096	   0.0019	  0.00537	  0.00569
5.9	      2.5	  0.00772	  0.21991	  0.79592	 -0.78232	-0.790043	  0.82574	   3.0001	   0.0017	  0.00615	  0.00638
5.9	      2.7	  0.00993	  0.12794	  0.81068	 -0.83918	-0.849103	  0.82071	  2.63008	  0.00127	  0.00805	  0.00815
5.9	      2.9	  0.01333	 -0.00157	  0.84407	 -0.88505	-0.898379	  0.84407	  2.33451	   -2e-05	  0.01125	  0.01125
5.9	      3.1	  0.01682	 -0.16793	  0.84929	 -0.92109	-0.937904	  0.86573	  2.13132	 -0.00282	  0.01428	  0.01456
5.9	      3.3	  0.02035	 -0.34425	  0.82808	 -0.94785	-0.968196	  0.89679	  2.00711	 -0.00701	  0.01685	  0.01825
5.9	      3.5	  0.02035	 -0.50012	  0.74933	 -0.96987	-0.990221	   0.9009	  2.01634	 -0.01018	  0.01525	  0.01833
5.9	      3.7	  0.01815	 -0.62993	  0.59912	  -0.9872	 -1.00535	  0.86934	   2.0601	 -0.01143	  0.01088	  0.01578
5.9	      3.9	  0.01326	 -0.66173	  0.40362	 -1.00205	 -1.01531	  0.77511	  2.14917	 -0.00877	  0.00535	  0.01028
5.9	      4.1	  0.00727	 -0.57807	   0.2104	 -1.01479	 -1.02206	  0.61517	  2.30289	  -0.0042	  0.00153	  0.00447
5.9	      4.3	   0.0043	 -0.46932	  0.11206	 -1.02342	 -1.02772	  0.48251	  2.34973	 -0.00202	  0.00048	  0.00207
5.9	      4.5	  0.00349	 -0.41183	  0.09624	 -1.03099	 -1.03448	  0.42293	  2.28435	 -0.00144	  0.00034	  0.00148
5.9	      4.7	   0.0032	 -0.36109	  0.13072	 -1.04125	 -1.04445	  0.38402	  2.16591	 -0.00116	  0.00042	  0.00123
5.9	      4.9	  0.00315	 -0.30634	  0.18978	 -1.05647	 -1.05962	  0.36036	  2.04854	 -0.00097	   0.0006	  0.00114
5.9	      5.1	  0.00317	 -0.23855	  0.26284	 -1.07851	 -1.08168	  0.35495	  2.01164	 -0.00076	  0.00083	  0.00113
5.9	      5.3	  0.00339	 -0.14699	  0.34596	 -1.10863	 -1.11202	  0.37589	  2.05994	  -0.0005	  0.00117	  0.00128
5.9	      5.5	  0.00334	 -0.03965	  0.41273	 -1.14825	 -1.15159	  0.41463	  2.28959	 -0.00013	  0.00138	  0.00139
5.9	      5.7	  0.00318	 -0.01011	   0.4535	 -1.19774	 -1.20092	  0.45361	  2.56867	   -3e-05	  0.00144	  0.00144
5.9	      5.9	  0.00343	  0.05041	  0.50882	  -1.2566	 -1.26003	  0.51131	  2.78573	  0.00017	  0.00175	  0.00176
5.9	      6.1	  0.00372	  0.12244	  0.57005	 -1.32475	 -1.32847	  0.58305	  3.05045	  0.00046	  0.00212	  0.00217
5.9	      6.3	  0.00397	  0.19282	  0.62509	 -1.40138	 -1.40535	  0.65415	  3.31427	  0.00077	  0.00248	   0.0026
5.9	      6.5	  0.00415	  0.25144	  0.66795	 -1.48518	 -1.48933	   0.7137	  3.53597	  0.00104	  0.00277	  0.00296
5.9	      6.7	  0.00439	  0.29877	   0.7055	 -1.57436	 -1.57875	  0.76616	  3.69383	  0.00131	  0.00309	  0.00336
5.9	      6.9	  0.00466	  0.33601	  0.73898	 -1.66702	 -1.67168	  0.81178	  3.79541	  0.00157	  0.00345	  0.00379
5.9	      7.1	  0.00497	  0.35681	  0.76534	 -1.76102	 -1.76599	  0.84443	  3.82494	  0.00177	   0.0038	   0.0042
5.9	      7.3	  0.00532	     0.36	  0.78473	 -1.85421	 -1.85953	  0.86337	    3.779	  0.00192	  0.00418	  0.00459
5.9	      7.5	  0.00574	  0.35373	  0.80013	 -1.94439	 -1.95013	  0.87483	  3.68618	  0.00203	  0.00459	  0.00502
5.9	      7.7	  0.00626	  0.33556	  0.81042	 -2.02955	 -2.03581	  0.87714	  3.54033	   0.0021	  0.00507	  0.00549
5.9	      7.9	  0.00692	  0.30069	  0.81792	  -2.1079	 -2.11482	  0.87144	  3.34394	  0.00208	  0.00566	  0.00603
5.9	      8.1	  0.00778	  0.24339	   0.8174	 -2.17795	 -2.18573	  0.85286	  3.08701	  0.00189	  0.00636	  0.00664
5.9	      8.3	  0.00974	   0.1512	  0.82777	 -2.23777	 -2.24751	  0.84146	  2.72248	  0.00147	  0.00806	  0.00819
5.9	      8.5	  0.01318	  0.03216	  0.85777	 -2.28641	 -2.29959	  0.85837	  2.38729	  0.00042	   0.0113	  0.01131
5.9	      8.7	  0.01703	 -0.13238	  0.88898	 -2.32482	 -2.34185	  0.89878	  2.19897	 -0.00225	  0.01514	  0.01531
5.9	      8.9	  0.02072	 -0.31115	  0.87555	 -2.35397	 -2.37469	  0.92919	  2.06075	 -0.00645	  0.01815	  0.01926
5.9	      9.1	  0.02252	 -0.47631	  0.82428	 -2.37642	 -2.39894	    0.952	  2.02563	 -0.01072	  0.01856	  0.02143
5.9	      9.3	  0.02109	 -0.61465	  0.70889	 -2.39478	 -2.41587	  0.93826	  2.06292	 -0.01296	  0.01495	  0.01978
5.9	      9.5	  0.01701	 -0.69149	   0.5306	  -2.4101	 -2.42711	   0.8716	  2.13345	 -0.01176	  0.00903	  0.01483
5.9	      9.7	  0.01127	 -0.66777	  0.32636	 -2.42329	 -2.43456	  0.74326	  2.23525	 -0.00753	  0.00368	  0.00838
5.9	      9.9	  0.00565	 -0.53514	  0.16892	 -2.43466	 -2.44031	  0.56116	  2.38289	 -0.00303	  0.00095	  0.00317
5.9	     10.1	  0.00399	 -0.44551	  0.10887	 -2.44254	 -2.44653	  0.45862	  2.31858	 -0.00178	  0.00043	  0.00183
5.9	     10.3	  0.00343	 -0.38582	   0.1255	 -2.45196	 -2.45539	  0.40572	  2.21291	 -0.00132	  0.00043	  0.00139
5.9	     10.5	  0.00328	 -0.33017	  0.17601	 -2.46561	 -2.46889	  0.37415	   2.0844	 -0.00108	  0.00058	  0.00123
5.9	     10.7	  0.00321	 -0.26213	  0.24482	 -2.48563	 -2.48884	  0.35868	  2.01971	 -0.00084	  0.00079	  0.00115
5.9	     10.9	  0.00333	 -0.17671	  0.32337	 -2.51337	  -2.5167	   0.3685	  2.03921	 -0.00059	  0.00108	  0.00123
5.9	     11.1	  0.00345	 -0.07289	  0.40047	 -2.55013	 -2.55358	  0.40705	   2.2123	 -0.00025	  0.00138	   0.0014
5.9	     11.3	  0.00317	  -0.0203	  0.44058	 -2.59694	 -2.60011	  0.44104	  2.50164	   -6e-05	   0.0014	   0.0014
5.9	     11.5	  0.00337	  0.03576	  0.49399	 -2.65309	 -2.65646	  0.49528	  2.72245	  0.00012	  0.00167	  0.00167
5.9	     11.7	  0.00374	  0.11673	  0.52762	 -2.71858	 -2.72232	  0.54038	  2.82027	  0.00044	  0.00197	  0.00202
5.9	     11.9	  0.02691	 -0.03199	   0.0098	 -2.77001	 -2.79692	  0.03346	  0.06512	 -0.00086	  0.00026	   0.0009
5.9	     12.1	  0.11646	 -0.11358	 -0.09923	 -2.76258	 -2.87904	  0.15082	   0.1411	 -0.01323	 -0.01156	  0.01756
5.9	     12.3	  0.20211	 -0.11086	 -0.13116	 -2.76499	  -2.9671	  0.17174	  0.12197	 -0.02241	 -0.02651	  0.03471
5.9	     12.5	   0.2994	  0.06903	 -0.13605	 -2.75984	 -3.05924	  0.15256	  0.08902	  0.02067	 -0.04073	  0.04568
5.9	     12.7	  0.39799	  0.34969	 -0.04148	 -2.75539	 -3.15338	  0.35214	  0.17822	  0.13917	 -0.01651	  0.14015

6.1	      0.1	  0.00288	  0.18501	   0.0058	  0.18853	 0.185648	   0.1851	   1.1006	  0.00053	    2e-05	  0.00053
6.1	      0.3	  0.00194	  0.13486	   0.3918	  0.11664	 0.114695	  0.41436	  3.00134	  0.00026	  0.00076	  0.00081
6.1	      0.5	  0.00239	  0.17297	  0.47639	  0.03804	 0.035649	  0.50682	  3.31251	  0.00041	  0.00114	  0.00121
6.1	      0.7	   0.0029	  0.22452	   0.5495	 -0.04717	-0.050065	  0.59359	  3.52113	  0.00065	  0.00159	  0.00172
6.1	      0.9	  0.00333	  0.27281	  0.60784	 -0.13736	-0.140689	  0.66625	  3.68586	  0.00091	  0.00202	  0.00222
6.1	      1.1	  0.00377	  0.29773	   0.6596	 -0.23046	-0.234229	  0.72368	  3.76444	  0.00112	  0.00248	  0.00273
6.1	      1.3	  0.00424	  0.31144	  0.70132	  -0.3243	-0.328544	  0.76736	  3.76113	  0.00132	  0.00298	  0.00326
6.1	      1.5	  0.00479	  0.31308	  0.73718	 -0.41666	-0.421456	  0.80091	   3.6943	   0.0015	  0.00353	  0.00384
6.1	      1.7	  0.00541	  0.30259	  0.76671	 -0.50544	-0.510856	  0.82426	  3.57664	  0.00164	  0.00415	  0.00446
6.1	      1.9	  0.00615	  0.27629	  0.79139	 -0.58866	-0.594808	  0.83823	  3.41184	   0.0017	  0.00487	  0.00516
6.1	      2.1	  0.00702	  0.23211	  0.80583	 -0.66462	-0.671643	  0.83859	   3.1946	  0.00163	  0.00566	  0.00589
6.1	      2.3	  0.00851	  0.16129	  0.82343	 -0.73153	-0.740043	  0.83907	  2.90319	  0.00137	  0.00701	  0.00714
6.1	      2.5	  0.01121	   0.0777	  0.86587	 -0.78789	-0.799103	  0.86935	  2.62117	  0.00087	  0.00971	  0.00975
6.1	      2.7	  0.01426	 -0.01651	  0.91582	 -0.83412	-0.848379	  0.91597	  2.44883	 -0.00024	  0.01306	  0.01306
6.1	      2.9	  0.01666	 -0.13553	  0.91045	 -0.87124	-0.887904	  0.92048	  2.27694	 -0.00226	  0.01517	  0.01533
6.1	      3.1	  0.01778	 -0.26777	  0.86612	 -0.90042	-0.918196	  0.90657	  2.17072	 -0.00476	   0.0154	  0.01612
6.1	      3.3	  0.01723	 -0.37657	  0.77285	   -0.923	-0.940221	  0.85971	  2.09138	 -0.00649	  0.01331	  0.01481
6.1	      3.5	  0.01514	 -0.48648	    0.633	 -0.94022	-0.955355	  0.79834	   2.0718	 -0.00736	  0.00958	  0.01208
6.1	      3.7	  0.01182	 -0.52933	   0.4642	 -0.95349	-0.965311	  0.70404	  2.06724	 -0.00626	  0.00549	  0.00832
6.1	      3.9	  0.00813	 -0.51332	  0.29199	 -0.96393	-0.972057	  0.59055	  2.09105	 -0.00417	  0.00237	   0.0048
6.1	      4.1	   0.0048	 -0.44519	   0.1727	 -0.97292	 -0.97772	  0.47751	   2.2009	 -0.00214	  0.00083	  0.00229
6.1	      4.3	  0.00342	 -0.37983	  0.13785	 -0.98105	-0.984477	  0.40407	  2.20488	  -0.0013	  0.00047	  0.00138
6.1	      4.5	  0.00304	 -0.32874	   0.1567	 -0.99141	-0.994455	  0.36418	  2.10776	   -0.001	  0.00048	  0.00111
6.1	      4.7	  0.00286	 -0.27122	  0.20186	 -1.00676	 -1.00962	   0.3381	  2.01995	 -0.00077	  0.00058	  0.00097
6.1	      4.9	  0.00294	 -0.20795	  0.26412	 -1.02874	 -1.03168	  0.33616	  1.97839	 -0.00061	  0.00078	  0.00099
6.1	      5.1	  0.00328	 -0.13278	  0.34365	 -1.05874	 -1.06202	  0.36841	  2.05236	 -0.00044	  0.00113	  0.00121
6.1	      5.3	  0.00329	 -0.04069	  0.41004	  -1.0983	 -1.10159	  0.41205	  2.29389	 -0.00013	  0.00135	  0.00136
6.1	      5.5	  0.00318	 -0.01027	  0.45274	 -1.14774	 -1.15092	  0.45286	  2.56313	   -3e-05	  0.00144	  0.00144
6.1	      5.7	  0.00345	    0.053	  0.50923	 -1.20658	 -1.21003	  0.51198	   2.7836	  0.00018	  0.00176	  0.00177
6.1	      5.9	  0.00374	  0.12723	  0.57011	 -1.27473	 -1.27847	  0.58413	  3.04986	  0.00048	  0.00213	  0.00218
6.1	      6.1	  0.00406	  0.19909	   0.6298	 -1.35129	 -1.35535	  0.66052	  3.31005	  0.00081	  0.00256	  0.00268
6.1	      6.3	  0.00427	  0.25899	  0.67561	 -1.43506	 -1.43933	  0.72355	  3.53514	  0.00111	  0.00288	  0.00309
6.1	      6.5	  0.00448	  0.30228	  0.71201	 -1.52427	 -1.52875	  0.77352	   3.6899	  0.00135	  0.00319	  0.00347
6.1	      6.7	  0.00473	  0.32206	  0.74563	 -1.61695	 -1.62168	  0.81221	   3.7697	  0.00152	  0.00353	  0.00384
6.1	      6.9	  0.00507	   0.3301	  0.77501	 -1.71092	 -1.71599	  0.84238	  3.77832	  0.00167	  0.00393	  0.00427
6.1	      7.1	  0.00552	  0.32876	  0.80069	 -1.80401	 -1.80953	  0.86556	  3.71875	  0.00182	  0.00442	  0.00478
6.1	      7.3	  0.00607	  0.31613	  0.82307	 -1.89406	 -1.90013	   0.8817	  3.61173	  0.00192	    0.005	  0.00536
6.1	      7.5	  0.00675	  0.28808	  0.84175	 -1.97906	 -1.98581	  0.88968	  3.45779	  0.00194	  0.00568	    0.006
6.1	      7.7	  0.00759	  0.24245	  0.85297	 -2.05723	 -2.06482	  0.88676	  3.24968	  0.00184	  0.00647	  0.00673
6.1	      7.9	  0.00909	  0.17148	  0.86924	 -2.12664	 -2.13573	    0.886	  2.96642	  0.00156	   0.0079	  0.00806
6.1	      8.1	  0.01182	  0.08442	  0.91424	 -2.18569	 -2.19751	  0.91813	  2.69659	    0.001	   0.0108	  0.01085
6.1	      8.3	  0.01521	 -0.00557	  0.97813	 -2.23438	 -2.24959	  0.97815	  2.53259	   -8e-05	  0.01487	  0.01487
6.1	      8.5	  0.01782	 -0.11971	  0.98929	 -2.27403	 -2.29185	  0.99651	  2.38369	 -0.00213	  0.01762	  0.01775
6.1	      8.7	  0.01971	 -0.24521	  0.95899	 -2.30498	 -2.32469	  0.98984	  2.25122	 -0.00483	   0.0189	  0.01951
6.1	      8.9	  0.01984	 -0.36718	   0.8837	  -2.3291	 -2.34894	  0.95694	  2.16893	 -0.00729	  0.01754	  0.01899
6.1	      9.1	  0.01824	 -0.47069	  0.76084	 -2.34763	 -2.36587	  0.89467	  2.11497	 -0.00859	  0.01388	  0.01632
6.1	      9.3	  0.01506	 -0.54443	  0.59747	 -2.36205	 -2.37711	  0.80832	  2.10316	  -0.0082	    0.009	  0.01217
6.1	      9.5	  0.01113	  -0.5467	  0.41996	 -2.37343	 -2.38456	  0.68939	   2.0866	 -0.00608	  0.00467	  0.00767
6.1	      9.7	  0.00728	 -0.51057	  0.25776	 -2.38303	 -2.39031	  0.57194	  2.14013	 -0.00372	  0.00188	  0.00416
6.1	      9.9	  0.00404	 -0.40928	  0.17062	 -2.39249	 -2.39653	  0.44342	  2.22705	 -0.00165	  0.00069	  0.00179
6.1	     10.1	  0.00348	 -0.36109	  0.16156	 -2.40191	 -2.40539	  0.39559	  2.14061	 -0.00126	  0.00056	  0.00138
6.1	     10.3	  0.00303	 -0.29556	  0.19845	 -2.41586	 -2.41889	    0.356	  2.06527	  -0.0009	   0.0006	  0.00108
6.1	     10.5	  0.00304	 -0.23227	  0.25414	  -2.4358	 -2.43884	  0.34429	  1.99511	 -0.00071	  0.00077	  0.00105
6.1	     10.7	   0.0032	 -0.15802	  0.32401	  -2.4635	  -2.4667	  0.36049	  2.03317	 -0.00051	  0.00104	  0.00116
6.1	     10.9	  0.00341	 -0.07094	  0.40085	 -2.50017	 -2.50358	  0.40708	  2.22489	 -0.00024	  0.00137	  0.00139
6.1	     11.1	  0.00309	 -0.02155	  0.43595	 -2.54702	 -2.55011	  0.43648	   2.5057	   -7e-05	  0.00135	  0.00135
6.1	     11.3	  0.00333	  0.03748	  0.48895	 -2.60313	 -2.60646	  0.49038	  2.71345	  0.00012	  0.00163	  0.00163
6.1	     11.5	  0.00369	  0.10872	  0.56066	 -2.66863	 -2.67232	   0.5711	  3.00047	   0.0004	  0.00207	  0.00211
6.1	     11.7	  0.00456	  0.22757	  0.44077	 -2.74236	 -2.74692	  0.49605	  2.34629	  0.00104	  0.00201	  0.00226
6.1	     11.9	  0.06708	 -0.03165	 -0.08349	 -2.76196	 -2.82904	  0.08929	  0.11007	 -0.00212	  -0.0056	  0.00599
6.1	     12.1	  0.15663	 -0.05073	  -0.1178	 -2.76047	  -2.9171	  0.12826	  0.10347	 -0.00795	 -0.01845	  0.02009
6.1	     12.3	  0.24682	 -0.04888	 -0.14116	 -2.76242	 -3.00924	  0.14938	    0.096	 -0.01207	 -0.03484	  0.03687
6.1	     12.5	  0.34684	  0.04254	 -0.13741	 -2.75654	 -3.10338	  0.14384	  0.07798	  0.01475	 -0.04766	  0.04989
6.1	     12.7	   0.4447	  0.17759	 -0.04289	 -2.75266	 -3.19736	   0.1827	  0.08747	  0.07898	 -0.01907	  0.08125

6.3	      0.1	  0.00675	  0.05348	  0.01914	  0.17144	 0.164695	   0.0568	  0.22075	  0.00036	  0.00013	  0.00038
6.3	      0.3	  0.00347	  0.02123	  0.54691	  0.08912	 0.085649	  0.54732	  2.96672	    7e-05	   0.0019	   0.0019
6.3	      0.5	  0.00408	   0.0184	  0.66334	  0.00401	 -6.5e-05	   0.6636	  3.31773	    8e-05	  0.00271	  0.00271
6.3	      0.7	    0.005	  0.02413	  0.75785	 -0.08569	-0.090689	  0.75823	  3.42417	  0.00012	  0.00379	  0.00379
6.3	      0.9	  0.00613	  0.03311	  0.84923	  -0.1781	-0.184229	  0.84987	    3.465	   0.0002	  0.00521	  0.00521
6.3	      1.1	  0.00743	  0.04108	  0.93049	 -0.27111	-0.278544	  0.93139	  3.44878	  0.00031	  0.00692	  0.00692
6.3	      1.3	  0.00889	  0.04673	  1.00126	 -0.36257	-0.371456	  1.00235	  3.39497	  0.00042	   0.0089	  0.00891
6.3	      1.5	  0.01048	  0.04978	  1.06164	 -0.45037	-0.460856	  1.06281	  3.31451	  0.00052	  0.01113	  0.01114
6.3	      1.7	  0.01222	  0.05068	  1.10648	 -0.53259	-0.544808	  1.10764	  3.19918	  0.00062	  0.01352	  0.01353
6.3	      1.9	  0.01412	  0.04962	  1.14052	 -0.60753	-0.621643	   1.1416	  3.06784	   0.0007	   0.0161	  0.01611
6.3	      2.1	  0.01613	   0.0458	  1.14932	 -0.67391	-0.690043	  1.15023	  2.89166	  0.00074	  0.01854	  0.01855
6.3	      2.3	   0.0184	  0.03312	  1.16093	  -0.7307	-0.749103	   1.1614	  2.73356	  0.00061	  0.02136	  0.02137
6.3	      2.5	  0.01843	  0.00904	  1.13734	 -0.77995	-0.798379	  1.13737	  2.67467	  0.00017	  0.02096	  0.02097
6.3	      2.7	  0.01803	 -0.01649	    1.076	 -0.81988	-0.837904	  1.07613	    2.559	  -0.0003	   0.0194	   0.0194
6.3	      2.9	  0.01707	 -0.03209	  0.97869	 -0.85112	-0.868196	  0.97921	  2.39271	 -0.00055	  0.01671	  0.01672
6.3	      3.1	  0.01582	 -0.03742	  0.85338	  -0.8744	-0.890221	   0.8542	  2.16839	 -0.00059	   0.0135	  0.01351
6.3	      3.3	  0.01417	 -0.03217	  0.71028	 -0.89118	-0.905355	  0.71101	  1.90683	 -0.00046	  0.01007	  0.01008
6.3	      3.5	  0.01249	 -0.02694	  0.55976	 -0.90282	-0.915311	  0.56041	  1.60108	 -0.00034	  0.00699	    0.007
6.3	      3.7	   0.0107	  -0.0239	  0.43018	 -0.91136	-0.922057	  0.43084	  1.32975	 -0.00026	   0.0046	  0.00461
6.3	      3.9	  0.00862	 -0.02062	   0.3339	  -0.9191	 -0.92772	  0.33454	  1.15056	 -0.00018	  0.00288	  0.00288
6.3	      4.1	  0.00648	 -0.01634	  0.28441	 -0.92799	-0.934477	  0.28488	  1.12957	 -0.00011	  0.00184	  0.00185
6.3	      4.3	  0.00524	 -0.01236	  0.27944	 -0.93922	-0.944455	  0.27971	  1.23392	   -6e-05	  0.00146	  0.00147
6.3	      4.5	  0.00427	 -0.00892	  0.29896	 -0.95535	-0.959619	  0.29909	  1.46157	   -4e-05	  0.00128	  0.00128
6.3	      4.7	  0.00379	 -0.00687	  0.33109	  -0.9779	-0.981683	  0.33116	  1.71797	   -3e-05	  0.00125	  0.00125
6.3	      4.9	  0.00353	 -0.00564	  0.37192	 -1.00849	 -1.01202	  0.37196	  1.99755	   -2e-05	  0.00131	  0.00131
6.3	      5.1	  0.00337	 -0.00484	  0.41576	 -1.04822	 -1.05159	  0.41579	  2.28838	   -2e-05	   0.0014	   0.0014
6.3	      5.3	  0.00364	 -0.00362	  0.47801	 -1.09728	 -1.10092	  0.47802	  2.53114	   -1e-05	  0.00174	  0.00174
6.3	      5.5	  0.00433	  0.00242	  0.56446	  -1.1557	 -1.16003	  0.56447	  2.73731	    1e-05	  0.00245	  0.00245
6.3	      5.7	  0.00513	  0.00899	  0.66246	 -1.22334	 -1.22847	  0.66252	  2.95406	    5e-05	   0.0034	   0.0034
6.3	      5.9	  0.00598	  0.01672	  0.76238	 -1.29937	 -1.30535	  0.76256	  3.14724	   0.0001	  0.00456	  0.00456
6.3	      6.1	  0.00693	  0.02559	  0.85885	  -1.3824	 -1.38933	  0.85923	  3.29636	  0.00018	  0.00595	  0.00595
6.3	      6.3	  0.00803	  0.03506	  0.95006	 -1.47072	 -1.47875	   0.9507	  3.38664	  0.00028	  0.00763	  0.00764
6.3	      6.5	  0.00931	  0.04436	  1.03668	 -1.56237	 -1.57168	  1.03763	  3.43392	  0.00041	  0.00965	  0.00966
6.3	      6.7	  0.01072	  0.04985	  1.11482	 -1.65527	 -1.66599	  1.11593	   3.4412	  0.00053	  0.01195	  0.01196
6.3	      6.9	  0.01226	  0.05321	  1.17907	 -1.74727	 -1.75953	  1.18027	   3.4033	  0.00065	  0.01446	  0.01447
6.3	      7.1	  0.01392	  0.05394	   1.2337	 -1.83621	 -1.85013	  1.23488	   3.3415	  0.00075	  0.01718	  0.01719
6.3	      7.3	  0.01572	   0.0535	  1.27252	 -1.92009	 -1.93581	  1.27364	  3.24373	  0.00084	     0.02	  0.02002
6.3	      7.5	  0.01767	  0.05177	  1.30143	 -1.99715	 -2.01482	  1.30246	  3.12836	  0.00091	    0.023	  0.02301
6.3	      7.7	  0.01972	  0.04711	  1.30572	 -2.06601	 -2.08573	  1.30657	  2.97057	  0.00093	  0.02575	  0.02577
6.3	      7.9	  0.02197	  0.03481	  1.31084	 -2.12554	 -2.14751	   1.3113	  2.82435	  0.00076	   0.0288	  0.02881
6.3	      8.1	  0.02214	  0.01152	  1.28937	 -2.17745	 -2.19959	  1.28943	  2.76706	  0.00025	  0.02854	  0.02854
6.3	      8.3	  0.02166	  -0.0146	  1.23158	 -2.22019	 -2.24185	  1.23167	  2.67184	 -0.00032	  0.02668	  0.02668
6.3	      8.5	   0.0206	 -0.03215	  1.13727	 -2.25409	 -2.27469	  1.13773	  2.53109	 -0.00066	  0.02342	  0.02343
6.3	      8.7	  0.01914	 -0.04295	  1.01273	  -2.2798	 -2.29894	  1.01364	  2.33932	 -0.00082	  0.01938	   0.0194
6.3	      8.9	  0.01703	 -0.03731	  0.86416	 -2.29884	 -2.31587	  0.86496	  2.11602	 -0.00064	  0.01472	  0.01473
6.3	      9.1	  0.01511	 -0.03133	  0.70186	   -2.312	 -2.32711	  0.70256	  1.82475	 -0.00047	  0.01061	  0.01062
6.3	      9.3	  0.01313	 -0.02787	   0.5446	 -2.32143	 -2.33456	  0.54532	   1.5194	 -0.00037	  0.00715	  0.00716
6.3	      9.5	   0.0108	 -0.02445	  0.42222	 -2.32951	 -2.34031	  0.42293	  1.29946	 -0.00026	  0.00456	  0.00457
6.3	      9.7	  0.00837	 -0.02042	  0.33944	 -2.33816	 -2.34653	  0.34006	  1.18643	 -0.00017	  0.00284	  0.00285
6.3	      9.9	  0.00626	 -0.01545	  0.31202	 -2.34913	 -2.35539	  0.31241	  1.26048	  -0.0001	  0.00195	  0.00196
6.3	     10.1	  0.00507	 -0.01133	  0.31747	 -2.36382	 -2.36889	  0.31767	  1.42397	   -6e-05	  0.00161	  0.00161
6.3	     10.3	  0.00423	 -0.00825	  0.34044	 -2.38461	 -2.38884	  0.34054	  1.67098	   -3e-05	  0.00144	  0.00144
6.3	     10.5	  0.00382	 -0.00651	  0.37464	 -2.41288	  -2.4167	   0.3747	  1.93576	   -2e-05	  0.00143	  0.00143
6.3	     10.7	  0.00353	 -0.00518	  0.41335	 -2.45005	 -2.45358	  0.41338	  2.22183	   -2e-05	  0.00146	  0.00146
6.3	     10.9	  0.00364	 -0.00623	  0.46728	 -2.49647	 -2.50011	  0.46732	  2.47133	   -2e-05	   0.0017	   0.0017
6.3	     11.1	  0.00431	  0.00112	  0.54904	 -2.55215	 -2.55646	  0.54904	   2.6711	        0	  0.00236	  0.00236
6.3	     11.3	  0.00506	  0.00709	  0.64481	 -2.61726	 -2.62232	  0.64485	  2.89567	    4e-05	  0.00326	  0.00326
6.3	     11.5	  0.00601	  0.01438	  0.76578	 -2.69091	 -2.69692	  0.76591	   3.1541	    9e-05	   0.0046	   0.0046
6.3	     11.7	  0.01342	  0.03477	  0.44892	 -2.76562	 -2.77904	  0.45026	  1.24088	  0.00047	  0.00603	  0.00604
6.3	     11.9	  0.10506	 -0.00683	 -0.02117	 -2.76204	  -2.8671	  0.02224	  0.02191	 -0.00072	 -0.00222	  0.00234
6.3	     12.1	  0.19951	 -0.01031	 -0.07511	 -2.75973	 -2.95924	  0.07581	  0.05419	 -0.00206	 -0.01498	  0.01512
6.3	     12.3	  0.29197	 -0.00986	 -0.10647	 -2.76141	 -3.05338	  0.10693	  0.06318	 -0.00288	 -0.03109	  0.03122
6.3	     12.5	  0.39148	   0.0105	 -0.10342	 -2.75588	 -3.14736	  0.10395	  0.05305	  0.00411	 -0.04049	   0.0407
6.3	     12.7	  0.48547	  0.03856	 -0.03279	 -2.75353	   -3.239	  0.05061	  0.02319	  0.01872	 -0.01592	  0.02457



